company_name,official_url,domain,contact_email,contact_form_url,contact_type,rank,sources,evidence_url,flag_freemail,flag_domain_mismatch
（株）アーテック,https://www.artec-kk.co.jp/,artec-kk.co.jp,assist-tokyo@artec-kk.co.jp,https://www.artec-kk.co.jp/contact/,none,A,tigs101;tigs101_v2;lifestyle_880021;lifestyle_880026,https://www.artec-kk.co.jp/,,
アーネスト（株）,https://www.ar-nest.co.jp/,ar-nest.co.jp,arnest@ar-nest.co.jp,https://www.ar-nest.co.jp/contact/,email,A,tigs101,,,
（株）アームカンパニー,https://www.ahmcompany.com/,ahmcompany.com,,https://www.ahmcompany.com/find-us,none,B,tigs101;tigs101_v2,,,
（株）RKT（東京・上海）,https://rktjh.jp/,rktjh.jp,info@domain.com,https://rktjh.jp/contact/,none,A,tigs101;tigs101_v2,https://rktjh.jp/,,1
RGC（株）,https://finance.yahoo.co.jp/quote/RGC,finance.yahoo.co.jp,,https://finance.yahoo.co.jp/search/,none,B,tigs101;tigs101_v2;fgs2025,,,
R Brass（アールブラス）,https://www.rbrass.com/,rbrass.com,info@rbrass.com,,none,A,tigs101;tigs101_v2,https://www.rbrass.com/,,
（株）アイアップ,https://www.eyeup.co.jp/,eyeup.co.jp,support@eyeup.co.jp,https://www.eyeup.co.jp/,email,A,tigs101;omotenashi,,,
アイ・エス,https://www.kk-is.co.jp/,kk-is.co.jp,,https://www.kk-is.co.jp/contact.html,none,B,tigs101;tigs101_v2,,,
相川製茶舗,https://aikawaseichaho.com/,aikawaseichaho.com,aikawa@crocus.ocn.ne.jp,,email,A,tigs101,,,1
IZ EARTH,https://www.iz-earth.com/,iz-earth.com,iz-earth@owanya.com,,email,A,tigs101;dainipponichi,,,1
アイズ-ブロッカー,https://www.aizu-rv.co.jp/aizufr/haab?srsltid=AfmBOoo1-BaGdlTmRSTzq_JhW0EaSha8XYemCGr_H6dMRWrq0LAE6TZJ,aizu-rv.co.jp,,https://www.aizu-rv.co.jp/aizufr/inquiryadd,form,B,tigs101,,,
会津本郷焼,https://aizuhongouyaki.jp/,aizuhongouyaki.jp,info@tesoro-cakera.com,https://aizuhongouyaki.jp/,none,A,tigs101;tigs101_v2,https://aizuhongouyaki.jp/,,1
（株）アイトー,https://aito.co.jp/,aito.co.jp,,https://aito.co.jp/contact/,none,B,tigs101;tigs101_v2,,,
（株）Aina,https://ai-na.co.jp/,ai-na.co.jp,info@ai-na.co.jp,https://ai-na.co.jp/contact.php,none,A,tigs101;tigs101_v2,https://ai-na.co.jp/,,
ib／イチネンビューティー,https://nexpla1s.ichinen-mfg.co.jp/assets/img/new-article/pdf/2025/251001_2.pdf,nexpla1s.ichinen-mfg.co.jp,,,none,none,tigs101;tigs101_v2,,,
（株）アイピーオー,https://iponet.jp/,iponet.jp,,https://iponet.jp/contact,none,B,tigs101;tigs101_v2,,,
（株）アイビーコーポレーション,https://ib-reform.co.jp/,ib-reform.co.jp,,https://ib-reform.co.jp/contact/,none,B,tigs101;tigs101_v2,,,
（株）iBroom／やまじ農園（明和町商工会）,https://ibroom-mie.com/,ibroom-mie.com,,https://ibroom-mie.com/contact/,none,B,tigs101;tigs101_v2,,,
Airi Museum Jewelry,https://anrimuseum.base.shop/,anrimuseum.base.shop,,https://thebase.com/inquiry/anrimuseum-base-shop,form,B,tigs101,,,
アウトプットライフ,https://outputlife.co.jp/,outputlife.co.jp,,https://outputlife.co.jp/#contact,none,B,tigs101;tigs101_v2,,,
蒼島,https://aoishima.jp/,aoishima.jp,mail@domain.com,https://aoishima.jp/#contact-form,none,A,tigs101;tigs101_v2,https://aoishima.jp/,,1
アオイロファブリック（株）,https://aofab.jp/,aofab.jp,info@aofab.jp,https://aofab.jp/contact/#wpcf7-f11-o1,none,A,tigs101;tigs101_v2,https://aofab.jp/,,
（株）あおぞら,https://www.aozora-rpf.com/,aozora-rpf.com,info@aozora-rpf.com,https://www.aozora-rpf.com/inquiry,none,A,tigs101;tigs101_v2,https://www.aozora-rpf.com/,,
（株）青戸金属,https://www.aoto-kinzoku.co.jp/,aoto-kinzoku.co.jp,,https://www.aoto-kinzoku.co.jp/contact.html,none,B,tigs101;tigs101_v2,,,
（株）アオバ,https://www.aoba.asia/,aoba.asia,iruma@aoba.asia,https://www.aoba.asia/contact/,none,A,tigs101;tigs101_v2,https://www.aoba.asia/,,
（株）青山,https://www.aoyama-co.com/,aoyama-co.com,info@mail.jp,https://www.aoyama-co.com/contact/,none,A,tigs101;tigs101_v2,https://www.aoyama-co.com/,,1
akaaka,https://beauty.hotpepper.jp/slnH000435116/,beauty.hotpepper.jp,,https://beauty.hotpepper.jp/CSP/publicationInquiry/?wak=BPCO100001_link_sentel_footer,none,B,tigs101;tigs101_v2,,,
（有）赤塚製作所,https://www.akatsuka-factory.co.jp/,akatsuka-factory.co.jp,info@akatsuka-factory.co.jp,https://www.akatsuka-factory.co.jp/inquiry.html,none,A,tigs101;tigs101_v2,https://www.akatsuka-factory.co.jp/,,
（一社）阿寒アイヌコンサルン,https://a-ainucon.com/,a-ainucon.com,,https://a-ainucon.com/contact/,none,B,tigs101;tigs101_v2,,,
AKITSUKI (siki furniture),https://search.rakuten.co.jp/search/mall/%E7%A7%8B%E6%9C%88%E8%B2%BF%E6%98%93/,search.rakuten.co.jp,,https://search.rakuten.co.jp/search/mall/,none,B,tigs101;tigs101_v2,,,
秋月貿易（株）,https://www.akitzuki.co.jp/,akitzuki.co.jp,lxwcjlc@jtrcidtr.lx.sy,https://www.akitzuki.co.jp/shop/shopbrand.html,none,A,tigs101;tigs101_v2,https://www.akitzuki.co.jp/,,1
（株）アクセソワール Sakura彩,https://hands.net/search/?category=101001006&q=%E3%81%8B%E3%82%93%E3%81%96%E3%81%97&srsltid=AfmBOop6tSux7UTd6rp7OvpBUg0JO2q1YKyEyxQ3y4tdPXCjcQX-yaxK,hands.net,,https://hands.net/guide/inquiry,none,B,tigs101;tigs101_v2;lifestyle_880021,,,
（株）アクセル,https://www.axcell-inc.jp/,axcell-inc.jp,info@axcell.info,https://www.axcell-inc.jp/inquiry/,none,A,tigs101;tigs101_v2,https://www.axcell-inc.jp/,,1
（有）ACCENT,https://www.kwm.co.jp/case/accent/,kwm.co.jp,,https://www.kwm.co.jp/contact/,none,B,tigs101;tigs101_v2,,,
（株）アクティブコーポレーション,https://www.active-corporation.com/,active-corporation.com,,https://secure.mut.co.jp/contact-active/,none,B,tigs101;tigs101_v2,,,
（株）ACT,https://www.hatomarksite.com/search/zentaku/agent/00073303600,hatomarksite.com,,https://www.hatomarksite.com/search/zentaku/agent/00073303600/bukken/rent/biz/office,none,B,tigs101;tigs101_v2,,,
（株）アクトメント,https://www.actment.co.jp/,actment.co.jp,mdmus@actment.co.jp,https://www.actment.co.jp/publics/search,none,A,tigs101;tigs101_v2,https://www.actment.co.jp/,,
アクリル LiL（リル）,https://acrylic-lil.com/,acrylic-lil.com,lil@tiarise.com,,email,A,tigs101,,,1
アクロスシーズ（株）,http://www.acrossseas.com/,acrossseas.com,acs@acrossseas.com,,none,A,tigs101;tigs101_v2,http://www.acrossseas.com/,,
（株）曙産業,https://www.akebono-sa.co.jp/,akebono-sa.co.jp,,https://www.akebono-sa.co.jp/contact,none,B,tigs101;tigs101_v2;lifestyle_880021;lifestyle_880026,,,
（株）アコーレ,http://www.accole.co.jp/,accole.co.jp,,http://green-sheep-4cf7ad9c3d80775f.znlc.jp/FS-APL/FS-Form/form.cgi?Code=accole-contact,none,B,tigs101;tigs101_v2,,,
（株）旭王,https://www.sensu-asao.com/,sensu-asao.com,info@sensu-asao.com,https://www.sensu-asao.com/,none,A,tigs101;tigs101_v2;oigs67,https://www.sensu-asao.com/,,
ASAKUSA革百貨店,https://www.asakusa-leatherdepartment.com/?srsltid=AfmBOorIvWwt10ULn38aKLqn2hrpxSFLCSGh2IXvgt3mdtJ8zojWuA6Q,asakusa-leatherdepartment.com,mailmail@domain.ne.jp,https://www.asakusa-leatherdepartment.com/ssl/slogin/,none,A,tigs101;tigs101_v2,https://www.asakusa-leatherdepartment.com/?srsltid=AfmBOorIvWwt10ULn38aKLqn2hrpxSFLCSGh2IXvgt3mdtJ8zojWuA6Q,,1
（有）浅田漆器工芸,https://asada-shikki.com/,asada-shikki.com,urushinoasada@gmail.com,https://asada-shikki.com/contact/,none,A,tigs101;tigs101_v2;twf2025;omotenashi;dainipponichi;ilt_direct,messe_frankfurt_exhibitor_api,1,
旭イノベーション（株）,https://asahi-innovation.com/,asahi-innovation.com,,https://asahi-innovation.com/contact/,none,B,tigs101;tigs101_v2,,,
紙以外にも印刷・加工できる／アサヒ印刷,https://asahiinsatsu.co.jp/gotoccha/,asahiinsatsu.co.jp,,https://asahiinsatsu.co.jp/contact/,none,B,tigs101;tigs101_v2,,,
（株）旭屋,https://www.asahiya-net.com/,asahiya-net.com,recruit@asahiya-net.com,https://www.asahiya-net.com/contact/,none,A,tigs101;tigs101_v2,https://www.asahiya-net.com/,,
アジア器材（株）,https://asiakizai.co.jp/,asiakizai.co.jp,,https://asiakizai.co.jp/contact,form,B,tigs101,,,
アジアクラフトリンク,https://www.acl.or.jp/,acl.or.jp,,https://www.acl.or.jp/contact/,none,B,tigs101;tigs101_v2,,,
AJI PROJECT,https://www.aji-project.jp/,aji-project.jp,info@aoishima.jp,,email,A,tigs101,,,1
味わい鍋,https://ajiwai-nabe.jp/?srsltid=AfmBOoqpwthDW2k8tyZrmRp8pA5Uo-aqUz_Rgiuh0qz50qaQdeClP7tH,ajiwai-nabe.jp,info@ajiwai-nabe.jp,https://ajiwai-nabe.jp/pages/contact,none,A,tigs101;tigs101_v2;dainipponichi,https://ajiwai-nabe.jp/?srsltid=AfmBOoqpwthDW2k8tyZrmRp8pA5Uo-aqUz_Rgiuh0qz50qaQdeClP7tH,,
安隨製作所,http://azui-ss.com/,azui-ss.com,info@azui-ss.com,,email,A,tigs101,,,
AS IT IS,https://as-it-is.jp/,as-it-is.jp,as-it-is@nakano-acl.co.jp,,email,A,tigs101,,,1
Azzurro Glass Studio／東近江市商工会,https://higashiomishi-shokokai.jp/wp-content/uploads/2019/08/kouhou34.pdf,higashiomishi-shokokai.jp,qh@k.rz,,none,A,tigs101;tigs101_v2,,,1
（有）アスク・イン,https://ask-in.net/,ask-in.net,info@ask-in.net,https://ask-in.net/contact,none,A,tigs101;tigs101_v2,https://ask-in.net/,,
アズテリ,https://www.giftnet.jp/result/?category=fashion&page=1,giftnet.jp,,,none,none,tigs101;tigs101_v2;fgs2025,,,
アセント,https://ascent-jp.com/,ascent-jp.com,,https://ascent-jp.com/contact/,none,B,tigs101;tigs101_v2,,,
（株）アソス,https://asos.co.jp/,asos.co.jp,,https://asos.co.jp/contact.html,none,B,tigs101;tigs101_v2,,,
ASOBU,https://plus-f-shop.com/collections/asobu,plus-f-shop.com,,https://plus-f-shop.com/pages/contact,form,B,tigs101,,,
"ADACHI CO.,LTD.",https://adachi-inc.co.jp/en/,adachi-inc.co.jp,,https://adachi-inc.co.jp/contact/,form,B,tigs101,,,
足立ブランド,https://adachi-brand.jp/,adachi-brand.jp,sangyo@city.adachi.tokyo.jp,https://adachi-brand.jp/blog/,email,A,tigs101;tigs101_v2,,,1
@OKUYAMATO NARA,https://okuyamatonara.com/,okuyamatonara.com,info@creazione.co.jp,https://okuyamatonara.com/contact/,email,A,tigs101,,,1
atRise ライズクリエイション,https://www.atrise.shop/,atrise.shop,info@atrise.shop,,email,A,tigs101,,,
（株）アテイン,http://attain-kasa.com/,attain-kasa.com,attain@mth.biglobe.ne.jp,,email,A,tigs101,,,1
アトソフィー,https://www.atsophy.com/?srsltid=AfmBOoo7N8F1xOMKlz_4ApGcVydHO9tEcIMdc-_JUiORlqyOVhLCmpB8,atsophy.com,info@atsophy.com,,email,A,tigs101,,,
（株）アトラス,https://www.atlus.co.jp/,atlus.co.jp,,,none,none,tigs101;tigs101_v2,,,
Atelier R,https://atelierr.handcrafted.jp/,atelierr.handcrafted.jp,,https://thebase.com/inquiry/atelierr-handcrafted-jp,form,B,tigs101,,,
アトリエiriser-イリゼ-,https://www.tif.ne.jp/hontabi/2022/autumn/info.html?info=31,tif.ne.jp,,https://www.google.com/search,none,B,tigs101;tigs101_v2,,,
アトリエきなこ ガーゼ服のkinako,https://www.kinako.gr.jp/,kinako.gr.jp,kinako@lime.ocn.ne.jp,,email,A,tigs101,,,1
アトリエシムラ,https://www.atelier-shimura.jp/?srsltid=AfmBOorEk7Vberj8lx6mFOeh-3G8cq8-3CduR8d2AIgsWgNTk_ztU25f,atelier-shimura.jp,info@ateliershimura.co,https://www.atelier-shimura.jp/pages/contact,none,A,tigs101;tigs101_v2,https://www.atelier-shimura.jp/?srsltid=AfmBOorEk7Vberj8lx6mFOeh-3G8cq8-3CduR8d2AIgsWgNTk_ztU25f,,1
アトリエ ヌイ,https://www.atelier-nuuit.com/,atelier-nuuit.com,,https://www.atelier-nuuit.com/contact.html,none,B,tigs101;tigs101_v2,,,
アトリエヒロ,http://at-hiro.jp/,at-hiro.jp,,http://at-hiro.jp/contact/,none,B,tigs101;tigs101_v2,,,
ATELIER MOKU,https://moku.info/?srsltid=AfmBOoq_c1jpEX8QXzFlWvo7lxujGWUsCNMLmTX7bnYIrhSO044JDS3W,moku.info,atelier_moku@ourse.jp,https://moku.info/localization,none,A,tigs101;tigs101_v2,https://moku.info/?srsltid=AfmBOoq_c1jpEX8QXzFlWvo7lxujGWUsCNMLmTX7bnYIrhSO044JDS3W,,1
（株）アビテ,https://www.habiter.co.jp/,habiter.co.jp,,,none,none,tigs101;tigs101_v2,,,
アピデ（株）,https://www.apides.co.jp/,apides.co.jp,g-syouhinbu@apds.jp,https://www.apides.co.jp/company_contact/company3_contact.html,none,A,tigs101;tigs101_v2;fgs2025,https://www.apides.co.jp/,,1
（株）アビリティバーン,http://www.abilityburn.co.jp/,abilityburn.co.jp,,http://www.abilityburn.co.jp/contact/,none,B,tigs101;tigs101_v2,,,
optou by pagos,https://pagoshat.com/optou/,pagoshat.com,,,none,none,tigs101;tigs101_v2,,,
（株）アプラス,https://www.aplus.co.jp/,aplus.co.jp,,https://www.aplus.co.jp/support/contact/index.html,none,B,tigs101;tigs101_v2;omotenashi,,,
（有）アフリカンスクエアー,https://www.african-sq.co.jp/,african-sq.co.jp,saitama@african-sq.co.jp,https://www.african-sq.co.jp/catalog/products/list.php,email,A,tigs101;ilt_direct;ilt_v2,,,
（株）アベイチ,https://abeichi.co.jp/,abeichi.co.jp,,https://abeichi.co.jp/contact/,none,B,tigs101;tigs101_v2,,,
（株）アペクト,http://www.appect.jp/,appect.jp,a.ozono@appect.jp,,email,A,tigs101,,,
AVECELLE／アベケル,https://item.rakuten.co.jp/kiitos-web/c/0000002385/,item.rakuten.co.jp,sawayaka@koyama-sangyo.co.jp,https://inquiry.my.rakuten.co.jp/shop/242598?ms=1810&l-id=shoptop_shopmenu_inquiry,form,A,tigs101;tigs101_v2,,,1
（同）アマイケ,https://amaike.hp.peraichi.com/profile/,amaike.hp.peraichi.com,,https://amaike.hp.peraichi.com/contact,none,B,tigs101;tigs101_v2;omotenashi,,,
天野漆器（株）,https://www.amanoshikki.com/,amanoshikki.com,,https://www.amanoshikki.com/contact/,form,B,tigs101,,,
amanoppo,https://amanoppo.com/?srsltid=AfmBOorEm6OxCzkVdXcXJi0PJ7GpfEbOj_CH5sciuvgtX-DwgAegokke,amanoppo.com,rwox@jvjwxyyx.sy,https://amanoppo.com/ssl/slogin/,none,A,tigs101;tigs101_v2,https://amanoppo.com/?srsltid=AfmBOorEm6OxCzkVdXcXJi0PJ7GpfEbOj_CH5sciuvgtX-DwgAegokke,,1
アミタ エムシーエフ（株）,https://amitamcf.co.jp/,amitamcf.co.jp,,https://amitamcf.co.jp/contact/,form,B,tigs101,,,
（株）アミナコレクション,https://www.amina-co.jp/,amina-co.jp,harekoromo@amina-co.jp,https://www.amina-co.jp/various_contact,none,A,tigs101;tigs101_v2;lifestyle_880026,https://www.amina-co.jp/,,
（株）アミューズ,https://www.amuse.co.jp/,amuse.co.jp,amuseir@amuse.co.jp,https://www.amuse.co.jp/contact/,email,A,tigs101,,,
（株）アミューズ（elio）,https://www.elio-animal.com/,elio-animal.com,elio2023.amuse@gmail.com,,email,A,tigs101;oigs67,,1,
（株）アミューズ（十人十和）,https://www.junintowa.com/,junintowa.com,junintowa@amuse.gr.jp,,email,A,tigs101;fgs2025,,,1
アムール・デ・フルール,https://amoureuxdesfleurs.com/,amoureuxdesfleurs.com,,https://amoureuxdesfleurs.com/contact/,none,B,tigs101;tigs101_v2,,,
（株）ＡＭＯＴ,https://www.amot.co.jp/,amot.co.jp,info@amot.co.jp,https://www.amot.co.jp/contact/,none,A,tigs101;tigs101_v2,https://www.amot.co.jp/,,
（株）アライヴ,https://alive-ins.co.jp/,alive-ins.co.jp,hayabusa@alive-ins.co.jp,https://alive-ins.co.jp/,none,A,tigs101;tigs101_v2,https://alive-ins.co.jp/,,
新井商店,https://arai-shoten-group.com/,arai-shoten-group.com,,https://arai-shoten-group.com/contact/,none,B,tigs101;tigs101_v2,,,
A la carte for baby & kids,https://openchat.line.me/jp/cover/7SuW2_EJOmhEB5kokYmzqO2ivwaV7tWwCYtPseO-nS5YkLM1qn36hrsNzy4,openchat.line.me,,https://openchat.line.me/jp/cover/7SuW2_EJOmhEB5kokYmzqO2ivwaV7tWwCYtPseO-nS5YkLM1qn36hrsNzy4,none,B,tigs101;tigs101_v2,,,
有田焼三光堂,https://www.arita-sankoudou.co.jp/,arita-sankoudou.co.jp,,https://www.arita-sankoudou.co.jp/_ga/FORM/contact.cgi,none,B,tigs101;tigs101_v2,,,
有田焼八右衛門窯（株）大慶,https://daikei-arita.com/,daikei-arita.com,info@daikei-arita.jp,,email,A,tigs101,,,1
（株）アルタ,https://www.aruaru.co.jp/,aruaru.co.jp,info@aruaru.co.jp,https://www.aruaru.co.jp/contact,email,A,tigs101;omotenashi,,,
アルタミラ,https://altamira.co.jp/,altamira.co.jp,webshop@altamira.co.jp,https://altamira.co.jp/,none,A,tigs101;tigs101_v2,https://altamira.co.jp/,,
ALrT．TOKYO,https://alrt.tokyo/,alrt.tokyo,info@alrt.tokyo,,email,A,tigs101,,,
アルナ,https://comic-alunna.com/,comic-alunna.com,,https://wwws.kadokawa.co.jp/support/contact/,none,B,tigs101;tigs101_v2,,,
アルファタカバ,https://www.takaba.com/,takaba.com,,https://www.takaba.com/contact/,form,B,tigs101;lifestyle_880021;lifestyle_880026,,,
アルファブランカ,https://www.a-blanca.co.jp/,a-blanca.co.jp,ab-kikaku@a-blanca.co.jp,https://www.a-blanca.co.jp/contact/,none,A,tigs101;tigs101_v2,https://www.a-blanca.co.jp/,,
ALBETTA-アルベッタ-,https://albetta.jp/,albetta.jp,albetta@mac1895.com,https://albetta.jp/contact/,none,A,tigs101;tigs101_v2,https://albetta.jp/,,1
アロエホーム,http://aloe-home.com/jp/,aloe-home.com,sales_005@aloe-home.com,,email,A,tigs101,,,
（株）アローン,https://140-041.co.jp/,140-041.co.jp,,https://140-041.co.jp/inquiry,none,B,tigs101;tigs101_v2,,,
（株）アンク,https://www.ank.co.jp/,ank.co.jp,,https://www.ank.co.jp/,none,B,tigs101;tigs101_v2,,,
anhsang+,https://www.anhsangplus.com/,anhsangplus.com,,https://thebase.com/inquiry/anhsangplus-fashionstore-jp,form,B,tigs101,,,
ANJOER／OSAKA KABAN,https://osaka-kaban.jp/blog/anjoer-01/,osaka-kaban.jp,info@osaka-kaban.jp,https://osaka-kaban.jp/blog/wp-comments-post.php,none,A,tigs101;tigs101_v2,https://osaka-kaban.jp/blog/anjoer-01/,,
（株）安心堂,https://anshindo.ink/,anshindo.ink,yuko@anshindo.ink,https://anshindo.ink/contact/,none,A,tigs101;tigs101_v2,https://anshindo.ink/,,
（同）ANDACTION,https://andaction.co.jp/,andaction.co.jp,,https://andaction.co.jp/contact/,none,B,tigs101;tigs101_v2,,,
アンデックス（株）,https://www.andex.co.jp/,andex.co.jp,,,none,none,tigs101;tigs101_v2,,,
アンデックスシューズプロダクト,https://www.andex-shoes-product.jp/,andex-shoes-product.jp,info@andex-shoes-product.jp,https://www.andex-shoes-product.jp/f/contact,none,A,tigs101;tigs101_v2,https://www.andex-shoes-product.jp/,,
九谷眉石窯,https://r.goope.jp/bisekigama/,r.goope.jp,,https://r.goope.jp/bisekigama/contact,none,B,tigs101;tigs101_v2;oigs67;omotenashi;minkougei_v3,,,
アンドゥ リール,https://db.netkeiba.com/horse/2023103752/,db.netkeiba.com,,https://db.netkeiba.com/,none,B,tigs101;tigs101_v2,,,
ANTGAUGE,https://www.antgauge.jp/,antgauge.jp,jwcpjdpn-fnk@rwncbkk.lxv,https://www.antgauge.jp/shop/shopbrand.html,none,A,tigs101;tigs101_v2,https://www.antgauge.jp/,,1
＆cocochi,https://www.cocochi-product.com/,cocochi-product.com,,https://www.cocochi-product.com/contact,none,B,tigs101;tigs101_v2,,,
（株）and zero,https://www.nikkei.com/compass/company/3aGuhEo2RW4688DbECAH98,nikkei.com,,https://www.nikkei.com/nkd/search/,none,B,tigs101;tigs101_v2,,,
（名）AndLee.Co,https://houjin.jp/c/7010403034174,houjin.jp,,https://houjin.jp/search,none,B,tigs101;tigs101_v2,,,
UNPLACE,https://unplace.jp/,unplace.jp,info@ah-inter.co.jp,,email,A,tigs101;ilt_direct,,,1
AMVEL UMBRELLA STORE,https://www.umbrella-store.net/?srsltid=AfmBOopOF-_GExlEGpqcIOgZy2g6iUwfFXN1b64jFkT952dl8fwJ5YrK,umbrella-store.net,,https://www.umbrella-store.net/pages/contact-us,none,B,tigs101;tigs101_v2,,,
EETY studio,https://ee-ty.com/,ee-ty.com,eetymail@gmail.com,https://ee-ty.com/contact,none,A,tigs101;tigs101_v2,https://ee-ty.com/,1,
（株）イーウーサポート,https://yiwusupport.co.jp/,yiwusupport.co.jp,info2@yiwusupport.com,,email,A,tigs101,,,1
イー・エフ・インターナショナル／エフィ,https://www.effie.co.jp/,effie.co.jp,saiyo@effie.co.jp,,email,A,tigs101,,,
EKO JAPAN（株）,https://eko-japan.co.jp/,eko-japan.co.jp,,https://eko-japan.co.jp/support/contact/,none,B,tigs101;tigs101_v2,,,
（株）E Core,https://e-core2006.co.jp/,e-core2006.co.jp,sales@e-core2006.co.jp,https://e-core2006.co.jp/contact/company/,none,A,tigs101;tigs101_v2,https://e-core2006.co.jp/,,
いいじゃん,https://www.uta-net.com/song/368538/,uta-net.com,,https://www.uta-net.com/contact/,none,B,tigs101;tigs101_v2,,,
E-TOO,https://e-too.jp/,e-too.jp,info@e-too.jp,https://e-too.jp/contact/,none,A,tigs101;tigs101_v2,https://e-too.jp/,,
EAT MY SOCKS,https://www.hove.jp/collections/eatmysocks,hove.jp,contact@hove.jp,https://www.hove.jp/pages/contact,form,A,tigs101;ilt_direct;ilt_v2,https://www.hove.jp/,,
（株）EP,https://eprobot24.com/,eprobot24.com,eprobot24info@epeng.co.jp,https://eprobot24.com/contact,none,A,tigs101;tigs101_v2,https://eprobot24.com/,,1
（株）iiもの本舗,https://iimonohonpo.com/,iimonohonpo.com,info@iimonohonpo.com,,email,A,tigs101,,,
井入農園,https://www.iiri-farm.jp/,iiri-farm.jp,y_iiri@icloud.com,,email,A,tigs101,,1,
家田紙工（株）,https://www.iedashikou.com/,iedashikou.com,info@iedashikou.com,https://www.google.co.jp/search,none,A,tigs101;tigs101_v2,https://www.iedashikou.com/,,
Yemetti,https://mag-preview.com/brand-yemetti/,mag-preview.com,info@mag-preview.com,https://mag-preview.com/contact,email,A,tigs101,,,
イエロー（株）,https://www.yellows.co.jp/,yellows.co.jp,,,none,none,tigs101;tigs101_v2;oigs67,,,
IONO 水田（株）,https://iono.jp/,iono.jp,mizuta@iono.jp,,email,A,tigs101,,,
（株）衣織,https://info.gbiz.go.jp/hojin/ichiran?hojinBango=6140001107205,info.gbiz.go.jp,,https://info.gbiz.go.jp/hojin/XmlDownload,none,B,tigs101;tigs101_v2;omotenashi;fgs2025,,,
（株) 五十嵐製紙,https://wagamiya.com/,wagamiya.com,,https://wagamiya.com/#wpcf7-f7-o1,none,B,tigs101;tigs101_v2,,,
育児工房,https://www.ikuji-kobo.jp/,ikuji-kobo.jp,daihyo@osakaya.gr.jp,https://www.ikuji-kobo.jp/contact.html,none,A,tigs101;tigs101_v2;ilt_direct,messe_frankfurt_exhibitor_api,,1
（株）イクス,https://www.iix.co.jp/,iix.co.jp,,https://www.iix.co.jp/contact/,none,B,tigs101;tigs101_v2,,,
（株）いけだ iroikoi,https://www.creema-springs.jp/owner_profile/25438,creema-springs.jp,nk-ike@p2272.nsk.ne.jp,,none,A,tigs101;tigs101_v2,https://www.creema-springs.jp/owner_profile/25438,,1
（株）池田工業社,https://www.yamaine-ikeda.co.jp/,yamaine-ikeda.co.jp,,https://www.yamaine-ikeda.co.jp/contact,none,B,tigs101;tigs101_v2,,,
石織商店,https://www.ishiori-shoten.com/,ishiori-shoten.com,,,none,none,tigs101;tigs101_v2,,,
（一社）石川県繊維協会,https://www.ita.or.jp/,ita.or.jp,tafric@ita.or.jp,https://www.ita.or.jp/form/,none,A,tigs101;tigs101_v2,https://www.ita.or.jp/,,
（有）石川漆宝堂,https://www.sippohdo.jp/,sippohdo.jp,,https://www.sippohdo.jp/contact/,none,B,tigs101;tigs101_v2;twf2025,,,
（株）イシグロ,https://www.ishiguro-gr.co.jp/,ishiguro-gr.co.jp,address@mail.jp,https://www.ishiguro-gr.co.jp/contact/,none,A,tigs101;tigs101_v2,https://www.ishiguro-gr.co.jp/,,1
（株）イシダ,http://www.ishida.co.jp/ww/jp/,ishida.co.jp,,http://www.ishida.co.jp/ww/jp/contact-us/,none,B,tigs101;tigs101_v2,,,
（株）イシワタ,https://www.ishiwata-corp.jp/,ishiwata-corp.jp,info@ishiwata-corp.jp,https://www.ishiwata-corp.jp/contact/,none,A,tigs101;tigs101_v2,https://www.ishiwata-corp.jp/,,
（株）井助商店,https://www.isuke.co.jp/?srsltid=AfmBOorj5D4_Hu1IT0gIr4iT_V-Qfm2hQ09AlCs5BJsY-kqiX-IZyhif,isuke.co.jp,shikki@isuke.co.jp,,email,A,tigs101,,,
（株）I.S.U.house上柳,https://www.isuhouse.com/,isuhouse.com,info@isuhouse.com,,email,A,tigs101,,,
（株）出雲木材市場,https://www.izumomokuzai.com/,izumomokuzai.com,,https://www.izumomokuzai.com/contact/,none,B,tigs101;tigs101_v2,,,
（公財）板橋区産業振興公社,https://itabashi-kohsha.com/,itabashi-kohsha.com,,,none,none,tigs101;tigs101_v2,,,
itiiti,https://www.itiitiitiiti.com/,itiitiitiiti.com,,,none,none,tigs101;tigs101_v2,,,
（株）イチーナ／ThinKniT,https://thinknit.com/,thinknit.com,ichina@ichina.co.jp,https://thinknit.com/contact/,none,A,tigs101;tigs101_v2,https://thinknit.com/,,1
（株）イチオリ,https://ichiori.com/,ichiori.com,,https://ichiori.com/contact.html,none,B,tigs101;tigs101_v2,,,
市川木工,https://forestview-ichikawa.jimdofree.com/,forestview-ichikawa.jimdofree.com,forestview-f@snow.ocn.ne.jp,https://forestview-ichikawa.jimdofree.com/%E3%81%8A%E5%95%8F%E3%81%84%E5%90%88%E3%82%8F%E3%81%9B/,none,A,tigs101;tigs101_v2,https://forestview-ichikawa.jimdofree.com/,,1
（株）一九堂印刷所,https://ichikudo.com/,ichikudo.com,saiyou@ichikudo.co.jp,https://ichikudo.com/contact?lang=ja,none,A,tigs101;tigs101_v2;dainipponichi,https://ichikudo.com/,,1
眠りの専門店 市田商店,https://www.ichida-kyoto.com/?srsltid=AfmBOooJwqTPfrCujXIwtVUa0wyKUif0FDknKkhu0j_Nw8uFbp2BRAmM,ichida-kyoto.com,,https://www.ichida-kyoto.com/view/page/contact,none,B,tigs101;tigs101_v2,,,
（株）市原,https://ichihara-1946.com/,ichihara-1946.com,mail@ichihara-1946.com,https://ichihara-1946.com/contact/,none,A,tigs101;tigs101_v2;ilt_direct,https://ichihara-1946.com/,,
1秒で履けるスニーカー LAQUN,https://mireyatokyo.com/?srsltid=AfmBOoopYuTveVQpipvjJpu5MhDFqqU0uiObEXEBiCLZfFLP0eSW6NLD,mireyatokyo.com,info@laqun.jp,https://mireyatokyo.com/pages/contact,none,A,tigs101;tigs101_v2;oigs67,https://mireyatokyo.com/?srsltid=AfmBOoopYuTveVQpipvjJpu5MhDFqqU0uiObEXEBiCLZfFLP0eSW6NLD,,1
（株）一杢,https://www.ichimoku.co.jp/company02/,ichimoku.co.jp,privacy@ichimoku.co.jp,,none,A,tigs101;tigs101_v2,https://www.ichimoku.co.jp/company02/,,
一龍木工（有）,https://moku-ichiryu.com/,moku-ichiryu.com,,,none,none,tigs101;tigs101_v2,,,
1684AZUMAMINE,https://1684.jp/,1684.jp,,,none,none,tigs101;tigs101_v2,,,
逸品社,https://ippinsha.jp/,ippinsha.jp,info@ippinsha.jp,https://ippinsha.jp/contact/,none,A,tigs101;tigs101_v2,https://ippinsha.jp/,,
ideaco,https://ideaco-store.com/?srsltid=AfmBOope9ntg7hDmYgL20yjZDWsxVywBiv4___ll0OKL4LkKtUqqNMcM,ideaco-store.com,store@ideaco-store.com,https://ideaco-store.com/pages/contact,none,A,tigs101;tigs101_v2,https://ideaco-store.com/?srsltid=AfmBOope9ntg7hDmYgL20yjZDWsxVywBiv4___ll0OKL4LkKtUqqNMcM,,
idea note,https://ideanote.base.shop/,ideanote.base.shop,,https://thebase.com/inquiry/ideanote-base-shop,form,B,tigs101,,,
伊と幸,https://kimono-itoko.co.jp/,kimono-itoko.co.jp,contact@kimono-itoko.co.jp,https://www.kimono-itoko.co.jp/inquiry,none,A,tigs101;tigs101_v2;omotenashi,https://kimono-itoko.co.jp/,,
itofumi,https://itofumi.jp/,itofumi.jp,,,none,none,tigs101;tigs101_v2,,,
いとぼし 五十星,https://www.itoboshi.com/,itoboshi.com,,https://www.itoboshi.com/contact-8,none,B,tigs101;tigs101_v2,,,
（同）いなかず商店／広川町商工会,https://www.hirosho.org/%E6%8E%A5%E7%9D%80%E5%89%A4%E4%B8%8D%E4%BD%BF%E7%94%A8%E5%B0%8F%E6%A8%BD%E3%81%AE%E5%95%86%E5%93%81%E9%96%8B%E7%99%BA%E3%81%A8%E8%B2%A9%E8%B7%AF%E6%8B%A1%E5%A4%A7%E3%80%90%E5%90%88%E5%90%8C%E4%BC%9A/,hirosho.org,mtc-hirokawa@outlook.com,https://www.hirosho.org/inquiry/,none,A,tigs101;tigs101_v2,https://www.hirosho.org/%E6%8E%A5%E7%9D%80%E5%89%A4%E4%B8%8D%E4%BD%BF%E7%94%A8%E5%B0%8F%E6%A8%BD%E3%81%AE%E5%95%86%E5%93%81%E9%96%8B%E7%99%BA%E3%81%A8%E8%B2%A9%E8%B7%AF%E6%8B%A1%E5%A4%A7%E3%80%90%E5%90%88%E5%90%8C%E4%BC%9A/,1,
（株）イナップ,http://www.i-nap.jp/,i-nap.jp,,http://www.i-nap.jp/contact,none,B,tigs101;tigs101_v2,,,
ineuly／ライスパワー,https://www.ineuly.com/,ineuly.com,,https://www.ineuly.com/contact,none,B,tigs101;tigs101_v2,,,
（株）乾レンズ,https://www.inuilens.com/,inuilens.com,info@inuilens.com,https://ssl.form-mailer.jp/fm/service/Forms/confirm,none,A,tigs101;tigs101_v2;omotenashi,https://www.inuilens.com/,,
（株）井上企画,https://www.inoue-p.com/,inoue-p.com,info9@inoue-p.com,https://www.inoue-p.com/postmail/postmail.cgi,none,A,tigs101;tigs101_v2,https://www.inoue-p.com/,,
井上企画・幡,https://www.asa-ban.com/,asa-ban.com,,https://www.asa-ban.com/contact.html,none,B,tigs101;tigs101_v2,,,
井上木珠工芸,https://seizo-mania.com/movie/post-23.html,seizo-mania.com,usamiakinori3@gmail.com,,none,A,tigs101;tigs101_v2,https://seizo-mania.com/movie/post-23.html,1,
（株）井上工具製作所,https://magomitsu.com/,magomitsu.com,,https://magomitsu.com//contact/,none,B,tigs101;tigs101_v2,,,
（株）イノセント,https://innocent-service.co.jp/,innocent-service.co.jp,info@innocent-service.co.jp,https://innocent-service.co.jp/contact.html,none,A,tigs101;tigs101_v2,https://innocent-service.co.jp/,,
イノベーティブクラフトワークス（同）,https://www.precious-kyoto.jp/artworks/icw.html,precious-kyoto.jp,icw.kyoto21@gmail.com,,email,A,tigs101,,1,
（株）井野屋,https://ino-ya.com/,ino-ya.com,,https://ino-ya.com/contact_person,none,B,tigs101;tigs101_v2,,,
伊場仙,https://www.ibasen.co.jp/?srsltid=AfmBOoqMHsqhG5aoWuBBTVSWpflC1s_5Ty4hrhaZ8lwhZp1PosgitTJk,ibasen.co.jp,info@ibasen.com,,email,A,tigs101,,,1
IFUJI,https://ifuji.com/,ifuji.com,order@ifuji.net,https://ifuji.com/pages/contact,none,A,tigs101;tigs101_v2,https://ifuji.com/,,1
（株）今井商事／Primelo,https://imai-tc.jp/,imai-tc.jp,,https://imai-tc.jp/contact/,none,B,tigs101;tigs101_v2,,,
Emago／（株）ドライブ,https://www.superdelivery.com/p/do/dpsl/204721/1053/,superdelivery.com,,https://www.superdelivery.com/p/do/psl,none,B,tigs101;tigs101_v2,,,
今までにないペットの本格着物『ポわん』,https://www.kyo.or.jp/kyoto_chiefair/kc2026/company/i_114.html,kyo.or.jp,powan@yasumoto.jp,https://www.kyo.or.jp/kyoto/finance/support.html,email,A,tigs101;cci,,,1
imane,https://imane.jp/,imane.jp,,https://imane.jp/shop/contact/draft,none,B,tigs101;tigs101_v2,,,
イラストレーター 竹永絵里,https://takenagaeri.com/,takenagaeri.com,info@takenagaeri.com,,email,A,tigs101,,,
イルプリモ（株）,https://ilprimo.com/?srsltid=AfmBOoqdy48w5z7uukUzKPIpcaUbVfmuWIrYoUv3JLySrntNmxx9i8hl,ilprimo.com,info@ilprimo.com,https://ilprimo.com/pages/contact,none,A,tigs101;tigs101_v2,https://ilprimo.com/?srsltid=AfmBOoqdy48w5z7uukUzKPIpcaUbVfmuWIrYoUv3JLySrntNmxx9i8hl,,
イロハナ,https://nakagawa88.studio.site/,nakagawa88.studio.site,,https://studio.design/ja/?utm_source=/contact&utm_medium=STUDIO%20Banner&utm_campaign=STUDIO%20Banner,none,B,tigs101;tigs101_v2,,,
若井産業（株）,https://www.wakaisangyo.co.jp/,wakaisangyo.co.jp,wakaitaro@www.wakaisangyo.co.jp,https://www.wakaisangyo.co.jp/hd/contact,none,A,tigs101;tigs101_v2,https://www.wakaisangyo.co.jp/,,
（株）iwakagu,https://iwakagu.com/,iwakagu.com,info@iwakagu.com,https://iwakagu.com/contact,email,A,tigs101,,,
イワコーグローバル（株）,https://iwako-global.com/,iwako-global.com,,https://iwako-global.com/contact/,form,B,tigs101,,,
岩崎工業（株）,https://www.iwasaki-wing.co.jp/,iwasaki-wing.co.jp,exsmple@iwasaki-wing.co.jp,https://www.iwasaki-wing.co.jp/contact/,email,A,tigs101,,,
岩田紙器（株）,https://www.iwatashiki.co.jp/,iwatashiki.co.jp,info@iwatashiki.co.jp,https://www.iwatashiki.co.jp/contact,none,A,tigs101;tigs101_v2,https://www.iwatashiki.co.jp/,,
（有）岩田仏壇製作所,https://iwatabutsudan.localinfo.jp/,iwatabutsudan.localinfo.jp,iwatabutudan@yahoo.co.jp,,email,A,tigs101;ilt_direct,,1,
岩手県,https://www.pref.iwate.jp/,pref.iwate.jp,,https://www.pref.iwate.jp/search/site.html,none,B,tigs101;tigs101_v2,,,
岩手／盛岡 漆の釣具,https://www.morireki.jp/season/5362/,morireki.jp,info@morireki.jp,https://www.morireki.jp/faq/contact/,none,A,tigs101;tigs101_v2,https://www.morireki.jp/season/5362/,,
岩谷堂箪笥,https://www.iwayado-tansu.com/,iwayado-tansu.com,otoiawase@the-home-interior.co.jp,https://www.iwayado-tansu.com/,none,A,tigs101;tigs101_v2,https://www.iwayado-tansu.com/,,1
INCENSE KITCHEN,https://incensekitchen.com/,incensekitchen.com,incensekitchen@gmail.com,https://incensekitchen.com/contact,none,A,tigs101;tigs101_v2,https://incensekitchen.com/,1,
（株）インターセクション,https://in-sec.com/,in-sec.com,takada@in-sec.com,,email,A,tigs101,,,
（株）インターベース,https://inter-base.com/,inter-base.com,,https://inter-base.com/contact,none,B,tigs101;tigs101_v2,,,
（有）インディゴ,https://indigo-life.com/,indigo-life.com,info@indigo-life.com,https://indigo-life.com/wp-comments-post.php,none,A,tigs101;tigs101_v2,https://indigo-life.com/,,
（有）インディラ,http://indira-kobe.com/,indira-kobe.com,,http://indira-kobe.com/#contact,none,B,tigs101;tigs101_v2,,,
（有）印傳矢部,http://www.inden-yabe.com/,inden-yabe.com,info@inden-yabe.com,,email,A,tigs101;dainipponichi,,,
（有）インプルーブ／dignity closet,https://improve-web.com/?mode=cate&cbid=2669269&csid=0,improve-web.com,info@imp-rove.com,https://improve-web.com/,none,A,tigs101;tigs101_v2,https://improve-web.com/?mode=cate&cbid=2669269&csid=0,,1
（株）IMPEX JAPAN,https://tenshoku.mynavi.jp/company/385466/,tenshoku.mynavi.jp,,https://tenshoku.mynavi.jp/company/417478/,none,B,tigs101;tigs101_v2,,,
VANTECH PRODUCTS,https://vantech-products.com/,vantech-products.com,vantech@ritto.co.jp,https://vantech-products.com/contact,email,A,tigs101,,,1
（株）WIS／DAYTONグループ,http://www.wis-sales.jp/,wis-sales.jp,,http://www.wis-sales.jp/contact.aspx?FId=n7:7:7,form,B,tigs101,,,
（株）ウイックス,https://wix.co.jp/,wix.co.jp,,https://wix.co.jp/contact,none,B,tigs101;tigs101_v2,,,
（株）ウィンクラス,https://www.winclass.jp/,winclass.jp,,https://www.winclass.jp/%E3%81%8A%E5%95%8F%E5%90%88%E3%82%8F%E3%81%9B/,none,B,tigs101;tigs101_v2,,,
WINTECH,http://www.kohka.biz/,kohka.biz,,http://www.kohka.biz/contact.html,none,B,tigs101;tigs101_v2,,,
ウィンテン（株）,https://winten.co.jp/,winten.co.jp,,https://winten.co.jp/contact.html,form,B,tigs101,,,
WUYE Tech,http://www.wuyekeji.com/,wuyekeji.com,gaofeng@ooyee.cn,http://www.wuyekeji.com/En/Index.aspx?UserInfo_ID=1038686,none,A,tigs101;tigs101_v2,http://www.wuyekeji.com/,,1
WooBia Japan,https://woobia.co.jp/,woobia.co.jp,,,none,none,tigs101;tigs101_v2;fgs2025,,,
UUHU(ウーフ),https://giftmall.co.jp/shop/uuhu/abouts/,giftmall.co.jp,,https://giftmall.co.jp/search/,none,B,tigs101;tigs101_v2,,,
ウーブンナック（株）,https://www.wovenac.com/,wovenac.com,info@wovenac.com,https://www.wovenac.com/contact/,none,A,tigs101;tigs101_v2,https://www.wovenac.com/,,
WAVELIGHT DESIGN,https://goooods.com/sellers/762bb895-66c7-4719-8193-b9288a2894ee,goooods.com,,https://goooods.com/sellers/762bb895-66c7-4719-8193-b9288a2894ee,none,B,tigs101;tigs101_v2,,,
ヴェールポイント,https://www.vert-point.jp/,vert-point.jp,info@vert-point.jp,https://www.vert-point.jp/contact/,email,A,tigs101,,,
ヴェクスセット,https://www.wexthuset.jp/?srsltid=AfmBOoplbZ0JSy-hqcnF9psI49GYnTAjGXDLGg28PDfRR6FtPsCqPRBx,wexthuset.jp,,https://www.wexthuset.jp/shop/shopbrand.html,none,B,tigs101;tigs101_v2,,,
（株）ウエダ美粧堂,https://www.cosme-bisyodo.com/?srsltid=AfmBOorTgFXi_Q8y6UUmri1JTKogdpAZgpmtZaxA4DezsspMnEwC1Efr,cosme-bisyodo.com,info@cosme-bisyodo.com,https://www.cosme-bisyodo.com/_ga/FORM/contact.cgi,none,A,tigs101;tigs101_v2;omotenashi,https://www.cosme-bisyodo.com/?srsltid=AfmBOorTgFXi_Q8y6UUmri1JTKogdpAZgpmtZaxA4DezsspMnEwC1Efr,,
ウェルテイラード／（株）アクティブジャパン,https://active03.co.jp/,active03.co.jp,info@active03.co.jp,https://active03.co.jp/contact/,none,A,tigs101;tigs101_v2,https://active03.co.jp/,,
WELLTERRA,https://www.wellterra2025.com/,wellterra2025.com,wellterra2025@gmail.com,,email,A,tigs101,,1,
WELD DESIGN STORE,https://welddesignstore.myshopify.com/,welddesignstore.myshopify.com,,,none,none,tigs101;tigs101_v2,,,
（株）WelleW,https://www.wellew.net/,wellew.net,,https://www.wellew.net/contact,none,B,tigs101;tigs101_v2,,,
VOVO JAPAN,https://vovo-jp.com/?srsltid=AfmBOopRA8d_Cp1jnGZ8cQFLqZbHia8mg9h50aPgye4fn5jJ2LUwH8QC,vovo-jp.com,support@vovojp.com,https://vovo-jp.com/pages/purchase-inquiry,none,A,tigs101;tigs101_v2,https://vovo-jp.com/?srsltid=AfmBOopRA8d_Cp1jnGZ8cQFLqZbHia8mg9h50aPgye4fn5jJ2LUwH8QC,,1
"（株）ウォーターフロント／ Waterfront Co., Ltd.",https://www.water-front.co.jp/,water-front.co.jp,,https://www.water-front.co.jp/contact.html,form,B,tigs101,,,
うおづら,https://uozura.jp/,uozura.jp,,https://uozura.jp/contact/,none,B,tigs101;tigs101_v2,,,
ウォルナット／ルーツポーチ,https://www.walnutco.jp/brand.html,walnutco.jp,info@walnutco.jp,,email,A,tigs101,,,
(有)ウカイ利器,http://ukairiki.co.jp/,ukairiki.co.jp,,http://ukairiki.co.jp/contact/,none,B,tigs101;tigs101_v2,,,
（株）右川ゴム製造所,https://www.ukawa-rubber.co.jp/,ukawa-rubber.co.jp,office@synergyworks.co.jp,https://www.ukawa-rubber.co.jp/contact.html,none,A,tigs101;tigs101_v2,https://www.ukawa-rubber.co.jp/,,1
（有）うすき皿山,https://usarayama.com/,usarayama.com,,,none,none,tigs101;tigs101_v2,,,
宇陀市莵田野毛皮革産業振興協議会,https://udashiutano-mouhikaku.jp/,udashiutano-mouhikaku.jp,,https://udashiutano-mouhikaku.jp/inquiry/,form,B,tigs101,,,
（株）ウチキ,https://uchiki-co.com/,uchiki-co.com,customer_shimoa@uchiki-co.com,,email,A,tigs101,,,
内田工芸所,https://uchida.buyshop.jp/,uchida.buyshop.jp,,https://thebase.com/inquiry/uchida-buyshop-jp,form,B,tigs101,,,
内野（株）,https://www.uchino.co.jp/,uchino.co.jp,info@uchino.co.jp,https://www.uchino.co.jp/contact,none,A,tigs101;tigs101_v2;omotenashi,https://www.uchino.co.jp/,,
（有）内野製作所,http://www.uchino-factory.co.jp/,uchino-factory.co.jp,admin@uchino-factory.co.jp,http://www.uchino-factory.co.jp/cgi-bin/postmail/postmail.cgi,none,A,tigs101;tigs101_v2,http://www.uchino-factory.co.jp/,,
（同）ウッドアート楽,https://woodart-raku.com/,woodart-raku.com,info@woodart-raku.com,,email,A,tigs101,,,
ウッドクラフトコバヤシ,https://fakuhaku.com/factories/2024woodcraft/,fakuhaku.com,factory@gmaii.com,https://fakuhaku.com/search,none,A,tigs101;tigs101_v2,https://fakuhaku.com/factories/2024woodcraft/,,1
（株）ウッドニー,https://www.woodny.jp/,woodny.jp,w1031@woodny.jp,https://www.woodny.jp/contact/,none,A,tigs101;tigs101_v2,https://www.woodny.jp/,,
WoodHead,https://www.woodheadkito.com/,woodheadkito.com,woodhead.kito@gmail.com,https://www.woodheadkito.com/toiawase,none,A,tigs101;tigs101_v2,https://www.woodheadkito.com/,1,
宇仁繊維ファッション（株）,https://www.komon-koubou.com/,komon-koubou.com,,https://www.komon-koubou.com/contact/,form,B,tigs101,,,
（株）宇野刷毛ブラシ製作所,https://unobrush.jp/,unobrush.jp,info@unobrush.com,https://unobrush.jp/contact,none,A,tigs101;tigs101_v2;omotenashi;ilt_direct,https://unobrush.jp/,,1
ubasoku,https://ubasoku-ball.stores.jp/,ubasoku-ball.stores.jp,,,none,none,tigs101;tigs101_v2,,,
馬居化成工業（株）,https://umaichem.co.jp/,umaichem.co.jp,umaichem@umaichem.co.jp,,none,A,tigs101;tigs101_v2;lifestyle_880021;lifestyle_880026,https://umaichem.co.jp/,,
旨いまぐろのしっぽ肉,https://omotenashinippon.jp/selection/prize/2400-01-112/,omotenashinippon.jp,info@omotenashinippon.jp,https://omotenashinippon.jp/selection/,none,A,tigs101;tigs101_v2;omotenashi,https://omotenashinippon.jp/selection/prize/2400-01-112/,,
海を旅した帆のバック,https://souancraft.online/,souancraft.online,,https://souancraft.online/,none,B,tigs101;tigs101_v2,,,
（株）ウラノ （PazuMe),https://www.urano.co.jp/service/pazume/,urano.co.jp,,https://www.urano.co.jp/connect/mail.php,none,B,tigs101;tigs101_v2,,,
芸艸堂,https://www.unsodo.net/jp/,unsodo.net,info@unsodo.net,https://www.unsodo.net/jp/contact,none,A,tigs101;tigs101_v2,https://www.unsodo.net/jp/,,
（株）エアージェイ,https://air-j.co.jp/,air-j.co.jp,,http://shop.air-j.co.jp/contact/,none,B,tigs101;tigs101_v2,,,
エアフォルク,https://erfolg-ltd.co.jp/,erfolg-ltd.co.jp,info@erfolg-ltd.co.jp,https://erfolg-ltd.co.jp/contact/,none,A,tigs101;tigs101_v2,https://erfolg-ltd.co.jp/,,
（株）エイコー,https://www.eicoh.com/,eicoh.com,privacy@eicoh.com,https://www.eicoh.com/contact,email,A,tigs101;fgs2025,,,
永泰（株）,https://www.jagri-global.jp/tokyo/en-gb/search/2025/directory/directory-details.%E6%B0%B8%E6%B3%B0%2B%E6%A0%AA%E5%BC%8F%E4%BC%9A%E7%A4%BE.org-7c7a115e-55cf-46c7-9891-7241758b8d10.html,jagri-global.jp,,,none,none,tigs101;tigs101_v2,,,
（株）H2O,https://h2o.tokyo.jp/,h2o.tokyo.jp,andtint_official@dr.honey,,email,A,tigs101,,,1
（株）エイチ・ユー・ジー,https://89sunglasses.hugozawa.jp/company/,89sunglasses.hugozawa.jp,89sunglasses@hugozawa.jp,https://89sunglasses.hugozawa.jp/contact/,none,A,tigs101;tigs101_v2;lifestyle_880021,https://89sunglasses.hugozawa.jp/company/,,1
（株）永樂屋,https://eirakuya.com/,eirakuya.com,info@eirakuya.co.jp,https://eirakuya.com/contact/,none,A,tigs101;tigs101_v2,https://eirakuya.com/,,1
（株）A&A,https://aanda.info/,aanda.info,,https://aanda.info/publics/makeUrl/block3/85/1/,none,B,tigs101;tigs101_v2,,,
（株）AAB JAPAN,https://aab-japan.co.jp/?srsltid=AfmBOorI8ErogXvD9BhMWFxSMAwuT2gWEvrxDsIaU3GeDbX_jntL2_9u,aab-japan.co.jp,aab@aab-japan.co.jp,https://aab-japan.co.jp/search,none,A,tigs101;tigs101_v2,https://aab-japan.co.jp/?srsltid=AfmBOorI8ErogXvD9BhMWFxSMAwuT2gWEvrxDsIaU3GeDbX_jntL2_9u,,
（株）ASP,https://asp-corp.co.jp/,asp-corp.co.jp,asp_kanri@asp-corp.co.jp,https://asp-corp.co.jp/contact/,none,A,tigs101;tigs101_v2,https://asp-corp.co.jp/,,
fu-dueka:,https://eka46.fashionstore.jp/,eka46.fashionstore.jp,,https://thebase.com/inquiry/eka46-fashionstore-jp,form,B,tigs101,,,
（株）エー・シーケミカル,http://www.ac-chemical.co.jp/,ac-chemical.co.jp,info@ac-chemical.co.jp,https://www.ac-chemical.co.jp/contact/,none,A,tigs101;tigs101_v2,http://www.ac-chemical.co.jp/,,
（株）エースインターナショナル,https://ace-international.co.jp/,ace-international.co.jp,nissin@tdg-nissin.com,,none,A,tigs101;tigs101_v2,https://ace-international.co.jp/,,1
（株）エー・ディー・ピー,https://adp3000.com/,adp3000.com,info@adp3000.com,https://adp3000.com/contact_new/,email,A,tigs101;lifestyle_880021;lifestyle_880026,,,
（株）エーディックス,https://e-dics.co.jp/,e-dics.co.jp,info@e-dics.co.jp,https://e-dics.co.jp/contact/,none,A,tigs101;tigs101_v2,https://e-dics.co.jp/,,
（株）ABC商会,https://www.abc-t.co.jp/,abc-t.co.jp,info-15@abc-t.co.jp,https://www.abc-t.co.jp/apps/contact/catalog_list,none,A,tigs101;tigs101_v2,https://www.abc-t.co.jp/,,
（株）エーワークス,https://a-works.info/,a-works.info,,https://a-works.info/script/mailform/contact/,form,B,tigs101;lifestyle_880021;lifestyle_880026,,,
エーワイ（株）,https://ay4444.com/,ay4444.com,,https://ay4444.com/,none,B,tigs101;tigs101_v2,,,
えがお老眼鏡,https://egao-salon.jp/reading-glasses/,egao-salon.jp,info@san-creation.com,https://egao-salon.jp/reading-glasses/#contact,none,A,tigs101;tigs101_v2,https://egao-salon.jp/reading-glasses/,,1
（株）エクステンド kakutell事業部,https://kakutell.com/,kakutell.com,,,none,none,tigs101;tigs101_v2,,,
EXTLINE／（株）現代工業,https://extline-gendaikogyo.studio.site/,extline-gendaikogyo.studio.site,,,none,none,tigs101;tigs101_v2,,,
Ecoinno Japan（株）,https://www.ecoinno.co.jp/,ecoinno.co.jp,,,none,none,tigs101;tigs101_v2,,,
（株）エコプラッツ,https://ecoplatz.com/,ecoplatz.com,shop@ecoplatz.com,,email,A,tigs101,,,
エコリュクス,https://www.naturias.jp/c/brand/agyou/ecoluxe,naturias.jp,contact@g-place.co.jp,https://www.naturias.jp/f/contact,none,A,tigs101;tigs101_v2,https://www.naturias.jp/c/brand/agyou/ecoluxe,,1
エコワン,https://rinnai.jp/ecoone/,rinnai.jp,,https://rinnai.jp/ecoone/contact/?type=new,none,B,tigs101;tigs101_v2,,,
エコンフォートハウス,https://www.ecomfort.jp/,ecomfort.jp,,https://www.ecomfort.jp/item_list.html,none,B,tigs101;tigs101_v2,,,
エジソンママ,https://edisonmama.com/,edisonmama.com,,https://edisonmama.com/information/inc-contact,form,B,tigs101,,,
（株）エスティー,https://st-sss.jp/,st-sss.jp,,,none,none,tigs101;tigs101_v2,,,
エステプロ・ラボ,https://www.esthepro-labo.com/,esthepro-labo.com,,https://www.esthepro-labo.com/contact/,none,B,tigs101;tigs101_v2,,,
（株）エストナ,https://www.estona.co.jp/,estona.co.jp,,https://www.estona.co.jp/contact/,form,B,tigs101,,,
エスパック（株）,http://www.s-pack.jp/,s-pack.jp,info@s-pack.jp,http://www.s-pack.jp/contact/,none,A,tigs101;tigs101_v2,https://www.s-pack.jp/,,
越前漆器（株）,https://japanesecrafts.com/collections/etizen-co?srsltid=AfmBOoq9sHxg8IF_OxznMxkxUsvaIv0NbCqMYWCfZRWjXxv8rO0iI-kF,japanesecrafts.com,,https://japanesecrafts.com/pages/contacts,none,B,tigs101;tigs101_v2,,,
越前漆器協同組合,https://www.echizen.or.jp/,echizen.or.jp,info1@echizen.or.jp,,email,A,tigs101,,,
EDITIONS／（株）ユープロダクツ,https://editions-life.jp/,editions-life.jp,,https://editions-life.jp/contact/,none,B,tigs101;tigs101_v2,,,
エデュテ,https://www.edute.jp/,edute.jp,shop@edute.com,https://www.edute.jp/p/search,none,A,tigs101;tigs101_v2;ilt_direct;ilt_v2,https://www.edute.jp/,,1
江戸川物産（株）,https://edg.jp/,edg.jp,info@edg.co.jp,https://edg.jp/contact-us/,none,A,tigs101;tigs101_v2,https://edg.jp/,,1
「えどコレ！」,https://www.city.edogawa.tokyo.jp/e032/shigotosangyo/jigyosha_oen/dento/edocore_open.html,city.edogawa.tokyo.jp,,https://faq.city.edogawa.tokyo.jp/cgi-bin/faq/form.cgi,none,B,tigs101;tigs101_v2,,,
Enishi Trading,https://enishitrading.com/,enishitrading.com,info@enishitrading.com,,none,A,tigs101;tigs101_v2,https://enishitrading.com/,,
エヌアンドエイチカンパニー（株）,https://www.nandhcompany.com/,nandhcompany.com,,https://www.nandhcompany.com/services-8,none,B,tigs101;tigs101_v2,,,
NCAインターナショナル(有),https://nca-int.co.jp/,nca-int.co.jp,,https://nca-int.co.jp/contact/,none,B,tigs101;tigs101_v2,,,
n+／日研（株）,https://n-plus.nikken-k.org/,n-plus.nikken-k.org,contact@nikken-k.org,,email,A,tigs101,,,1
蛯谷工芸,https://ebitani.jp/,ebitani.jp,info@ebitani.jp,,email,A,tigs101,,,
FcubeWoodCraft／和歌山商工会議所,https://wakayama-products.com/companies_products/fcubewoodcraft/,wakayama-products.com,kigyou@yarukiouendan.jp,https://wakayama-products.com/contact/,none,A,tigs101;tigs101_v2,https://wakayama-products.com/companies_products/fcubewoodcraft/,,1
（株）F-STYLE,http://f-style2015.com/,f-style2015.com,,http://f-style2015.com/#contact,none,B,tigs101;tigs101_v2,,,
F-TRAD 2023-2025 ARCHIVE,https://getnews.jp/archives/3513482,getnews.jp,,https://getnews.jp,none,B,tigs101;tigs101_v2,,,
F-TRAD 2026 COLLECTION,https://qui.tokyo/news/2602-f-trad-made,qui.tokyo,abcde@fghij.com,https://qui.tokyo/contact,none,A,tigs101;tigs101_v2,https://qui.tokyo/news/2602-f-trad-made,,1
（株）エポックケミカル,https://www.epoch-chemical.jp/,epoch-chemical.jp,shop-kobaru@shop.rakuten.co.jp,https://www.epoch-chemical.jp/contact3.html,none,A,tigs101;tigs101_v2;lifestyle_880021;lifestyle_880026,https://www.epoch-chemical.jp/,,1
エムイーアイ,https://me-i.jp/feature/profile,me-i.jp,privacy@fanplus.co.jp,https://id.yoshimoto.co.jp/login_tp.html,none,A,tigs101;tigs101_v2,https://me-i.jp/feature/profile,,1
（株）エムエス製作所,https://www.msgroup.co.jp/,msgroup.co.jp,ms@msgroup.co.jp,https://www.msgroup.co.jp/contact,none,A,tigs101;tigs101_v2;omotenashi,https://www.msgroup.co.jp/,,
MKworks（株）,https://www.mkworks-japan.com/,mkworks-japan.com,,https://www.mkworks-japan.com/contact,none,B,tigs101;tigs101_v2,,,
（株）エムズトレード,https://ms-trade.com/,ms-trade.com,,https://ms-trade.com/otoiawase/,none,B,tigs101;tigs101_v2,,,
（有）エムテック,https://www.m-tec.ne.jp/,m-tec.ne.jp,mtec@lime.ocn.ne.jp,https://www.m-tec.ne.jp/contact/,none,A,tigs101;tigs101_v2,https://www.m-tec.ne.jp/,,1
MBM杉本製靴（株）,https://www.cosaema.jp/mbm-sugimoto/,cosaema.jp,mbm@mbm.co.jp,https://www.cosaema.jp/mbm-sugimoto/contact/,none,A,tigs101;tigs101_v2,https://www.cosaema.jp/mbm-sugimoto/,,1
（同）エム・プラス,https://www.hiroshima.doyu.jp/activity-report/a35425/,hiroshima.doyu.jp,,https://www.hiroshima.doyu.jp/about/contact/,none,B,tigs101;tigs101_v2,,,
（株）江村商店,https://www.emura-shouten.com/,emura-shouten.com,kimono@emura-shouten.com,,email,A,tigs101;omotenashi,,,
エムリリー マットレス,https://www.mlily.jp/,mlily.jp,,,none,none,tigs101;tigs101_v2,,,
エムルーカンパニー（株）,https://mrucompany.co.jp/,mrucompany.co.jp,info@mrucompany.co.jp,https://mrucompany.co.jp/contact/,none,A,tigs101;tigs101_v2,https://mrucompany.co.jp/,,
MY Ground（株）,https://myground.co.jp/,myground.co.jp,contact@myground.co.jp,,email,A,tigs101,,,
eranoiwa,https://eranoiwa.blue/,eranoiwa.blue,,https://eranoiwa.blue/contact/,none,B,tigs101;tigs101_v2,,,
eritto／Eritate Hat Inc.,http://www.eritate.com/,eritate.com,,http://www.eritate.com/?page_id=8#wpcf7-f5-p8-o1,none,B,tigs101;tigs101_v2,,,
（株）L.L.JACKY,https://lljacky.jp/,lljacky.jp,,https://lljacky.jp/contact.php,form,B,tigs101,,,
LLPしまんと,http://shimantollp.net/,shimantollp.net,local@shimantollp.net,http://shimantollp.net/llpshimanto/legal/,none,A,tigs101;tigs101_v2,http://shimantollp.net/,,
（有）エル・コミューン,https://elcommun.co.jp/,elcommun.co.jp,sales@elcommun.co.jp,https://elcommun.co.jp/contact-us/,none,A,tigs101;tigs101_v2;ilt_direct,messe_frankfurt_exhibitor_api,,
（株）ERUDO,https://www.erudo.net/,erudo.net,info@erudo9.com,,email,A,tigs101,,,1
エレス（株）,https://www.elaice.jp/,elaice.jp,sales@elaice.jp,https://www.elaice.jp/contact/form01,none,A,tigs101;tigs101_v2,https://www.elaice.jp/,,
”遠州織物×久留女木の棚田”プロジェクト,https://www.city.hamamatsu.shizuoka.jp/documents/168318/1505.pdf,city.hamamatsu.shizuoka.jp,,,none,none,tigs101;tigs101_v2,,,
遠州織物／（一社）静岡県繊維協会,https://www.senikyoukai-shizuoka.com/,senikyoukai-shizuoka.com,shizu.senkyo@gmail.com,,none,A,tigs101;tigs101_v2,https://www.senikyoukai-shizuoka.com/,1,
ENSULO,https://ensulo.jp/?srsltid=AfmBOop0EZG8pKjvezhLA9fTX7XMM5JjSLzCJIqVd3sNJo2e8l7AhMpZ,ensulo.jp,shop@ensulo.jp,https://ensulo.jp/localization,none,A,tigs101;tigs101_v2,https://ensulo.jp/?srsltid=AfmBOop0EZG8pKjvezhLA9fTX7XMM5JjSLzCJIqVd3sNJo2e8l7AhMpZ,,
（株）遠東商会,https://entoh.com/,entoh.com,,https://entoh.com/contact/,none,B,tigs101;tigs101_v2,,,
embland,https://embland.fashionstore.jp/,embland.fashionstore.jp,,https://thebase.com/inquiry/embland-fashionstore-jp,form,B,tigs101,,,
遠孫織布（株）,https://ban-paku.com/enmagosyokufu/,ban-paku.com,,https://ban-paku.com/contact/,none,B,tigs101;tigs101_v2,,,
O.ipeo,https://oipeo.com/,oipeo.com,,https://oipeo.com/contact/,none,B,tigs101;tigs101_v2,,,
王子窯,https://shop.oujigama.com/,shop.oujigama.com,,https://thebase.com/inquiry/oujigama-official-ec,form,B,tigs101,,,
OMIYA CONNECT,https://omiya-connect.jp/,omiya-connect.jp,info@omiya-connect.jp,https://omiya-connect.jp/contact.html,email,A,tigs101,,,
オウルテック,https://www.owltech.co.jp/?srsltid=AfmBOoqY9dSEsd5KVgFdXyk9vmbCQSdTAPRmO49ITWoqRCxCCfVPRNF8,owltech.co.jp,,https://www.owltech.co.jp/contact/,none,B,tigs101;tigs101_v2,,,
大分県の工芸,https://www.mapple.net/pref/44_g02090000/spot/,mapple.net,,https://www.mapple.net/contact/,none,B,tigs101;tigs101_v2,,,
大分県日田市,https://www.city.hita.oita.jp/index.html,city.hita.oita.jp,kenkosien@city.hita.lg.jp,https://www.city.hita.oita.jp/cgi-bin/inquiry.php/15?page_no=1,none,A,tigs101;tigs101_v2,https://www.city.hita.oita.jp/index.html,,1
EAUVUE,https://eauvue.com/,eauvue.com,info@eauvue.com,,email,A,tigs101,,,
（有）大内工芸,https://www.take-ouchi.co.jp/,take-ouchi.co.jp,info@take-ouchi.co.jp,,email,A,tigs101,,,
OHSサプライ（同）,https://www.ohssupply-japan.com/,ohssupply-japan.com,,https://www.ohssupply-japan.com/contact,none,B,tigs101;tigs101_v2,,,
大江シルク（（株）大江）,https://tanko.or.jp/maker/ooesilk/,tanko.or.jp,ooesilk@isis.ocn.ne.jp,https://tanko.or.jp/association/contact,none,A,tigs101;tigs101_v2,https://tanko.or.jp/maker/ooesilk/,,1
（有）大尾嘉漆器,https://ooka-kasyoan.com/,ooka-kasyoan.com,info@ooka-kasyoan.com,,email,A,tigs101,,,
（一財）大川インテリア振興センター,https://okawajapan.jp/,okawajapan.jp,info@okawajapan.jp,https://okawajapan.jp/contact/,none,A,tigs101;tigs101_v2,https://okawajapan.jp/,,
（協組）福岡・大川家具工業会,https://www.okawa.or.jp/,okawa.or.jp,info@okawa.or.jp,https://www.okawa.or.jp/inquiry/85.html,none,A,tigs101;tigs101_v2,https://www.okawa.or.jp/,,
（有）大川工芸,http://www.ookawakougei.com/,ookawakougei.com,,,none,none,tigs101;tigs101_v2,,,
大川原染色本舗,https://www.ok-flag.co.jp/,ok-flag.co.jp,ok@ok-flag.co.jp,https://www.ok-flag.co.jp/form_send.cgi,none,A,tigs101;tigs101_v2,https://www.ok-flag.co.jp/,,
オーク（株）,https://oak-ray.com/,oak-ray.com,,https://oak-ray.com/contact,none,B,tigs101;tigs101_v2,,,
marvista 大口産業（株）,http://marvista.biz/,marvista.biz,,http://marvista.biz/,none,B,tigs101;tigs101_v2,,,
大越工芸品製造（株）,https://www.ginshodo.jp/company.html,ginshodo.jp,,https://www.ginshodo.jp/contact.html,form,B,tigs101,,,
（株）大越忠製作所,https://tadayasu.co.jp/company/,tadayasu.co.jp,oh1111@mri.biglobe.ne.jp,https://tadayasu.co.jp/contact/,none,A,tigs101;tigs101_v2;lifestyle_880021;lifestyle_880026;omotenashi;ilt_direct,messe_frankfurt_exhibitor_api,,1
大阪商工会議所セレクト 町工場SHOWCASE,https://www.osaka.cci.or.jp/Chousa_Kenkyuu_Iken/press/20260128showcase.pdf,osaka.cci.or.jp,sangyo@osaka.cci.or.jp,https://www.osaka.cci.or.jp/samurai/search/,none,A,tigs101;tigs101_v2;cci;cci_v2,https://www.osaka.cci.or.jp/,,
大阪府／大阪バイオプラスチックビジネス推進ネットワーク,https://www.osa-bio.net/,osa-bio.net,bio@nishipla.or.jp,https://www.osa-bio.net/wp-login.php,none,A,tigs101;tigs101_v2,https://www.osa-bio.net/,,1
OCEAN & GROUND,https://ocean-ground-online.jp/?srsltid=AfmBOoo5TjnBi2jtXCIv0iSrnAQSGQrEJL1oMcimm2_AYyMUThAWR72g,ocean-ground-online.jp,info@ocean-ground-online.jp,https://ocean-ground-online.jp/contact/,none,A,tigs101;tigs101_v2,https://ocean-ground-online.jp/?srsltid=AfmBOoo5TjnBi2jtXCIv0iSrnAQSGQrEJL1oMcimm2_AYyMUThAWR72g,,
（株）オーシン,https://www.osin.co.jp/,osin.co.jp,business-1@jiexiao.com,https://www.osin.co.jp/inquiry/index.php,none,A,tigs101;tigs101_v2;oigs67;fgs2025,https://www.osin.co.jp/,,1
（株）大岸正商店,https://www.wakasa-ohashi.com/,wakasa-ohashi.com,,https://www.wakasa-ohashi.com/form/wakasa-ohachi/contact,none,B,tigs101;tigs101_v2,,,
（株）オータマ,https://www.ohtama.co.jp/,ohtama.co.jp,,https://www.ohtama.co.jp/contact.html,none,B,tigs101;tigs101_v2,,,
（有）大塚木型製作所,http://www.ohtuka.co.jp/,ohtuka.co.jp,mailform@ohtuka.co.jp,http://www.ohtuka.co.jp/contact.html,none,A,tigs101;tigs101_v2,http://www.ohtuka.co.jp/,,
Otsu North Edges,https://masahiro-minami.com/otsu-north-edges,masahiro-minami.com,,https://masahiro-minami.com/contact,none,B,tigs101;tigs101_v2,,,
（株）大直／Earth plant paper,https://onao.co.jp/paper06.html,onao.co.jp,info@onao.co.jp,https://onao.co.jp/contact.html,form,A,tigs101;lifestyle_880021;ilt_direct,messe_frankfurt_exhibitor_api,,
大西衣料（株）,https://www.self.co.jp/,self.co.jp,,https://www.self.co.jp/contacts/inquiry-maker/,form,B,tigs101,,,
てづくり／（株）大橋新治商店,https://lifecreator.co.jp/,lifecreator.co.jp,info@lifecreator.co.jp,https://lifecreator.co.jp/contact.html,none,A,tigs101;tigs101_v2,https://lifecreator.co.jp/,,
（株）大橋製作所,https://www.ohashi-engineering.co.jp/,ohashi-engineering.co.jp,kiki@ohashi-engineering.co.jp,https://www.ohashi-engineering.co.jp/contact/index.html,none,A,tigs101;tigs101_v2,https://www.ohashi-engineering.co.jp/,,
（株）オーパス,http://www.opus-inc.co.jp/,opus-inc.co.jp,,http://www.opus-inc.co.jp/contact.html,none,B,tigs101;tigs101_v2,,,
（株）OPPL,https://oppl.jp/,oppl.jp,,https://oppl.jp/contact,none,B,tigs101;tigs101_v2,,,
（株）オーブ,https://www.aube-zakka.com/,aube-zakka.com,info@aube-fc.jp,,email,A,tigs101,,,1
OPEN FACTORY CITY YAO,https://www.city.yao.osaka.jp/sangyou_business/sangyoushinkou_kigyoushien/1014674/1012834/1008776/index.html,city.yao.osaka.jp,,https://www.city.yao.osaka.jp/result/search.html,none,B,tigs101;tigs101_v2,,,
（株）オーム電機,https://www.ohm-electric.co.jp/,ohm-electric.co.jp,dc00_shuri@ohm-electric.co.jp,,email,A,tigs101,,,
大森（株）,https://kuria-omori.co.jp/,kuria-omori.co.jp,info@xxxxxxxxx.com,https://kuria-omori.co.jp/contact,none,A,tigs101;tigs101_v2,https://kuria-omori.co.jp/,,1
オーロラ（株）,https://aurora-store.jp/view/page/campany,aurora-store.jp,store-info@aurora-accent.co.jp,https://aurora-store.jp/view/page/contact,none,A,tigs101;tigs101_v2;omotenashi,https://aurora-store.jp/view/page/campany,,1
オカ（株）,https://www.oka-kk.co.jp/,oka-kk.co.jp,kainan@wakayamanet.or.jp,https://www.oka-kk.co.jp/contact/,none,A,tigs101;tigs101_v2;ilt_direct;ilt_v2,https://www.oka-kk.co.jp/,,1
岡崎製材（株）,https://www.okazaki-seizai.co.jp/,okazaki-seizai.co.jp,info@okazaki-seizai.co.jp,https://www.okazaki-seizai.co.jp/inquiry/,none,A,tigs101;tigs101_v2,https://www.okazaki-seizai.co.jp/,,
（株）岡田や漆器,https://okadayajapan.com/,okadayajapan.com,,https://okadayajapan.com/contact/,form,B,tigs101,,,
（株）オカトー,https://okato-lo.co.jp/okato/,okato-lo.co.jp,saiyo@okato-lo.co.jp,https://okato-lo.co.jp/okato/contact/,none,A,tigs101;tigs101_v2,https://okato-lo.co.jp/okato/,,
（有）岡半,https://www.okahan-zouka.jp/,okahan-zouka.jp,,https://www.okahan-zouka.jp/#contact,none,B,tigs101;tigs101_v2,,,
岡文織物,https://www.rokumonjiya.jp/,rokumonjiya.jp,contact@rokumonjiya.jp,,email,A,tigs101,,,
（株）岡部洋食器製作所,https://okabeyoshokki.co.jp/,okabeyoshokki.co.jp,info@okabeyoshokki.co.jp,https://okabeyoshokki.co.jp/,email,A,tigs101;omotenashi,,,
オカモトカグ,https://okamotokagu.net/,okamotokagu.net,okamotokagu@gmail.com,https://okamotokagu.net/pages/contact,none,A,tigs101;tigs101_v2,https://okamotokagu.net/,1,
岡本帽子,https://www.okamotohat.jp/,okamotohat.jp,info.okamotohat@gmail.com,,email,A,tigs101,,1,
（株）小川,https://sake-ogawa.co.jp/,sake-ogawa.co.jp,,https://sake-ogawa.co.jp/pages/38/login=true,none,B,tigs101;tigs101_v2,,,
小川産業（株）,https://www.ogawa-sangyo.jp/,ogawa-sangyo.jp,privacy-protection@ogawa-sangyo.jp,https://www.ogawa-sangyo.jp/contact.html,none,A,tigs101;tigs101_v2,https://www.ogawa-sangyo.jp/,,
沖縄県ブース,https://okinawa-ric.jp/news/info/2026-1.html,okinawa-ric.jp,sougoushien@okinawa-ric.or.jp,,email,A,tigs101,,,1
沖縄県南城市商工会,https://nanjo-shoko.jp/,nanjo-shoko.jp,shoukei@okinawa-ric.or.jp,https://nanjo-shoko.jp/inquiry/,none,A,tigs101;tigs101_v2,https://nanjo-shoko.jp/,,1
（株）オクタニコーポレーション,http://www.okutani-corp.co.jp/,okutani-corp.co.jp,info@okutani-corp.co.jp,http://www.okutani-corp.co.jp/contact.html,none,A,tigs101;tigs101_v2,https://www.okutani-corp.co.jp/,,
（株）奥村企画,https://kyoto-okumura.co.jp/,kyoto-okumura.co.jp,,https://kyoto-okumura.co.jp/contact/,none,B,tigs101;tigs101_v2,,,
（株）奥山商会,https://www.stickerfun.co.jp/,stickerfun.co.jp,okuyama@stickerfun.co.jp,,email,A,tigs101,,,
小倉織物（株）,https://ogura-fabrics.co.jp/,ogura-fabrics.co.jp,,https://ogura-fabrics.co.jp/contact/,none,B,tigs101;tigs101_v2,,,
（株）小倉陶器,https://ogr.co.jp/,ogr.co.jp,instagram@uguisudou.touki,,email,A,tigs101,,,1
OCRU®,https://oarks.website/ocru/,oarks.website,,https://oarks.website/ocru-contact/,none,B,tigs101;tigs101_v2,,,
おさかな真珠 by ERIS VELINA,https://erisvelina.jp/collections/fishpearl?srsltid=AfmBOooltS3b1g0k77PIOhGXNlLWELsEsYzMUgiQ6TDG3yOElCYGmt0M,erisvelina.jp,erisvelina@erishow.jp,https://erisvelina.jp/pages/contact,none,A,tigs101;tigs101_v2;omotenashi;fgs2025,https://erisvelina.jp/collections/fishpearl?srsltid=AfmBOooltS3b1g0k77PIOhGXNlLWELsEsYzMUgiQ6TDG3yOElCYGmt0M,,1
オジコ,https://www.ojico.net/?srsltid=AfmBOopJ47CDtERF7EqDVwD9G7SIUsWffy9hVH7lkBIRTc-AhU_R9I22,ojico.net,info@ojico.net,,email,A,tigs101,,,
オスカージャパン,https://oscar-jp.co.jp/,oscar-jp.co.jp,privacy@oscarjapan.co.jp,https://oscar-jp.co.jp/contact/,none,A,tigs101;tigs101_v2,https://oscar-jp.co.jp/,,1
（株）オスト,https://www.ost-fancy.co.jp/,ost-fancy.co.jp,ost@ost-fancy.co.jp,https://www.ost-fancy.co.jp/contact/#wpcf7-f68-p38-o1,none,A,tigs101;tigs101_v2,https://www.ost-fancy.co.jp/,,
OSPREY（オスプレー）,https://www.lostarrow.co.jp/osprey/?srsltid=AfmBOoq6zLOiW4FOJuKNn9LA6NhvZ69JsgriPpgGSFSrjoveQ_Z5gGFu,lostarrow.co.jp,,https://www.lostarrow.co.jp/inquiry,form,B,tigs101,,,
オゼットクリエイティブ,https://www.oz-h.com/,oz-h.com,ozc2@oz-h.com,,none,A,tigs101;tigs101_v2,https://www.oz-h.com/,,
（株）osoro,https://osoro-shop.com/,osoro-shop.com,info@osoro-shop.com,,none,A,tigs101;tigs101_v2,https://osoro-shop.com/,,
（株）オダジマ,https://www.odajima.jp/,odajima.jp,,https://www.odajima.jp/contact/,none,B,tigs101;tigs101_v2,,,
odds／toca,https://aclp.jp/,aclp.jp,info@aclp.jp,https://aclp.jp/contact/,email,A,tigs101,,,
otto,https://otto-extended.com/,otto-extended.com,,,none,none,tigs101;tigs101_v2,,,
ODD SOX JAPAN／（株）3rd Place,https://www.bud-shop.co.jp/,bud-shop.co.jp,ws@bud-shop.co.jp,,email,A,tigs101,,,
（株）小貫金網製作所,https://www.onuki-kanaami.co.jp/,onuki-kanaami.co.jp,info@onuki-kanaami.co.jp,https://www.onuki-kanaami.co.jp/contact/,none,A,tigs101;tigs101_v2,https://www.onuki-kanaami.co.jp/,,
（有）小原文平漆器店,https://www.bunpeido.com/,bunpeido.com,bunpeido.ohara@gmail.com,,email,A,tigs101,,1,
（株）オフィス四０四 横浜台町,https://rclg6vspx.jbplt.jp/,rclg6vspx.jbplt.jp,,,none,none,tigs101;tigs101_v2,,,
おぼろタオル,https://www.oboro-towel.co.jp/,oboro-towel.co.jp,,https://www.oboro-towel.co.jp/contact/,none,B,tigs101;tigs101_v2;lifestyle_880021;lifestyle_880026;omotenashi,,,
（株）おみくじ工房,https://www.omikujis.net/,omikujis.net,,https://www.omikujis.net/contact/index.html,none,B,tigs101;tigs101_v2,,,
小柳箪笥店,https://oyanagi-tansu.jp/,oyanagi-tansu.jp,,https://oyanagi-tansu.jp/,none,B,tigs101;tigs101_v2,,,
orion beer（オリオンビール）,https://www.orionbeer.co.jp/,orionbeer.co.jp,hiphop@jumbotours.co.jp,https://www.orionbeer.co.jp/customerservices/faqs_search/,none,A,tigs101;tigs101_v2,https://www.orionbeer.co.jp/,,1
（株）織馬鹿,https://oribaka.theshop.jp/,oribaka.theshop.jp,,https://thebase.com/inquiry/oribaka-theshop-jp,form,B,tigs101,,,
ORIM／オリム,https://www.orim.co.jp/,orim.co.jp,info@orim.co.jp,https://www.orim.co.jp/contact/,none,A,tigs101;tigs101_v2;lifestyle_880021;lifestyle_880026,https://www.orim.co.jp/,,
（株）オルウェイズ,https://my-always.jp/,my-always.jp,info@my-always.jp,https://my-always.jp/#makeshop-common-contact-url,none,A,tigs101;tigs101_v2,https://my-always.jp/,,
（株）オンダ,https://www.toysonda.co.jp/,toysonda.co.jp,,https://www.toysonda.co.jp/nakakento-comics,none,B,tigs101;tigs101_v2,,,
（株）オンデザイン丸巳事業部,https://www.city.gyoda.lg.jp/material/files/group/5/2026-02-16-17.pdf,city.gyoda.lg.jp,,,none,none,tigs101;tigs101_v2,,,
ガーグル,https://gargle-online.jp/,gargle-online.jp,shop@gargle.shop-pro.jp,https://gargle-online.jp/cart/proxy/basket?shop_id=PA01432501&shop_domain=gargle-online.jp,none,A,tigs101;tigs101_v2,https://gargle-online.jp/,,1
（有）海鴻社,https://www.kaikosha.net/,kaikosha.net,,https://www.kaikosha.net/contact/#wpcf7-f198-p199-o1,none,B,tigs101;tigs101_v2,,,
（株）偕拓堂アート,https://kaitakudo.co.jp/,kaitakudo.co.jp,,https://kaitakudo.co.jp/contact,none,B,tigs101;tigs101_v2;oigs67,,,
海南特産家庭用品協同組合,https://www.kainantokusankateiyk.jp/,kainantokusankateiyk.jp,,,email,none,tigs101,,,
"KAGASHOKAI CO., LTD.",https://www.kagashokai.co.jp/,kagashokai.co.jp,,https://www.kagashokai.co.jp/contact,none,B,tigs101;tigs101_v2,,,
各務原商工会議所,https://www.cci-k.or.jp/,cci-k.or.jp,hip@cci-k.or.jp,,email,A,tigs101;cci,,,
加賀谷木材（株）,https://www.kagayamokuzai.jp/,kagayamokuzai.jp,,https://www.kagayamokuzai.jp/contact,none,B,tigs101;tigs101_v2,,,
（株）柿沼人形,https://www.kakinuma-ningyo.com/,kakinuma-ningyo.com,support@kakinuma-ningyo.com,https://www.kakinuma-ningyo.com/information/contact/,none,A,tigs101;tigs101_v2;lifestyle_880021;lifestyle_880026;ilt_direct,https://kakinuma-ningyo.com/,,
（株）華玉,https://huayu.co.jp/,huayu.co.jp,huayu@gol.com,https://huayu.co.jp/contact/,none,A,tigs101;tigs101_v2,https://huayu.co.jp/,,1
家具工房 木正舎,https://www.hitask.jp/mokushosha.html,hitask.jp,,https://www.hitask.jp/contact.html,none,B,tigs101;tigs101_v2,,,
（株）カクセー,https://www.kakusee.co.jp/,kakusee.co.jp,tsubame.or.jp@kakusee.co.jp,https://www.kakusee.co.jp/contact/,email,A,tigs101,,,
KAGURA,https://www.kagura.co.jp/,kagura.co.jp,info@kagura.co.jp,https://www.kagura.co.jp/form/contact-business,none,A,tigs101;tigs101_v2,https://www.kagura.co.jp/,,
（株）カグラプラス,https://daiho-group.com/kaguraplus/,daiho-group.com,,https://daiho-group.com/contact/,none,B,tigs101;tigs101_v2,,,
家系図作成の家樹,https://ka-ju.co.jp/,ka-ju.co.jp,info@ka-ju.co.jp,https://ka-ju.co.jp/contact/?mode=inqury,none,A,tigs101;tigs101_v2,https://ka-ju.co.jp/,,
籠屋秋元商店,https://www.kago-ya.net/,kago-ya.net,info@sake-kagoya.com,https://www.kago-ya.net/contact/,none,A,tigs101;tigs101_v2,https://www.kago-ya.net/,,1
かしわ窯,https://www.kashiwacraft.com/,kashiwacraft.com,info@kashiwa-seto.jp,https://www.kashiwacraft.com/contact,none,A,tigs101;tigs101_v2;ilt_direct,https://www.kashiwacraft.com/,,1
（株）カスタネット そなえる.com,https://sonael.com/,sonael.com,office-k@sonael.com,,email,A,tigs101,,,
（有）加瀨ラタン工芸,https://www.kaserattan.co.jp/,kaserattan.co.jp,info@kaserattan.co.jp,https://www.kaserattan.co.jp/contact,none,A,tigs101;tigs101_v2,https://www.kaserattan.co.jp/,,
KataKoto,https://www.katakoto00.com/,katakoto00.com,,https://thebase.com/inquiry/kat568823-owndshop-com,form,B,tigs101,,,
型小紋 三橋工房,https://mitsuhashi-kobo.com/,mitsuhashi-kobo.com,mitsuhashikobo@jcom.home.ne.jp,https://mitsuhashi-kobo.com/toiawase/Confirmation_2.php,none,A,tigs101;tigs101_v2,https://mitsuhashi-kobo.com/,,1
（有）片力商事,http://www.katariki.co.jp/,katariki.co.jp,info@katariki.co.jp,https://www.shopmaker.jp/basic/order.cgi,none,A,tigs101;tigs101_v2,http://www.katariki.co.jp/,,
CATALYST（同）,https://www.infraexpert.com/study/aclz17.html,infraexpert.com,,https://www.infraexpert.com/script/mailform/infraex2/,none,B,tigs101;tigs101_v2,,,
Cutting Art K,https://allcross.base.shop/,allcross.base.shop,,https://thebase.com/inquiry/allcross-base-shop,form,B,tigs101,,,
葛城市商工会,http://www.katsuragi.jp/,katsuragi.jp,,http://www.katsuragi.jp/mt/mt-search.cgi,none,B,tigs101;tigs101_v2,,,
金本徳（株）,http://www.k-towel.com/,k-towel.com,,http://www.k-towel.com/inquiry.html,none,B,tigs101;tigs101_v2,,,
（株）カネイ産業,http://www.kaneisangyo.co.jp/,kaneisangyo.co.jp,,http://www.kaneisangyo.co.jp/contact,none,B,tigs101;tigs101_v2,,,
（株）金子製作所,https://www.t-kaneko.co.jp/,t-kaneko.co.jp,,https://www.t-kaneko.co.jp/contact,none,B,tigs101;tigs101_v2,,,
カネ三商店,https://kanesanshoten.com/,kanesanshoten.com,,https://kanesanshoten.com/contact,none,B,tigs101;tigs101_v2,,,
カネ十農園,https://kaneju-farm.co.jp/,kaneju-farm.co.jp,info@kaneju-farm.co.jp,,none,A,tigs101;tigs101_v2,https://kaneju-farm.co.jp/,,
（株）カネセ,https://kanese-minoyaki.co.jp/,kanese-minoyaki.co.jp,%e2%96%a0kanese@lilac.ocn.ne.jp,https://www.google.co.jp/search,none,A,tigs101;tigs101_v2;lifestyle_880026,https://kanese-minoyaki.co.jp/,,1
カノー（株）,https://kano-sky.co.jp/,kano-sky.co.jp,,https://kano-sky.co.jp/,none,B,tigs101;tigs101_v2,,,
cafooca,https://cafooca.com/,cafooca.com,cafooca2019@gmail.com,https://cafooca.com/shopinfo/#shopinfo-inquiry,none,A,tigs101;tigs101_v2,https://cafooca.com/,1,
kapuwa,https://kapuwashop.com/?srsltid=AfmBOorR4pY2ABEkD_E3_GmSHTk67OBiqGmfr-vTlfF9-n05tivubqMF,kapuwashop.com,,,none,none,tigs101;tigs101_v2,,,
カベラボ／若林製作所,https://www.tv-tokyo.co.jp/plus/external-pr/entry/51010.html,tv-tokyo.co.jp,,,none,none,tigs101;tigs101_v2;lifestyle_880021,,,
かほく市商工会,https://kahoku.shoko.or.jp/,kahoku.shoko.or.jp,kenren@shoko.or.jp,https://shoko.or.jp/contact/sci/kahoku/,none,A,tigs101;tigs101_v2,https://kahoku.shoko.or.jp/,,1
Kamakura Sunglasses／（株）天佑,https://www.tenyou-jp.com/,tenyou-jp.com,,https://www.tenyou-jp.com/contact/,none,B,tigs101;tigs101_v2,,,
Camino,https://www.narita-airport.jp/ja/company/business/camino/,narita-airport.jp,kouhou@naa.jp,,none,A,tigs101;tigs101_v2,https://www.narita-airport.jp/ja/company/business/camino/,,1
（株）カミオジャパン,https://kamiojapan.jp/,kamiojapan.jp,,https://kamiojapan.jp/contact/,none,B,tigs101;tigs101_v2,,,
Kamiora,https://news.yahoo.co.jp/articles/23d922b3428f9b2b277ac85a242ac42650e3310d,news.yahoo.co.jp,,,none,none,tigs101;tigs101_v2;twf2025,,,
神々の国しまねの木,https://www.atc-ihpc.com/eventseminar/20220803/6515/,atc-ihpc.com,ihpc@atc-co.com,,email,A,tigs101,,,1
（株）神谷商会,https://www.kamiya.co.jp/,kamiya.co.jp,saiyou@kamiya.co.jp,https://www.kamiya.co.jp/inquiry/,none,A,tigs101;tigs101_v2,https://www.kamiya.co.jp/,,
（株）神山表具,https://www.kamiyama-hyougu.com/,kamiyama-hyougu.com,info@kamiyama-hyougu.com,https://www.kamiyama-hyougu.com/contact/,none,A,tigs101;tigs101_v2,https://www.kamiyama-hyougu.com/,,
（株）カムサ,https://www.kk-camsa.jp/,kk-camsa.jp,,https://www.kk-camsa.jp/contact/,none,B,tigs101;tigs101_v2,,,
カメヤマキャンドルハウス,https://k-design.kameyama.co.jp/,k-design.kameyama.co.jp,,https://www.kameyama.co.jp/contact.html,none,B,tigs101;tigs101_v2,,,
加茂刃物製作所,https://www.takefu-knifevillage.jp/kamo,takefu-knifevillage.jp,katsuyasu@kamohamono.com,,email,A,tigs101,,,1
加陽印刷（株）,https://kayo.co.jp/,kayo.co.jp,,https://shop.kayo.co.jp/view/search,none,B,tigs101;tigs101_v2;lifestyle_880021;lifestyle_880026,,,
佳耀工房,https://kyoto-kayokobo.jp/,kyoto-kayokobo.jp,,https://kyoto-kayokobo.jp/postmail/postmail.cgi,none,B,tigs101;tigs101_v2,,,
カヨトイズ／カヨ通商（株）,https://kayo-trading.com/,kayo-trading.com,,https://kayo-trading.com/contact/,none,B,tigs101;tigs101_v2,,,
（有）カラーズ,http://colorz-zakka.net/,colorz-zakka.net,,http://colorz-zakka.net/contact/,form,B,tigs101,,,
COLORK,https://www.glam33.jp/c/BRAND/c27?srsltid=AfmBOoqTLaYSGdDtaDLSsBoX_5Me8jqMFRHf4SmOgi4nWnVHgNTejTgo,glam33.jp,info@glam33.jp,https://www.glam33.jp/p/search,none,A,tigs101;tigs101_v2,https://www.glam33.jp/c/BRAND/c27?srsltid=AfmBOoqTLaYSGdDtaDLSsBoX_5Me8jqMFRHf4SmOgi4nWnVHgNTejTgo,,
ga.la／長野刺繍,https://ga-la-jp.com/,ga-la-jp.com,,https://ga-la-jp.com/contact/,none,B,tigs101;tigs101_v2,,,
CARINO FairTrade,https://carinofairtrade.com/,carinofairtrade.com,honma@carinofairtrade.com,,email,A,tigs101,,,
CALINER,https://natulan.jp/Form/Product/ProductList.aspx?bid=CAL001&srsltid=AfmBOortA8831S2oem4B9RkQW8hYKtYSvwA3WhXeIehvipItNgSeeZqd,natulan.jp,,https://natulan.jp/Form/Inquiry/InquiryInput.aspx,none,B,tigs101;tigs101_v2,,,
刈谷商工会議所,https://kariya-cci.or.jp/,kariya-cci.or.jp,kcci1@kariya-cci.or.jp,https://kariya-cci.or.jp/contact/,none,A,tigs101;tigs101_v2;cci,https://kariya-cci.or.jp/,,
カルペディエム,https://carpe-di-em.jp/,carpe-di-em.jp,,https://carpe-di-em.jp/contact/,none,B,tigs101;tigs101_v2,,,
Karma,https://www.hmv.co.jp/news/article/250724124/,hmv.co.jp,kaitori@ent.lawson.co.jp,https://www.hmv.co.jp/search/searchresults/,none,A,tigs101;tigs101_v2,https://www.hmv.co.jp/news/article/250724124/,,1
（株）和和得組,https://www.k-kawauso.com/,k-kawauso.com,,,none,none,tigs101;tigs101_v2,,,
（株）河上工芸所,https://kawakamikogeisho.jp/,kawakamikogeisho.jp,,https://kawakamikogeisho.jp/company/#wpcf7-f28-o1,none,B,tigs101;tigs101_v2,,,
川上産業（株）,https://www.putiputi.co.jp/,putiputi.co.jp,,https://www.putiputi.co.jp/contact,none,B,tigs101;tigs101_v2,,,
川口指物家具工房,https://woodwork.nakawood.co.jp/woodwork/mr-kawaguchi/,woodwork.nakawood.co.jp,info@nakawood.co.jp,https://woodwork.nakawood.co.jp/inquiry/,none,A,tigs101;tigs101_v2,https://woodwork.nakawood.co.jp/woodwork/mr-kawaguchi/,,1
革工房すだく,https://www.sudaku.jp/,sudaku.jp,,https://www.sudaku.jp/information/contact/,form,B,tigs101,,,
川崎化工（株）,https://kawasakikako.co.jp/,kawasakikako.co.jp,,https://kawasakikako.co.jp/contact/,none,B,tigs101;tigs101_v2,,,
川島商事（株）,https://e-ktc.co.jp/,e-ktc.co.jp,shohei.f.1989@e-ktc.co.jp,https://e-ktc.co.jp/company/contact/,none,A,tigs101;tigs101_v2,https://e-ktc.co.jp/,,
川十（株）,https://www.kawajyu.jp/,kawajyu.jp,yagi@kawajyu.jp,https://www.kawajyu.jp/contact/,email,A,tigs101,,,
川並鉄工（株）,https://kawanami-metal.jp/,kawanami-metal.jp,,https://kawanami-metal.jp/contact/,none,B,tigs101;tigs101_v2,,,
（株）かわ畑貿易,https://kawahata-jp.com/,kawahata-jp.com,info@kawahata-jp.com,,email,A,tigs101,,,
川辺（株）,https://www.kawabe.co.jp/aboutus/cp_profile.html,kawabe.co.jp,,https://www.kawabe.co.jp/contact.html,none,B,tigs101;tigs101_v2,,,
川村製紐工業（株）,https://seichu.co.jp/,seichu.co.jp,info@seichu.co.jp,https://seichu.co.jp/contact/,email,A,tigs101,,,
（株）菅野養蜂場,https://honeyfarm-kanno.com/,honeyfarm-kanno.com,,https://honeyfarm-kanno.com/,none,B,tigs101;tigs101_v2,,,
（株） 神戸珠数店,https://www.kyoto-kanbejuzu.co.jp/,kyoto-kanbejuzu.co.jp,,https://www.kyoto-kanbejuzu.co.jp/contact.html,none,B,tigs101;tigs101_v2,,,
韓国キャラクター／（株）コンテンツセブン,https://www.yeptown.net/about,yeptown.net,yeptown@contents7.co.jp,,email,A,tigs101,,,1
（株）キースプランニング,https://www.keesplanning.co.jp/,keesplanning.co.jp,,https://www.keesplanning.co.jp/contact/,none,B,tigs101;tigs101_v2,,,
Kiichi,https://studiokiichi.com/,studiokiichi.com,,https://studiokiichi.com/support/contact/,none,B,tigs101;tigs101_v2;omotenashi,,,
ギエモン （株）オカモト商店,https://okamotoshoten.co.jp/?srsltid=AfmBOoqNec22FxLj_QgRZWvQGO91drOfWMkO05jlIUNEXxUPk8o1Jiz1,okamotoshoten.co.jp,info@giemon.com,,email,A,tigs101,,,1
木緒礼,https://18trip.jp/,18trip.jp,jtbc.entdesk@jtb.com,https://18trip.jp/contact/,none,A,tigs101;tigs101_v2,https://18trip.jp/,,1
KIKIPARFAIT,https://kikiparfait.stores.jp/,kikiparfait.stores.jp,,,none,none,tigs101;tigs101_v2,,,
KIKUHIRO,https://www.kikuhiro.com/,kikuhiro.com,info@kikuhiro.com,,email,A,tigs101,,,
紀澤,https://www.kyoto-kizawa.com/,kyoto-kizawa.com,,https://www.kyoto-kizawa.com/,none,B,tigs101;tigs101_v2;omotenashi,,,
KIZAWA,https://www.kizawa-jp.com/,kizawa-jp.com,info@cullent.jp,https://www.kizawa-jp.com/#makeshop-common-contact-url,none,A,tigs101;tigs101_v2,https://www.kizawa-jp.com/,,1
（株）キシマ,https://kishima.com/,kishima.com,news@kishima.com,https://kishima.com/about-us/cn29/contact.html,none,A,tigs101;tigs101_v2;ilt_direct;ilt_v2,https://kishima.com/,,
岸本挽物,https://kisshiandbu.chu.jp/,kisshiandbu.chu.jp,kisshi@sf.tokai.or.jp,https://kisshiandbu.chu.jp/contact/,none,A,tigs101;tigs101_v2;ilt_direct;ilt_v2,https://kisshiandbu.chu.jp/,,1
KISEN・空穏KUON・喜泉堂／四津川製作所,https://www.kisendo.net/,kisendo.net,info@kisen.jp.net,,email,A,tigs101,,,1
木曽漆器,https://kogeijapan.com/locale/ja_JP/kisoshikki/,kogeijapan.com,,,none,none,tigs101;tigs101_v2,,,
（株）木曽檜三百年,https://kisohinoki300.com/?ls=ja&cache=false,kisohinoki300.com,,https://kisohinoki300.com/pages/contact-us,none,B,tigs101;tigs101_v2,,,
（株）北市漆器店,https://www.kitaichi.com/,kitaichi.com,kitaichi@kitaichi.com,https://www.kitaichi.com/contactform,email,A,tigs101;omotenashi,,,
（有）キタガワ,https://kitagawa7771.jp/,kitagawa7771.jp,info@kitagawa7771.jp,https://kitagawa7771.jp/contact/,email,A,tigs101,,,
(株)北正,https://www.kt-kitasho.co.jp/,kt-kitasho.co.jp,info@kt-kitasho.co.jp,,email,A,tigs101,,,
喜多製材所,https://www.hinoki.pro/,hinoki.pro,,https://www.hinoki.pro/%E3%81%8A%E5%95%8F%E3%81%84%E5%90%88%E3%82%8F%E3%81%9B/,none,B,tigs101;tigs101_v2,,,
北野陶寿堂,https://www.toulife.jp/?srsltid=AfmBOoooc2YyvsxFmfnvLujIjBE4l2GQ9u8JYLv1xmcGYaPMj8h1cuDS,toulife.jp,info@toulife.jp,,email,A,tigs101,,,
（株）北見ハッカ通商,https://hakka.be/,hakka.be,,https://hakka.be/contact/,none,B,tigs101;tigs101_v2,,,
（株）キタヤマ,https://www.e-kitayama.jp/,e-kitayama.jp,,https://www.e-kitayama.jp/,none,B,tigs101;tigs101_v2,,,
（株）北山正積商店,https://kitayamamasatsumu.com/,kitayamamasatsumu.com,info@kitayamamasatsumu.com,https://kitayamamasatsumu.com/contact,email,A,tigs101;omotenashi,,,
KIKKA,https://kikka-japan.com/?srsltid=AfmBOoreFyr7YarXAA9i7u7mPfXsrFu2YYAvo-CkUk0owqUpU_Q_Xa5h,kikka-japan.com,info@kikka-japan.com,https://kikka-japan.com/pages/contact,none,A,tigs101;tigs101_v2,https://kikka-japan.com/?srsltid=AfmBOoreFyr7YarXAA9i7u7mPfXsrFu2YYAvo-CkUk0owqUpU_Q_Xa5h,,
キッシーズ,https://www.kishis.co.jp/,kishis.co.jp,contact@kishis.co.jp,https://kishis.ciao.jp/contact/contact_kishis,none,A,tigs101;tigs101_v2,https://kishis.co.jp/,,
（株）キツタカ,https://www.kitsutaka.co.jp/,kitsutaka.co.jp,,https://www.kitsutaka.co.jp/contact/,none,B,tigs101;tigs101_v2,,,
キッチン用品企画 coreiine.com,https://coreiine.com/,coreiine.com,,https://coreiine.com/contact.html,none,B,tigs101;tigs101_v2,,,
キップス,https://kips-web.com/,kips-web.com,,https://kips-web.com/contact/,none,B,tigs101;tigs101_v2,,,
機能素材（株）,https://kinousozai.co.jp/,kinousozai.co.jp,info@kinousozai.co.jp,https://kinousozai.co.jp/company/contact/index.php,none,A,tigs101;tigs101_v2;oigs67;omotenashi,https://kinousozai.co.jp/,,
KIBi by takano-create,https://www.kibi-kaga.com/,kibi-kaga.com,,https://www.kibi-kaga.com/contact,none,B,tigs101;tigs101_v2,,,
岐阜県,https://www.pref.gifu.lg.jp/,pref.gifu.lg.jp,c11369@pref.gifu.lg.jp,https://www.pref.gifu.lg.jp/search.html,none,A,tigs101;tigs101_v2;oigs67,https://www.pref.gifu.lg.jp/,,
岐阜県商品開発研究所,https://gpdl2020.com/,gpdl2020.com,hello@corygibbons.com,https://gpdl2020.com/contact,none,A,tigs101;tigs101_v2,https://gpdl2020.com/,,1
（株）ギフト・パートナーズ,https://giftpartners.co.jp/,giftpartners.co.jp,,https://giftpartners.co.jp/contact/,none,B,tigs101;tigs101_v2,,,
（株）木村桜士堂,https://www.kimura-ohshido.co.jp/,kimura-ohshido.co.jp,,https://www.kimura-ohshido.co.jp/contact/index.html,none,B,tigs101;tigs101_v2,,,
(株)木村刃物製作所,https://kimura-knife.co.jp/,kimura-knife.co.jp,,https://kimura-knife.co.jp/contact/,none,B,tigs101;tigs101_v2,,,
（一社）キャラクターブランド・ライセンス協会,https://www.cbla.jp/,cbla.jp,info@cbla.jp,,none,A,tigs101;tigs101_v2,https://www.cbla.jp/,,
ギャルソンラレゾン,https://www.garconlaraison.com/,garconlaraison.com,shop@garconlaraison.shop-pro.jp,,email,A,tigs101,,,1
（株）九合,https://kyugo-ltd.jp/,kyugo-ltd.jp,info@kyugo-ltd.jp,,email,A,tigs101,,,
（株）CUTEJOY STUDiO,https://www.cutejoy.com/,cutejoy.com,,https://www.cutejoy.com/pages/contact,none,B,tigs101;tigs101_v2,,,
Q-FLA,http://q-fla.co.jp/,q-fla.co.jp,,http://q-fla.co.jp/contact,form,B,tigs101,,,
共栄商事（株）,https://www.kyoeishoji.co.jp/,kyoeishoji.co.jp,,https://www.kyoeishoji.co.jp/contact/,none,B,tigs101;tigs101_v2,,,
共栄プラスチック（株）,https://kyoei-orions.com/,kyoei-orions.com,info-o@kyoei-plastic.co.jp,https://kyoei-orions.com/contact/,none,A,tigs101;tigs101_v2,https://kyoei-orions.com/,,1
（株）京彩,https://www.kyosai-jo.co.jp/,kyosai-jo.co.jp,,https://www.kyosai-jo.co.jp/contact.html,none,B,tigs101;tigs101_v2;fgs2025,,,
京都烏丸六七堂,https://rokuhichido.stores.jp/,rokuhichido.stores.jp,,,none,none,tigs101;tigs101_v2,,,
（株）京都桐箱工芸,https://www.kyoto-kiri.com/,kyoto-kiri.com,,https://www.kyoto-kiri.com/contact,none,B,tigs101;tigs101_v2,,,
京都 五条・茶わん坂 東五六,https://tohgoro.co.jp/,tohgoro.co.jp,info@tohgoro.co.jp,,email,A,tigs101,,,
京都W.D.Ｈ.,https://www.wdh.kyoto/,wdh.kyoto,bmpj@kyo.or.jp,,none,A,tigs101;tigs101_v2,https://www.wdh.kyoto/,,1
京都デニム,https://kyoto-denim.com/,kyoto-denim.com,kyoto@kyoto-denim.jp,https://kyoto-denim.com/contact-us/,none,A,tigs101;tigs101_v2;lifestyle_880021;lifestyle_880026;ilt_direct;ilt_v2,https://kyoto-denim.com/,,1
京都美術化工（株）,https://kyoto-art.co.jp/,kyoto-art.co.jp,,https://kyoto-art.co.jp/contact/,none,B,tigs101;tigs101_v2,,,
京の黒染屋 五代目 柊屋新七,https://www.black-silk.com/about/message/,black-silk.com,kuro-zome@black-silk.com,https://www.black-silk.com/contact/,email,A,tigs101,,,
（有）京風堂,https://kyofudo.com/,kyofudo.com,,https://kyofudo.com/contact/,none,B,tigs101;tigs101_v2,,,
協和工業（株）,https://www.kyowakogyo.co.jp/,kyowakogyo.co.jp,,https://www.kyowakogyo.co.jp/contact/,none,B,tigs101;tigs101_v2,,,
協和紙工（株）,https://kyowa-shiko.co.jp/,kyowa-shiko.co.jp,master@kyowa-shiko.co.jp,https://kyowa-shiko.co.jp/contact,email,A,tigs101;lifestyle_880021;lifestyle_880026,,,
（株）玉虎堂製作所,https://www.marutama1919.com/,marutama1919.com,mail@gyokkodou.co.jp,,email,A,tigs101,,,1
KYOOHOO 京都異業種交流会,https://www.kyoohoo.jp/,kyoohoo.jp,,https://www.kyoohoo.jp/contact,none,B,tigs101;tigs101_v2,,,
（有）キラメキコーポレーション,https://www.kirameki-corporation.com/,kirameki-corporation.com,zakka.kirameki@gmail.com,https://www.kirameki-corporation.com/contact/,none,A,tigs101;tigs101_v2;lifestyle_880021;lifestyle_880026,https://www.kirameki-corporation.com/,1,
（株）キララ,https://www.kirara-corp.co.jp/,kirara-corp.co.jp,,,none,none,tigs101;tigs101_v2,,,
KIRIORI,https://kiri-ori.com/,kiri-ori.com,,https://kiri-ori.com/contact,none,B,tigs101;tigs101_v2,,,
KIRIKOMI,https://www.maisonkirikomi.com/,maisonkirikomi.com,,https://thebase.com/inquiry/KIRIKOMI-fashionstore-jp,form,B,tigs101,,,
桐生てぬぐい,https://kiryu-tenugui.jp/,kiryu-tenugui.jp,hiraken@waltz.ocn.ne.jp,,email,A,tigs101;lifestyle_880021,,,1
銀雅堂,https://www.ginga-do.jp/,ginga-do.jp,,https://nagae.co.jp/contact/,none,B,tigs101;tigs101_v2,,,
（株）キングスター,https://kingstar.co.jp/%E4%BC%9A%E7%A4%BE%E6%A6%82%E8%A6%81/,kingstar.co.jp,,,none,none,tigs101;tigs101_v2,,,
金彩工芸山田,https://kinhakusara.handcrafted.jp/,kinhakusara.handcrafted.jp,,https://thebase.com/inquiry/kinhakusara-handcrafted-jp,form,B,tigs101,,,
銀座吉田（株）,https://www.ginzayoshida.co.jp/,ginzayoshida.co.jp,info@ginzayoshida.co.jp,,none,A,tigs101;tigs101_v2,https://www.ginzayoshida.co.jp/,,
錦城護謨（株）,https://www.kinjogomu.jp/,kinjogomu.jp,info_general@kinjogomu.jp,,none,A,tigs101;tigs101_v2,https://www.kinjogomu.jp/,,
金野タオル（株）,https://www.kinno.co.jp/,kinno.co.jp,info@kinno.co.jp,https://www.kinno.co.jp/contact.html,none,A,tigs101;tigs101_v2,https://www.kinno.co.jp/,,
（株）勤労食,https://kinrosyoku.co.jp/,kinrosyoku.co.jp,,https://kinrosyoku.co.jp/contact/,none,B,tigs101;tigs101_v2;ilt_direct;ilt_v2,,,
クイック・ロック・ジャパン（株）,https://www.kwiklok.com/jp/,kwiklok.com,sales@kwiklok.co.jp,https://www.kwiklok.com/jp/contact/,email,A,tigs101,,,1
CUORE,https://cuore-nagatomo.com/,cuore-nagatomo.com,info@cuore-nagatomo.com,https://cuore-nagatomo.com/contact/contact_form.html,none,A,tigs101;tigs101_v2,https://cuore-nagatomo.com/,,
（有）草苅工業,https://kusakarikogyo.com/,kusakarikogyo.com,,https://kusakarikogyo.com/php/mailform.php,none,B,tigs101;tigs101_v2,,,
九櫻刺子,https://kusakurasashiko.shop-pro.jp/,kusakurasashiko.shop-pro.jp,,,none,none,tigs101;tigs101_v2,,,
草津商工会議所,https://www.kstcci.or.jp/,kstcci.or.jp,groupsales@kyodo-osaka.co.jp,https://www.kstcci.or.jp/contact,none,A,tigs101;tigs101_v2;cci,https://www.kstcci.or.jp/,,1
（株）クスグルジャパン,https://kusuguru-jp.com/,kusuguru-jp.com,info@kusuguru-jp.com,https://kusuguru-jp.com/contact/,email,A,tigs101,,,
楠橋紋織（株）,https://www.kusubashi.jp/,kusubashi.jp,soumu@kusubashi.jp,https://www.kusubashi.jp/contact/,none,A,tigs101;tigs101_v2,https://www.kusubashi.jp/,,
九谷焼 窯元 吉右衛門窯／嶋田陶器(株),http://www.kutanishimada.co.jp/product/index.html,kutanishimada.co.jp,info@kutanishimada.co.jp,,none,A,tigs101;tigs101_v2,http://www.kutanishimada.co.jp/product/index.html,,
九谷焼・能美市商工会,https://kutani.or.jp/,kutani.or.jp,rengoukai@kutani.or.jp,,email,A,tigs101,,,
九谷結窯,https://yui-koubou.com/,yui-koubou.com,yui-shop@milantee.com,https://yui-koubou.com/,email,A,tigs101;omotenashi,,,1
クッション折戸,https://www.shizuokafusuma.co.jp/foldingdoor/,shizuokafusuma.co.jp,info@shizuokafusuma.co.jp,https://www.shizuokafusuma.co.jp/inquiry/,none,A,tigs101;tigs101_v2,https://www.shizuokafusuma.co.jp/foldingdoor/,,
GOOD IS GOOD,https://goodisgood-shonan.com/?srsltid=AfmBOopeHEYT8ldtkb9qUKw92xusf3Lb35NvMdkaeZCg5dg0IKoTxKfv,goodisgood-shonan.com,,https://goodisgood-shonan.com/pages/contact,none,B,tigs101;tigs101_v2,,,
グッドデザインしずおか（静岡県）,https://www.pref.shizuoka.jp/design/,pref.shizuoka.jp,chiikisangyo@pref.shizuoka.lg.jp,,email,A,tigs101,,,1
（株）グッドワーク,https://goodwork-kagawa.jimdofree.com/,goodwork-kagawa.jimdofree.com,,https://goodwork-kagawa.jimdofree.com/%E3%81%8A%E5%95%8F%E3%81%84%E5%90%88%E3%82%8F%E3%81%9B/,none,B,tigs101;tigs101_v2,,,
Knirps,https://www.knirps.jp/,knirps.jp,,https://www.knirps.jp/information.html#contact,none,B,tigs101;tigs101_v2,,,
（株）クフウノトビラ,https://www.kufuno.com/,kufuno.com,,https://www.kufuno.com/contact,none,B,tigs101;tigs101_v2;lifestyle_880021;lifestyle_880026,,,
熊永堂,https://www.number-8.net/,number-8.net,,https://www.number-8.net/contact/index.php,none,B,tigs101;tigs101_v2,,,
（株）熊谷聡商店,http://www.kyoto-kumagai.co.jp/,kyoto-kumagai.co.jp,info@kyoto-kumagai.co.jp,http://www.kyoto-kumagai.co.jp/contact/qa.html,email,A,tigs101,,,
GRASSE TOKYO（株）,https://grassetokyo.com/,grassetokyo.com,info@grassetokyo.com,,email,A,tigs101;ilt_direct,,,
クラウドファンディング・ラウンジ,https://seka-waku.com/giftshow_img/,seka-waku.com,info@otakeyubi-ken.com,https://seka-waku.com/contact/,none,A,tigs101;tigs101_v2,https://seka-waku.com/giftshow_img/,,1
（株）グラスアート,https://glassart-op.com/,glassart-op.com,,,none,none,tigs101;tigs101_v2,,,
Grass & Leaves,https://grassandleaves.com/?srsltid=AfmBOorcdAuqcgl0eeKNrrHewC-cInEQqOqib3fhx2M3Lp9_-tp7BgjD,grassandleaves.com,,https://grassandleaves.com/contact-us/,none,B,tigs101;tigs101_v2,,,
（有）グラススクエア,https://www.glass-square.co.jp/,glass-square.co.jp,contact@glass-square.co.jp,https://www.glass-square.co.jp/contact/,none,A,tigs101;tigs101_v2,https://www.glass-square.co.jp/,,
GLASSLAB（株）,https://glass-labo.com/,glass-labo.com,glasslab417@gmail.com,https://glass-labo.com/inquiry/,none,A,tigs101;tigs101_v2;ilt_direct,messe_frankfurt_exhibitor_api,1,
（株）クラックス,https://crux.jp/,crux.jp,,https://crux.jp/contact,none,B,tigs101;tigs101_v2,,,
（株）グラッシー,https://glassie.co.jp/,glassie.co.jp,,,none,none,tigs101;tigs101_v2,,,
（株）グランサンク,https://grandcinq.jp/view/company,grandcinq.jp,info@grandcinq.jp,https://grandcinq.jp/view/company#makeshop-common-contact-url,none,A,tigs101;tigs101_v2,https://grandcinq.jp/view/company,,
（株）GRAND JAPAN／Ema,https://www.emaglobal.com.sg/ema-global-japan-co-ltd/,emaglobal.com.sg,taro@emaglobal.com.sg,,email,A,tigs101,,,
（株）グランド,https://www.grand-inc.co.jp/,grand-inc.co.jp,,https://www.grand-inc.co.jp/contact.php,form,B,tigs101,,,
グランドア,https://grandoor.shop/?srsltid=AfmBOoqsfgCcbhpcu_UeVoa3xCWs07aZFkRSEYB1PcpWBaVHkFf6C3WC,grandoor.shop,support@imachu.com,,email,A,tigs101,,,1
グリーンエレファント,https://g-elephant.jp/,g-elephant.jp,,https://g-elephant.jp/contact,none,B,tigs101;tigs101_v2,,,
グリーンパワーうんなん,https://www.gp-unnan.com/,gp-unnan.com,unnan.gpu@gmail.com,https://www.gp-unnan.com/contact,email,A,tigs101,,1,
Green Flash,https://www.greenflash.co.jp/,greenflash.co.jp,,https://www.greenflash.co.jp/contact/,none,B,tigs101;tigs101_v2,,,
グリーンポット,https://www.greenpot.co.jp/,greenpot.co.jp,,https://www.greenpot.co.jp/c-o-n-t-a-n-c-t,none,B,tigs101;tigs101_v2,,,
Creative&Branding,https://www.b-mall.ne.jp/CompanyDetail-DZbqCQjyGRhv.html,b-mall.ne.jp,b-mall@b-mall.ne.jp,https://www.b-mall.ne.jp/inquiry/edit/?key=DZbqCQjyGRhv,none,A,tigs101;tigs101_v2;minkougei;minkougei_v2;satofull,https://www.b-mall.ne.jp/CompanyDetail-DZbqCQjyGRhv.html,,
（株）クリエストン,https://www.creaston.co.jp/,creaston.co.jp,,https://www.creaston.co.jp/contact/,form,B,tigs101,,,
（有）栗原金庫製作所,https://www.kuriharakinko.com/,kuriharakinko.com,kurikinko@yahoo.co.jp,,none,A,tigs101;tigs101_v2,https://www.kuriharakinko.com/,1,
クリフメイヤー,https://kriffmayer.jp/,kriffmayer.jp,support@asdic.co.jp,https://cse.google.com/cse,none,A,tigs101;tigs101_v2,https://kriffmayer.jp/,,1
（株）グルマンディーズ,https://www.gourmandise.co.jp/,gourmandise.co.jp,service-web@gourmandise.co.jp,https://www.gourmandise.co.jp/contact_us/,none,A,tigs101;tigs101_v2,https://www.gourmandise.co.jp/,,
（公財）久留米地域地場産業振興センター,https://welcome-kurume.com/spots/detail/fe8b8ca3-cf92-4cd2-b85e-82bd494adf10,welcome-kurume.com,ktie@ktarn.jp,,email,A,tigs101,,,1
（株）クレア,https://clea.co.jp/,clea.co.jp,,https://clea.co.jp,none,B,tigs101;tigs101_v2,,,
（株）グレイスエンブ,https://www.grace-emb.co.jp/,grace-emb.co.jp,info@grace-emb.co.jp,https://www.grace-emb.co.jp/contact/contact.php,email,A,tigs101,,,
Grateful Import,https://gra-japan.com/,gra-japan.com,im@gra-japan.com,,email,A,tigs101,,,
（株）グレイ・パーカー・サービス,https://grayparkaservice.com/,grayparkaservice.com,,https://grayparkaservice.com/pages/contact,none,B,tigs101;tigs101_v2,,,
（株）クレエ,https://www.creer-web.co.jp/,creer-web.co.jp,creerw@creer-web.co.jp,,none,A,tigs101;tigs101_v2,https://www.creer-web.co.jp/,,
クレシェンド,https://www.crescendo-site.com/,crescendo-site.com,info@ozone-kun.com,https://www.crescendo-site.com/mail.php,none,A,tigs101;tigs101_v2;ilt_direct,https://www.crescendo-site.com/,,1
（株）クレッセント,https://www.crescentinc.co.jp/,crescentinc.co.jp,info@crescentinc.co.jp,,email,A,tigs101,,,
GREDEER CRAFTECA,https://bambi.jp/product/rwc028c/,bambi.jp,info.soumu@bambi.co.jp,https://bambi.jp/contact,email,A,tigs101;omotenashi,,,1
CLEDRAN,https://www.cledran.com/,cledran.com,,https://www.cledran.com/,none,B,tigs101;tigs101_v2,,,
（株）グロウスコム,https://ip-growth.co.jp/,ip-growth.co.jp,info-grc@ip-growth.co.jp,,email,A,tigs101,,,
グラフィックデザイナー 黒岡 めぐみ,https://kurookamegumi.com/,kurookamegumi.com,,https://kurookamegumi.com/contact/,none,B,tigs101;tigs101_v2,,,
（株）グローバルアロー,https://global-arrow.com/,global-arrow.com,,https://global-arrow.com/contact.html,none,B,tigs101;tigs101_v2,,,
（株）グローバル・ジャパン,https://gjapan.co.jp/,gjapan.co.jp,info@gjapan.test,https://gjapan.co.jp/contact/,none,A,tigs101;tigs101_v2,https://gjapan.co.jp/,,1
（株）グローバルT,http://global-t.biz/,global-t.biz,,https://global-t.biz/wordpress/wp-comments-post.php,none,B,tigs101;tigs101_v2,,,
（株）グローバルプロダクトプランニング,https://www.gpp-shop.com/shop/default.aspx?srsltid=AfmBOopsMbRTwtvqzgcz610dQ_cNOCSlvAB20qZWi2DaXifYQxgmlYGP,gpp-shop.com,gpporder@global-pp.com,https://www.gpp-shop.com/shop/contact/contact.aspx,none,A,tigs101;tigs101_v2,https://www.gpp-shop.com/shop/default.aspx?srsltid=AfmBOopsMbRTwtvqzgcz610dQ_cNOCSlvAB20qZWi2DaXifYQxgmlYGP,,1
（株）グローリー,https://www.glory.co.jp/,glory.co.jp,regix@com.glory.co.jp,https://www.glory.co.jp/contact/,none,A,tigs101;tigs101_v2;oigs67,https://www.glory.co.jp/,,
クロビスベビー(FUNAZAWA),https://clovisbaby.jp/,clovisbaby.jp,swimava_japan@newcastleclassics.jp,,email,A,tigs101;ilt_direct,,,1
くろちく,https://www.kurochiku.co.jp/,kurochiku.co.jp,luxury-kyoto@kurochiku.co.jp,https://www.kurochiku.co.jp/inquiry.php,none,A,tigs101;tigs101_v2,https://www.kurochiku.co.jp/,,
グロリア（株）,https://gloria.adventure-gr.com/,gloria.adventure-gr.com,,https://gloria.adventure-gr.com/contact/,none,B,tigs101;tigs101_v2,,,
群馬県,https://www.pref.gunma.jp/,pref.gunma.jp,toukeika@pref.gunma.lg.jp,https://www.pref.gunma.jp/search.html,none,A,tigs101;tigs101_v2,https://www.pref.gunma.jp/,,1
（株）ケアファッション,http://www.carefashion.co.jp/,carefashion.co.jp,,https://www.carefashion-online.com/shop/contact/contact.aspx,none,B,tigs101;tigs101_v2,,,
KNT365,https://knt365.com/?srsltid=AfmBOoonwyl0G1tmdVDwFum1mw69OPBxoj__XzYFMX5WuCY1M1YYyi39,knt365.com,peace@knt365.com,https://knt365.com/pages/contact,none,A,tigs101;tigs101_v2,https://knt365.com/?srsltid=AfmBOoonwyl0G1tmdVDwFum1mw69OPBxoj__XzYFMX5WuCY1M1YYyi39,,
ケイ・デザイン,http://kei-design.jp/,kei-design.jp,,,none,none,tigs101;tigs101_v2,,,
ケイ・ホスピア（株）,https://www.hospia.co.jp/,hospia.co.jp,info@hospia.co.jp,https://www.hospia.co.jp/contact/,none,A,tigs101;tigs101_v2,https://www.hospia.co.jp/,,
K-works（同）,https://kworks.llc/,kworks.llc,,https://kworks.llc/contact/,none,B,tigs101;tigs101_v2,,,
（株）ケーアイジャパン,https://www.kijapan.com/,kijapan.com,,,none,none,tigs101;tigs101_v2,,,
（株）ケーエス,https://ks-agri.com/,ks-agri.com,ks@ks-agri.com,https://ks-agri.com/contact,none,A,tigs101;tigs101_v2,https://ks-agri.com/,,
（株）ケーエスインターナショナルトレイディング,https://ksitokyo.com/,ksitokyo.com,info@ksitokyo.com,https://ksitokyo.com/contact/,none,A,tigs101;tigs101_v2,https://ksitokyo.com/,,
KPS（株）,https://www.kpstrade.net/,kpstrade.net,,,none,none,tigs101;tigs101_v2,,,
ＫＢツヅキ（株）,http://www.tsuzukibo.co.jp/,tsuzukibo.co.jp,,http://www.tsuzukibo.co.jp/contact.html,none,B,tigs101;tigs101_v2,,,
GETA LABO,https://getalabo-store.com/?srsltid=AfmBOorZy69xsjB7aEHO4uNvKOVv3giySAhySrF_zEzwHst8fdhOjreE,getalabo-store.com,,,none,none,tigs101;tigs101_v2,,,
kepani,https://kepani.jp/,kepani.jp,fav@dune.ocn.ne.jp,https://kepani.jp/contact,none,A,tigs101;tigs101_v2,https://kepani.jp/,,1
ケンエレファント,https://kenelephant.co.jp/,kenelephant.co.jp,newsed@kenelephant.co.jp,https://kenelephant.co.jp/contact/,none,A,tigs101;tigs101_v2;ilt_direct;ilt_v2;ambiente_direct,https://kenelephant.co.jp/,,
（株）ケンコー・トキナー,https://www.kenko-tokina.co.jp/,kenko-tokina.co.jp,ktserviceshop@gmail.com,https://www.kenko-tokina.co.jp/,none,A,tigs101;tigs101_v2;lifestyle_880021,https://www.kenko-tokina.co.jp/,1,
（有）源泉屋,https://yoake-yakuto.com/,yoake-yakuto.com,,https://yoake-yakuto.com/,none,B,tigs101;tigs101_v2,,,
（株）現代百貨,https://www.genhyak.com/,genhyak.com,,https://www.genhyak.com/pages/1/login=true,none,B,tigs101;tigs101_v2,,,
（株）コイズミ,https://www.coizumi.jp/,coizumi.jp,,https://www.coizumi.jp/gene-load/mail.php,none,B,tigs101;tigs101_v2,,,
こい屋（村上鯉幟商会）,https://www.suigetu.jp/,suigetu.jp,instagram@ningyo.murakami,https://www.suigetu.jp/inquiry,email,A,tigs101;lifestyle_880026,,,1
co;ill nine,https://coill-nine.com/,coill-nine.com,,https://coill-nine.com/contact,none,B,tigs101;tigs101_v2,,,
興亜産業（株）,http://www.koasangyo.co.jp/,koasangyo.co.jp,,,none,none,tigs101;tigs101_v2,,,
広域ものづくりネットワーク形成支援事業,https://www.tokyo-kosha.or.jp/support/shien/monozukuri/index.html,tokyo-kosha.or.jp,frontier@tokyo-kosha.or.jp,https://www.tokyo-kosha.or.jp/contact.html,none,A,tigs101;tigs101_v2,,,
興栄工業（株）,https://www.kouei-kougyou.co.jp/,kouei-kougyou.co.jp,,https://www.kouei-kougyou.co.jp/publics/search,none,B,tigs101;tigs101_v2,,,
KOGU／下村企販,http://www.simomura-kihan.co.jp/kogu/,simomura-kihan.co.jp,,http://www.simomura-kihan.co.jp/kogu/kogu/contact/,none,B,tigs101;tigs101_v2;ilt_direct;ilt_v2,,,
（株）香彩堂,https://kousaido-ec.jp/,kousaido-ec.jp,shop@kousaido-ec.jp,https://kousaido-ec.jp/pages/contact,none,A,tigs101;tigs101_v2;omotenashi,https://kousaido-ec.jp/,,
KOSHU ILLUSTRATIONS,https://koshuillustrations.com/,koshuillustrations.com,hello@sundaykamakura.com,,email,A,tigs101,,,1
耕人,https://cozyin.jp/,cozyin.jp,contact@cozyin.jp,https://cozyin.jp/contact,none,A,tigs101;tigs101_v2,https://cozyin.jp/,,
（株）甲人,https://www.yoroi-koujin.com/,yoroi-koujin.com,koujin@yoroi-koujin.com,,email,A,tigs101;ilt_direct;ilt_v2,,,
宏進(株),https://koushin2005.com/,koushin2005.com,koushin-info@koushin2005.com,https://koushin2005.com/contact/,none,A,tigs101;tigs101_v2;omotenashi,https://koushin2005.com/,,
（有）光沢,https://www.kotaku.co.jp/,kotaku.co.jp,data@kotaku.co.jp,,email,A,tigs101,,,
高知県,https://www.pref.kochi.lg.jp/,pref.kochi.lg.jp,webmaster@ken4.pref.kochi.lg.jp,https://www.pref.kochi.lg.jp/mailmaga/,none,A,tigs101;tigs101_v2,https://www.pref.kochi.lg.jp/,,
江東ブランド,https://kotobrand.jp/,kotobrand.jp,hanro@city.koto.lg.jp,,none,A,tigs101;tigs101_v2;ilt_direct;ilt_v2,https://kotobrand.jp/,,1
こうのふく,https://www.kounofuku.net/?srsltid=AfmBOorBRnFN5DT5g4MYhtoLUakJ2HivQSKQ4VzuePKE-i9gzJWVgMsb,kounofuku.net,,https://www.kounofuku.net/%E3%81%8A%E5%95%8F%E3%81%84%E5%90%88%E3%82%8F%E3%81%9B,none,B,tigs101;tigs101_v2,,,
高波クリエイト（株）,https://www.kooha-create.co.jp/,kooha-create.co.jp,,https://www.kooha-create.co.jp/contact/,none,B,tigs101;tigs101_v2,,,
（株）幸兵衛窯,http://www.koubei-gama.co.jp/,koubei-gama.co.jp,info@koubei-gama.co.jp,,email,A,tigs101;oigs67,,,
KOBE LEATHER,https://kobeleather.or.jp/,kobeleather.or.jp,info@kobeleather.or.jp,https://kobeleather.or.jp/contact/,none,A,tigs101;tigs101_v2,https://kobeleather.or.jp/,,
工房 沙彩,https://k-saaya.com/,k-saaya.com,,https://k-saaya.com/inquiry/,none,B,tigs101;tigs101_v2,,,
工房ストリート（株）,https://koubou-st.co.jp/,koubou-st.co.jp,,https://koubou-st.co.jp/?page_id=8#wpcf7-f124-p8-o1,none,B,tigs101;tigs101_v2,,,
工房 野良,https://www.koubounora.jp/,koubounora.jp,,https://www.koubounora.jp//contact/contact.php,none,B,tigs101;tigs101_v2,,,
工房 武久,https://koubou-bukyu.online/,koubou-bukyu.online,m-bukyu@koubou-bukyu.online,https://koubou-bukyu.online/pages/contact,none,A,tigs101;tigs101_v2,https://koubou-bukyu.online/,,
工房ペッカー,https://peckerweb.com/,peckerweb.com,kobo@peckerweb.com,,email,A,tigs101;oigs67,,,
江北ゴム製作所,https://www.kouhoku.co.jp/,kouhoku.co.jp,taro_yamada@kouhoku.co.jp,https://www.kouhoku.co.jp/contact/,none,A,tigs101;tigs101_v2,https://www.kouhoku.co.jp/,,
甲和焼 芝窯・nicorico,https://nicorico.ocnk.net/,nicorico.ocnk.net,info@nicorico.com,https://nicorico.ocnk.net/contact,email,A,tigs101,,,1
小円織物（株）,https://koenorimono.com/,koenorimono.com,info@koenorimono.com,,email,A,tigs101,,,
ゴーウェル,https://gowell-japan.com/,gowell-japan.com,pr@gowell-japan.com,https://gowell-japan.com/contact/,none,A,tigs101;tigs101_v2,https://gowell-japan.com/,,
（株）コーエイ,http://www.kk-koei.co.jp/,kk-koei.co.jp,,http://www.kk-koei.co.jp/contact/,form,B,tigs101,,,
CORKCICLE,https://corkcicle.co.jp/,corkcicle.co.jp,us@corkcicle.jp,https://corkcicle.co.jp/cart,none,A,tigs101;tigs101_v2,https://corkcicle.co.jp/,,1
COOVA,https://www.coova.co.jp/,coova.co.jp,,,none,none,tigs101;tigs101_v2,,,
郡東京店,http://www.kori.co.jp/,kori.co.jp,,,none,none,tigs101;tigs101_v2,,,
GOLDEN FLASH MFG,https://golden-flash.com/,golden-flash.com,,https://golden-flash.com/contact/index.html,none,B,tigs101;tigs101_v2,,,
（株）ゴールデンポート／超無撚糸 わたのはな,https://giftshow.watanohana.site/2024/12/19/%E4%BB%AE%EF%BC%89%E3%82%B4%E3%83%BC%E3%83%AB%E3%83%87%E3%83%B3%E3%83%9D%E3%83%BC%E3%83%88-%E5%93%81%E8%B3%AA%E3%81%A8%E9%9D%A9%E6%96%B0%E3%81%A7%E6%9C%AA%E6%9D%A5%E3%82%92%E7%B4%A1%E3%81%90/,giftshow.watanohana.site,,https://www.google.com/cse,none,B,tigs101;tigs101_v2,,,
GOLD MANIA,https://ggmania.jp/?srsltid=AfmBOoqTA_sfXojZZdOYtRjz3hYmvhk1EOhGcV4AjUMgyEBUgkqHjNI0,ggmania.jp,order@ggmania.jp,https://ggmania.jp/pages/contact,none,A,tigs101;tigs101_v2,https://ggmania.jp/?srsltid=AfmBOoqTA_sfXojZZdOYtRjz3hYmvhk1EOhGcV4AjUMgyEBUgkqHjNI0,,
（株）KOKADO,https://kokado.jp/,kokado.jp,,https://kokado.jp/contact/,none,B,tigs101;tigs101_v2,,,
（有）五感,https://patisserie-gokan.co.jp/company/,patisserie-gokan.co.jp,,https://patisserie-gokan.co.jp/media_contact/,none,B,tigs101;tigs101_v2,,,
ゴキゲンファクトリー,https://gokigen-factory.com/,gokigen-factory.com,,https://gokigen-factory.com/posts/complete,none,B,tigs101;tigs101_v2,,,
COCOO（こくー）,https://co-coo.jp/,co-coo.jp,info@co-coo.jp,https://co-coo.jp/contact/,none,A,tigs101;tigs101_v2;omotenashi,https://co-coo.jp/,,
国際ディスプレイ工業（株）,https://www.kokusai-dsp.co.jp/,kokusai-dsp.co.jp,support@kokusai-dsp.co.jp,https://www.kokusai-dsp.co.jp/contact,email,A,tigs101;omotenashi,,,
虚空蔵窯,https://www.kutani-kokuzougama.com/,kutani-kokuzougama.com,,https://thebase.com/inquiry/kokuzougama,form,B,tigs101,,,
（株）小久保工業所,https://kokubo.co.jp/,kokubo.co.jp,,https://kokubo.co.jp/contact/,none,B,tigs101;tigs101_v2,,,
cocochi factory,https://cocochi-factory.myshopify.com/?srsltid=AfmBOoo-yAQkdXVjJVTG32T5oRpx7KoC8QY6NjyWK2H6wqM5yo3nk2uo,cocochi-factory.myshopify.com,cocochifactory@fujibed.com,,email,A,tigs101,,,1
（株）ココラック,https://www.cocoluck.com/,cocoluck.com,,https://cocoluck.com/web/contact/,none,B,tigs101;tigs101_v2,,,
GOZA 九州物産（株）,https://goza-studio.com/,goza-studio.com,,https://goza-studio.com/contact,none,B,tigs101;tigs101_v2,,,
KOJO／古城製作所,https://kk-kojo.com/,kk-kojo.com,,https://kk-kojo.com/crafts/contact/,none,B,tigs101;tigs101_v2,,,
kostikal.,https://kostikal.com/,kostikal.com,kostikal.ys825@kostikal.com,,none,A,tigs101;tigs101_v2,https://kostikal.com/,,
御所市産業振興センター,https://www.city.gose.nara.jp/0000000497.html,city.gose.nara.jp,syoukou-kigyou@city.gose.nara.jp,https://www.city.gose.nara.jp/mailform/inquiry.cgi?so=ebe4ccb75e74a9c5c59e357a025d8ee7ea207e16&ref=https%3A%2F%2Fwww.city.gose.nara.jp%2F0000000497.html,none,A,tigs101;tigs101_v2,https://www.city.gose.nara.jp/0000000497.html,,
（株）コダマコーポレーション,https://kodama-web.net/,kodama-web.net,,https://kodama-web.net/contact/,none,B,tigs101;tigs101_v2,,,
（有）コットンハウス・アヤ,https://cotton-house-aya.com/,cotton-house-aya.com,i.hiroko.cottonaya@icloud.com,https://cotton-house-aya.com/contact,none,A,tigs101;tigs101_v2,https://cotton-house-aya.com/,1,
Godisru,https://godisru.com/,godisru.com,info@godisru.com,https://godisru.com/contact,none,A,tigs101;tigs101_v2,https://godisru.com/,,
壽編物（株）,https://www.kotobukiamimono.com/,kotobukiamimono.com,,https://www.kotobukiamimono.com/inquiry.html,none,B,tigs101;tigs101_v2,,,
「子供たちの未来を応援する」廃材利用,https://congrant.com/project/leaf27/19804,congrant.com,kabuto-event@leaf.or.jp,https://congrant.com/jp/contact/check.html,none,A,tigs101;tigs101_v2,https://congrant.com/project/leaf27/19804,,1
コノハト茶葉店,https://shop.connacht.jp/,shop.connacht.jp,info@connacht.jp,https://shop.connacht.jp/,none,A,tigs101;tigs101_v2,https://shop.connacht.jp/,,1
（株）コパ・コーポレーション,https://www.copa.co.jp/,copa.co.jp,saiyou@copa.co.jp,https://www.copa.co.jp/contact/,none,A,tigs101;tigs101_v2,https://www.copa.co.jp/,,
（株）小林,https://k-koba.net/,k-koba.net,s-takumi@cobax-co.com,https://k-koba.net/contact/,none,A,tigs101;tigs101_v2,https://k-koba.net/,,1
（有）コベント・ガーデン,https://www.covent.jp/tp/,covent.jp,,https://www.covent.jp/tp/contact,none,B,tigs101;tigs101_v2,,,
（株）小松川鋳造所,http://www.ttkomatsugawa.com/member/s1/s1_1.html,ttkomatsugawa.com,edotetubinn@yahoo.co.jp,,email,A,tigs101,,1,
（有）小松縫製,https://komatsuhousei.jp/,komatsuhousei.jp,info@komatsuhousei.jp,https://komatsuhousei.jp/contact/,none,A,tigs101;tigs101_v2,https://komatsuhousei.jp/,,
駒屋,https://komaya.co.jp/,komaya.co.jp,,,none,none,tigs101;tigs101_v2,,,
（有）五味彫刻工業所,http://gcm53.com/,gcm53.com,,http://gcm53.com/contact.html,none,B,tigs101;tigs101_v2,,,
紙製品のコヨミックス,https://www.koyomix.com/,koyomix.com,info@koyomix.com,https://www.koyomix.com/contact.php,none,A,tigs101;tigs101_v2,https://www.koyomix.com/,,
（株）コラゾン,https://www.corazon.jp/,corazon.jp,,https://www.corazon.jp/contact.html,none,B,tigs101;tigs101_v2,,,
こるどん（株）,https://cordon.jp/?srsltid=AfmBOorzfhx8dtxKb0lhnjcLurGtKsGaYqpx5Tv17ckNa5jWohfV0cl0,cordon.jp,info@cordon.jp,https://cordon.jp/pages/contact,none,A,tigs101;tigs101_v2,https://cordon.jp/?srsltid=AfmBOorzfhx8dtxKb0lhnjcLurGtKsGaYqpx5Tv17ckNa5jWohfV0cl0,,
コレクションブランド【理恵™】,https://8infini.thebase.in/,8infini.thebase.in,,https://thebase.com/inquiry/8infini,form,B,tigs101,,,
（株）誉勘商店,https://kondaya.jp/,kondaya.jp,info@kondaya.jp,https://kondaya.jp/gallerycontact/,none,A,tigs101;tigs101_v2,https://kondaya.jp/,,
コンクリート調インテリア雑貨grey,https://www.grey-concrete.jp/?srsltid=AfmBOor4Z3V2LMWGBawq_tO9ZtkfHNVnAGd3tsvVT_W_0DSoFChSKvh4,grey-concrete.jp,support@grey-concrete.jp,,email,A,tigs101,,,
コンテックス,https://www.kontex-shop.com/?srsltid=AfmBOopPfFadU2DIDub-Gghn0caEeEIATSiKW93eyrig67Uszr5diK01,kontex-shop.com,,https://www.kontex-shop.com/shop/shopbrand.html,none,B,tigs101;tigs101_v2,,,
gondoa,https://www.gondoa.com/?srsltid=AfmBOoqwPARRBttPTDd3TRf6JsnD2mRFkOFvvdjU5eLhxGZmPGFCkJ72,gondoa.com,,https://www.gondoa.com/,none,B,tigs101;tigs101_v2,,,
（株）コント・ド・フランス,https://www.contesdefrance.com/,contesdefrance.com,kusaka@contesde.co.jp,https://www.contesdefrance.com/#makeshop-common-contact-url,none,A,tigs101;tigs101_v2,https://www.contesdefrance.com/,,1
ゴンドラパステル,https://gondola-pastel.com/,gondola-pastel.com,,https://3qhrl7l5d9.execute-api.ap-northeast-1.amazonaws.com/submit,none,B,tigs101;tigs101_v2,,,
コントロールフリーク,https://www.casselini-online.com/c/controlfreak?srsltid=AfmBOop9bq8qOz3g1GRqHlhNAaIS0jxYurYR0K-4aK9pqmAJtIJIRBGO,casselini-online.com,,https://www.casselini-online.com/c/,none,B,tigs101;tigs101_v2,,,
KONTON／ヤマテー,https://www.yamatei.biz/,yamatei.biz,,https://www.yamatei.biz/contact/,none,B,tigs101;tigs101_v2,,,
（株）コンプリート,https://complete-sagamihara.com/,complete-sagamihara.com,,https://complete-sagamihara.com/contact/,form,B,tigs101,,,
（株）サーカス,https://circusnet.co.jp/,circusnet.co.jp,,https://circusnet.co.jp/contact,none,B,tigs101;tigs101_v2,,,
（株）ザ・アクセス,https://access-toy.com/,access-toy.com,,https://access-toy.com/contact/,none,B,tigs101;tigs101_v2,,,
（有）サーチディストリビューション,https://search-d.com/?srsltid=AfmBOoqdbhnbHYg0AI-GwrwIvzP7LSYPRyg6a9bq1CF5AmvDjgkPdrI4,search-d.com,shop@search-d.com,https://search-d.com/pages/contact,none,A,tigs101;tigs101_v2,https://search-d.com/?srsltid=AfmBOoqdbhnbHYg0AI-GwrwIvzP7LSYPRyg6a9bq1CF5AmvDjgkPdrI4,,
埼玉県,https://www.pref.saitama.lg.jp/,pref.saitama.lg.jp,h6513112@pref.saitama.lg.jp,https://www.pref.saitama.lg.jp/search/result.html,none,A,tigs101;tigs101_v2,,,
（株）斎藤商店,https://www.saito-tex.co.jp/,saito-tex.co.jp,,https://www.saito-tex.co.jp/#CONTACT,none,B,tigs101;tigs101_v2,,,
（株）サイモン,https://www.simon-as.com/,simon-as.com,,https://www.simon-as.com/contact,none,B,tigs101;tigs101_v2,,,
（株）サインアーテック,https://signs-d.ne.jp/company/signartec/,signs-d.ne.jp,,https://signs-d.ne.jp/contents/category/inquiry/,form,B,tigs101,,,
Saunature,https://saunature.jp/?srsltid=AfmBOoqLkHBkGnacJVY-xTIZgxqRQjefVhAlmkh73wc-D0ZF_kEiNKFw,saunature.jp,info@saunature.jp,https://saunature.jp/contact,none,A,tigs101;tigs101_v2,https://saunature.jp/?srsltid=AfmBOoqLkHBkGnacJVY-xTIZgxqRQjefVhAlmkh73wc-D0ZF_kEiNKFw,,
ザオー工業（株）,https://zaoh.com/,zaoh.com,info@zaoh.com,https://zaoh.com/contact/,none,A,tigs101;tigs101_v2;omotenashi,https://zaoh.com/,,
サカエ織布（有）,https://sa-kae.com/,sa-kae.com,sakae.1961@zeus.eonet.ne.jp,https://sa-kae.com/contact/,none,A,tigs101;tigs101_v2,https://sa-kae.com/,,1
（株）サカガワ,https://sakagawa.nara.jp/,sakagawa.nara.jp,skg@sakagawa.nara.jp,https://sakagawa.nara.jp/contact_us/,none,A,tigs101;tigs101_v2,https://sakagawa.nara.jp/,,
さが県産品流通デザイン公社（BOTANYU／へちまや群生舎／,https://hechimayagunseisha.com/,hechimayagunseisha.com,hechimayagunseisha@gmail.com,,none,A,tigs101;tigs101_v2,https://hechimayagunseisha.com/,1,
MUNI YUNI／相川製茶舗／薬膳香蓮）,https://www.yakuzenkaren.com/,yakuzenkaren.com,,https://thebase.com/inquiry/kyyy,form,B,tigs101,,,
相模女子大学 生活デザイン学科,https://www.sagami-wu.ac.jp/arts-sciences/life-design/,sagami-wu.ac.jp,,https://www.sagami-wu.ac.jp/inquiry/,none,B,tigs101;tigs101_v2,,,
（株）ザ・キッス,https://www.thekiss.co.jp/,thekiss.co.jp,soumu@thekiss.co.jp,https://www.thekiss.co.jp/contacts,none,A,tigs101;tigs101_v2,https://www.thekiss.co.jp/,,
櫻井産業（株）,http://sakuraisangyou.com/,sakuraisangyou.com,,http://sakuraisangyou.com/contact,none,B,tigs101;tigs101_v2,,,
SAKURAtic.,https://voix.jp/sdgs/sdgs/78010/,voix.jp,,https://voix.jp/contact/,none,B,tigs101;tigs101_v2,,,
サクワ（株）,https://www.sakuwa-japan.com/,sakuwa-japan.com,contact@sakuwa-japan.com,https://www.sakuwa-japan.com/contact/,none,A,tigs101;tigs101_v2,https://www.sakuwa-japan.com/,,
ZASA（株）,https://www.zasagroup.co.jp/,zasagroup.co.jp,service@zasa.co.jp,https://www.zasagroup.co.jp/contact/,email,A,tigs101,,,1
（株）佐々商,https://sasakitatamiten.com/,sasakitatamiten.com,,https://sasakitatamiten.com/sasakitatamiten/contact-form/,none,B,tigs101;tigs101_v2,,,
笹田織物（株）,https://www.sasaori.jp/,sasaori.jp,,https://www.sasaori.jp/contact,none,B,tigs101;tigs101_v2,,,
さざなみ漆器,https://www.sazanamisikki.com/,sazanamisikki.com,,https://www.sazanamisikki.com/contact-9,none,B,tigs101;tigs101_v2,,,
XAXA フードと信州のこだわり犬猫おやつ,https://www.xaxa.co.jp/,xaxa.co.jp,inc@xaxa.co.jp,,email,A,tigs101,,,
サジタリウス ファイブアローズ プロジェクト,https://sfapt.tokyo/,sfapt.tokyo,kano@kano-sky.co.jp,,email,A,tigs101,,,1
sasicco,https://www.sasicco.jp/,sasicco.jp,,https://thebase.com/inquiry/sasicco-base-shop,form,B,tigs101,,,
紗月扇 京都,https://www.satsukisen.co.jp/,satsukisen.co.jp,info@satsukisen.co.jp,https://www.satsukisen.co.jp/contact/,none,A,tigs101;tigs101_v2,https://www.satsukisen.co.jp/,,
（有）佐藤工芸,https://satokogei.jimdofree.com/,satokogei.jimdofree.com,,https://satokogei.jimdofree.com/%E3%81%8A%E5%95%8F%E3%81%84%E5%90%88%E3%82%8F%E3%81%9B/,none,B,tigs101;tigs101_v2,,,
（株）佐藤商事,https://www.satoshoji.co.jp/ja/index.html,satoshoji.co.jp,,https://www.satoshoji.co.jp/ja/contact.html,none,B,tigs101;tigs101_v2,,,
サトウ商店,https://www.niku-satou.com/,niku-satou.com,,https://www.niku-satou.com/reserve/,none,B,tigs101;tigs101_v2,,,
sato-ca,https://sato-ca.com/,sato-ca.com,,https://sato-ca.com/contact/,none,B,tigs101;tigs101_v2,,,
サナックス／グラミックス,https://www.sanax-plan.jp/,sanax-plan.jp,order@sanax-plan.jp,https://www.sanax-plan.jp/#makeshop-common-contact-url,none,A,tigs101;tigs101_v2,https://www.sanax-plan.jp/,,
SUNNYDAYS,https://sunnydays-amami.com/,sunnydays-amami.com,sunnyday@opal.ocn.ne.jp,https://sunnydays-amami.com/,none,A,tigs101;tigs101_v2,https://sunnydays-amami.com/,,1
SUNNY LOCATION,https://sunnylocation.jp/,sunnylocation.jp,,https://sunnylocation.jp/contact,none,B,tigs101;tigs101_v2,,,
さぬきうるしSinra,https://sinra.official.ec/,sinra.official.ec,,https://thebase.com/inquiry/sinra-official-ec,form,B,tigs101,,,
（有）佐野政製作所,https://www.sanomasa.net/,sanomasa.net,sanomasa@tuba.ocn.ne.jp,,email,A,tigs101,,,1
鯖江 “ギフト組”,https://www.lightup.jp/brand_8763?srsltid=AfmBOoo4nYI_jvLiJRbefE9GxOHGVaS41SxZkvYtnmDu_egcZ8oP9gO4,lightup.jp,,https://www.lightup.jp/contact/regist,none,B,tigs101;tigs101_v2;satofull,,,
THE BOOTS MATERIAL TOKYO,https://thebootsmaterial.com/,thebootsmaterial.com,thebootsmaterialtokyo@gmail.com,,email,A,tigs101,,1,
サミット工業（株）,https://tetsunaberyu.jp/,tetsunaberyu.jp,,https://tetsunaberyu.jp/form/mpmail.cgi,none,B,tigs101;tigs101_v2,,,
サム企画／（株）ユナイテッドレザー,https://www.fashion-tokyo.jp/autumn/en-gb/search/2024/directory.html,fashion-tokyo.jp,fwt.jp@rxglobal.com,,none,A,tigs101;tigs101_v2,https://www.fashion-tokyo.jp/autumn/en-gb/search/2025/directory.html,,1
（株）サラ,https://www.sarafarm.jp/,sarafarm.jp,,https://www.sarafarm.jp/inquiry/,none,B,tigs101;tigs101_v2,,,
（有）澤井織物工場,https://tokyoteshigoto.tokyo/studio/sawaiorimonokoujou.html,tokyoteshigoto.tokyo,teshigoto_t@tokyoteshigoto.tokyo,https://tokyoteshigoto.tokyo/contact.html,none,A,tigs101;tigs101_v2;ilt_direct,https://tokyoteshigoto.tokyo/studio/sawaiorimonokoujou.html,,
沢田商店,https://itp.ne.jp/zenkoku/hokkaido/hakodateshi/kamishinkawachiyo/ie-jutaku/interia-shitsunaisetsubi/basu-toire-kitchin/gasukigu/013112821000000899,itp.ne.jp,,,none,none,tigs101;tigs101_v2,,,
（株）サンアート,https://sunart-corp.com/,sunart-corp.com,info@sunart-corp.com,https://sunart-corp.com/contact,none,A,tigs101;tigs101_v2,https://sunart-corp.com/,,
（株）サン・アロー,https://www.sun-arrow.com/,sun-arrow.com,recruit@sun-arrow.com,https://www.sun-arrow.com/cgi-bin/contact/mail.cgi,none,A,tigs101;tigs101_v2,https://www.sun-arrow.com/,,
サンエムズ（株）,https://sanms.jp/,sanms.jp,,https://sanms.jp/contact/,none,B,tigs101;tigs101_v2,,,
三海舞龍堂・和扇堂,http://www.sankai-com.co.jp/,sankai-com.co.jp,ng@sankai-com.co.jp,,email,A,tigs101,,,
（株）三輝 詰め替えそのまま,https://www.sanki-web.net/,sanki-web.net,info@sanki-web.net,https://www.sanki-web.net/shop/shopbrand.html,none,A,tigs101;tigs101_v2,https://www.sanki-web.net/,,
Cinq,https://cinqplus.jp/,cinqplus.jp,shop@cinqplus.shop-pro.jp,https://cinqplus.jp/,none,A,tigs101;tigs101_v2,https://cinqplus.jp/,,1
（株）サンケイ商事,https://www.sankei-shoji.co.jp/,sankei-shoji.co.jp,info@sankei-shoji.co.jp,https://www.sankei-shoji.co.jp/contact/,none,A,tigs101;tigs101_v2,https://www.sankei-shoji.co.jp/,,
三絃司きくおか,https://kikuoka123.com/,kikuoka123.com,cbe06097@nifty.com,,email,A,tigs101;ilt_direct,,,1
（有）三幸電機製作所,https://sankohdenki.com/,sankohdenki.com,sankoh@sankohdenki.com,,email,A,tigs101,,,
三幸林産（株）,https://www.sankorinsan.net/,sankorinsan.net,,https://www.sankorinsan.net/contact/,none,B,tigs101;tigs101_v2,,,
サンコー,https://www.thanko.jp/?srsltid=AfmBOooJQzglVk7gyKpcf-URMiwM0vfa4aXOytEjKH2fKarmXM7_OEOL,thanko.jp,shop@thanko.jp,https://www.thanko.jp/?srsltid=AfmBOooI5L_dFs-6_IeQmLCmnToXmmmQY1fhhfHyVEy6ze_Oob7IMvsr,email,A,tigs101;omotenashi,,,
さんこせん（株）,https://sankosen.jp/,sankosen.jp,,https://sankosen.jp/contact/,none,B,tigs101;tigs101_v2;oigs67,,,
さんさん日本,https://jp.corp-sansan.com/,jp.corp-sansan.com,,https://jp.corp-sansan.com/inquiry/presskit,none,B,tigs101;tigs101_v2,,,
さんしょう（株）,https://www.sansyo.co.jp/,sansyo.co.jp,sosakaoffice@sansyo.co.jp,,email,A,tigs101,,,
サン スタイル,https://sundrug-online.com/collections/pb?srsltid=AfmBOopPJXotnJTzZiyLTy2K0e0P8vdoisayocEBlODXLnyI6Marb4kC,sundrug-online.com,online-customer@sundrug.co.jp,,email,A,tigs101,,,1
（株）サントス,https://suntos.co.jp/,suntos.co.jp,,https://suntos.co.jp/contactform/,none,B,tigs101;tigs101_v2,,,
サンビー（株）,https://www.sanby.co.jp/,sanby.co.jp,,https://www.sanby.co.jp/mailform/mail/contact.html,form,B,tigs101,,,
"Sunvim group co., ltd.",https://jp.reuters.com/markets/companies/002083.SZ/,jp.reuters.com,,https://jp.reuters.com/info-pages/contact-us/,none,B,tigs101;tigs101_v2,,,
サンファミリー,https://www.sanfamily.jp/,sanfamily.jp,,https://web.gogo.jp/sanfamily/form/page8,none,B,tigs101;tigs101_v2;lifestyle_880021,,,
三宝産業（株）,https://www.yukiwa-japan.co.jp/,yukiwa-japan.co.jp,,https://www.yukiwa-japan.co.jp/contact/,none,B,tigs101;tigs101_v2,,,
（株）サンモト,https://www.sunmoto.biz/,sunmoto.biz,info@sunmoto.biz,https://www.sunmoto.biz/contact,none,A,tigs101;tigs101_v2,https://www.sunmoto.biz/,,
三祐医科工業（株）,https://www.sanyu-med.jp/,sanyu-med.jp,nthegreatprocess5@gmail.com,https://www.sanyu-med.jp/contact,none,A,tigs101;tigs101_v2;omotenashi,https://www.sanyu-med.jp/,1,
サンヨウ,https://www.sunyow.com/?srsltid=AfmBOoofFudkKI1kGmOCCG3ZhVAeRx-9GHddYbVnA4X99Em_nI1JiH8P,sunyow.com,,https://www.sunyow.com/%E3%81%8A%E5%95%8F%E5%90%88,none,B,tigs101;tigs101_v2,,,
（株）三洋,https://www.sanyo-ltd.com/,sanyo-ltd.com,n-koba@sanyo-ltd.com,https://www.sanyo-ltd.com/contact.html,none,A,tigs101;tigs101_v2;lifestyle_880021,https://www.sanyo-ltd.com/,,
三陽商事,https://www.furoshiki-sanyo.co.jp/,furoshiki-sanyo.co.jp,,https://www.furoshiki-sanyo.co.jp/contact,form,B,tigs101,,,
三葉商事（株）,https://sanyotadotsu.com/,sanyotadotsu.com,,https://sanyotadotsu.com/,none,B,tigs101;tigs101_v2,,,
（株）三洋堂,https://sanyodo.ne.jp/,sanyodo.ne.jp,,,none,none,tigs101;tigs101_v2;oigs67;fgs2025,,,
山陽ハイクリーナー,https://jeans-wash.co.jp/,jeans-wash.co.jp,,https://jeans-wash.co.jp/contact/,none,B,tigs101;tigs101_v2,,,
（株）サンライフ,https://sunlife-f.co.jp/,sunlife-f.co.jp,,https://sunlife-f.co.jp/contact/,none,B,tigs101;tigs101_v2,,,
（株）サンレモン,https://www.sunlemon-original.jp/,sunlemon-original.jp,hanako@sunlemon-original.jp,https://www.sunlemon-original.jp/contact/,email,A,tigs101,,,
（株）三和,https://www.sanwa-co.jp/,sanwa-co.jp,wingsoffairy1006@gmail.com,https://www.sanwa-co.jp/inquiry/,none,A,tigs101;tigs101_v2;fgs2025,https://www.sanwa-co.jp/,1,
（有）三和トレーディング,https://www.sanwatradinginc.co.jp/,sanwatradinginc.co.jp,info@sanwatradinginc.co.jp,,email,A,tigs101,,,
（有）ジーエー,https://za-factory.com/,za-factory.com,,https://za-factory.com/contact/,none,B,tigs101;tigs101_v2,,,
ジーエム（株）,https://www.gm-inc.co.jp/,gm-inc.co.jp,info@gm-inc.co.jp,,email,A,tigs101,,,
（株）シーク貿易,https://seak-trade.com/,seak-trade.com,,,none,none,tigs101;tigs101_v2,,,
ShiiShu｜シーシュ,https://shiishu.jp/?srsltid=AfmBOor7wTxkX0obMSzkwWVK3AM-MLpf9V8kHGr1v4WNyQuVEziXb_US,shiishu.jp,info@stagheaddesigns.com,https://shiishu.jp/#contact,none,A,tigs101;tigs101_v2;oigs67;omotenashi,,,1
ジースタイル（株）,https://www.jistyle.co.jp/,jistyle.co.jp,august0729@163.com,https://www.jistyle.co.jp/contact.html,none,A,tigs101;tigs101_v2,https://www.jistyle.co.jp/,,1
SeaChange Inc.,https://www.seachange.co.jp/,seachange.co.jp,,https://www.seachange.co.jp/,none,B,tigs101;tigs101_v2,,,
椎名切子,https://glasslab.official.ec/,glasslab.official.ec,,https://thebase.com/inquiry/glasslab-official-ec,form,B,tigs101,,,
G.B.Z（株）,https://g-b-z.co.jp/pages/about-us?srsltid=AfmBOopwz-WLNHxzbc06pnyaDN_aeeRuZsY_1YHaC1uonddv9lN7Jf-e,g-b-z.co.jp,info@g-b-z.co.jp,https://g-b-z.co.jp/pages/contact,email,A,tigs101;oigs67,,,
（株）ジーピーセンター,https://gpcenter.co.jp/,gpcenter.co.jp,gpc@gpcenter.co.jp,,email,A,tigs101,,,
C'BON,https://www.cbon.co.jp/net/,cbon.co.jp,a_mail@cbon.co.jp,https://www.cbon.co.jp/net/contact/contact.aspx,none,A,tigs101;tigs101_v2;oigs67;ilt_direct;ilt_v2,https://www.cbon.co.jp/net/,,
（株）JR東海エージェンシー,https://www.jrta.co.jp/,jrta.co.jp,career@jrta.co.jp,https://www.jrta.co.jp/contact/,none,A,tigs101;tigs101_v2,https://www.jrta.co.jp/,,
（有）JS企画,https://js-kikaku.com/,js-kikaku.com,,https://js-kikaku.com/contact,none,B,tigs101;tigs101_v2,,,
JS.GLOBAL,https://www.jsglobal.info/,jsglobal.info,,,none,none,tigs101;tigs101_v2,,,
（株）JMS,https://www.japanmerchantservices.com/,japanmerchantservices.com,,https://www.japanmerchantservices.com/contact/,none,B,tigs101;tigs101_v2,,,
（株）ジェイエムユウ,https://kigyo.city.kyoto.lg.jp/kyomachi/company/single/5269.php,kigyo.city.kyoto.lg.jp,contact@onecareer.jp,https://kigyo.city.kyoto.lg.jp/kyomachi/inquiry-counter.html,none,A,tigs101;tigs101_v2,https://kigyo.city.kyoto.lg.jp/kyomachi/company/single/5269.php,,1
（有）ジェイズプランニング,https://jsplanning.jp/,jsplanning.jp,info@jctd.co.jp,https://jsplanning.jp/pages/contact,none,A,tigs101;tigs101_v2,https://jsplanning.jp/,,1
（株）JTB ギフトトラベルセンター,https://www.jtbbwt.com/files/user/stores/j6673-1/promotion/gift/,jtbbwt.com,,https://www.jtbbwt.com/business/contact/,none,B,tigs101;tigs101_v2,,,
ジェイディジャパン（株）,https://en-hyouban.com/company/10105938235/,en-hyouban.com,,https://en-hyouban.com/inquiry/?kuchikomi_id=5340503&company_id=10105938235,none,B,tigs101;tigs101_v2,,,
ジェイハンズ,http://www.jhands.co.jp/,jhands.co.jp,yama@jhands.co.jp,http://www.jhands.co.jp/contact.html,none,A,tigs101;tigs101_v2,http://www.jhands.co.jp/,,
ジェーイーモーガン,https://jemorgan.jp/,jemorgan.jp,info@lionking-japan.com,,email,A,tigs101,,,1
（株）ジェーシーフレンド,https://jc-friend.com/,jc-friend.com,,https://jc-friend.com/contact-form/,form,B,tigs101,,,
ジェットストリーム／JETSTREAM,https://www.mpuni.co.jp/products/ballpoint_pens/jetstream/index.html,mpuni.co.jp,uni-lakit-tsh@mpuni.co.jp,https://www.mpuni.co.jp/contact/index.html,none,A,tigs101;tigs101_v2,https://www.mpuni.co.jp/products/ballpoint_pens/jetstream/index.html,,
（有）シェパードコーポレーション,https://donzoko-ceo.com/kintatsurai/,donzoko-ceo.com,info@donzoko-ceo.com,https://donzoko-ceo.com/inquiry/,none,A,tigs101;tigs101_v2,https://donzoko-ceo.com/kintatsurai/,,
GERRY,https://www.improves.jp/fs/improves/c/br048,improves.jp,information@improves.jp,https://www.improves.jp/fs/improves/GoodsSearchList.html,none,A,tigs101;tigs101_v2,https://www.improves.jp/fs/improves/c/br048,,
GELIST,https://www.kokoist.shop/collections/gelist-1,kokoist.shop,,https://www.kokoist.shop/pages/contact,form,B,tigs101,,,
シェンリ（株）,https://senly.co.jp/,senly.co.jp,,https://senly.co.jp/#wpcf7-f831-p145-o1,none,B,tigs101;tigs101_v2,,,
（株）シオモト製紐,https://shiomoto.com/,shiomoto.com,gomu@shiomoto.com,https://shiomoto.com/contact,none,A,tigs101;tigs101_v2,https://shiomoto.com/,,
sion works,https://shop.sion-works.com/?srsltid=AfmBOorcMevJQ87C634_P2HH0oY4izwI5P5XAQATMmv3EpZ6wc64Ct-R,shop.sion-works.com,info@sion-works.com,https://shop.sion-works.com/pages/contact,none,A,tigs101;tigs101_v2,https://shop.sion-works.com/?srsltid=AfmBOorcMevJQ87C634_P2HH0oY4izwI5P5XAQATMmv3EpZ6wc64Ct-R,,1
鹿田喜造漆店,https://www.shikataurushi.com/,shikataurushi.com,kyo@star.ocn.ne.jp,,email,A,tigs101,,,1
信楽焼 白道窯,https://hakudogama.jimdofree.com/,hakudogama.jimdofree.com,,https://hakudogama.jimdofree.com/%E3%81%8A%E5%95%8F%E3%81%84%E5%90%88%E3%82%8F%E3%81%9B/,none,B,tigs101;tigs101_v2,,,
色織々（しきおりおり）,https://nash-bridges.seesaa.net/article/2012-04-30-2.html,nash-bridges.seesaa.net,,https://nash-bridges.seesaa.net/search,none,B,tigs101;tigs101_v2,,,
（株）磁気研究所,https://www.mag-labo.com/,mag-labo.com,,https://www.mag-labo.com/,none,B,tigs101;tigs101_v2,,,
敷島産業（株）,https://www.shikishimasangyo.co.jp/,shikishimasangyo.co.jp,jinji@shikishimasangyo.co.jp,https://www.shikishimasangyo.co.jp/contact.html,none,A,tigs101;tigs101_v2;oigs67;lifestyle_880026,https://www.shikishimasangyo.co.jp/,,
JIQUU,https://store.washism.com/what-jiquu/,store.washism.com,info@washism.com,https://store.washism.com/contact/,none,A,tigs101;tigs101_v2,https://store.washism.com/what-jiquu/,,1
四国団扇（株）,https://dansen.co.jp/,dansen.co.jp,,,none,none,tigs101;tigs101_v2,,,
ShiZan（株）,https://shizan.co.jp/,shizan.co.jp,,https://shizan.co.jp/contact,none,B,tigs101;tigs101_v2;lifestyle_880021,,,
刺繍屋ポイトコセ,https://poitokose.shop-inframe.jp/,poitokose.shop-inframe.jp,,https://poitokose.shop-inframe.jp/contact,none,B,tigs101;tigs101_v2,,,
（株）静岡製作所,https://shizuoka-seisakujo.com/,shizuoka-seisakujo.com,,https://shizuoka-seisakujo.com/contact,none,B,tigs101;tigs101_v2,,,
静岡特産工業協会／（有）市川木工,https://www.s-kagu.or.jp/s_kagu_company/%EF%BC%88%E6%9C%89%EF%BC%89%E5%B8%82%E5%B7%9D%E6%9C%A8%E5%B7%A5,s-kagu.or.jp,messe@s-kagu.or.jp,http://www.s-kagu.or.jp/inquiry,none,A,tigs101;tigs101_v2,https://www.s-kagu.or.jp/s_kagu_company/%EF%BC%88%E6%9C%89%EF%BC%89%E5%B8%82%E5%B7%9D%E6%9C%A8%E5%B7%A5,,
静岡特産工業協会,https://www.shizuokajibasan.com/,shizuokajibasan.com,info@shizuokajibasan.com,https://www.shizuokajibasan.com/contact,none,A,tigs101;tigs101_v2,https://www.shizuokajibasan.com/,,
（株）静,https://sizuka.crayonsite.net/,sizuka.crayonsite.net,,,none,none,tigs101;tigs101_v2,,,
静京,https://sizukyou.com/,sizukyou.com,kimono@sizukyou.com,https://sizukyou.com/contact/,none,A,tigs101;tigs101_v2,https://sizukyou.com/,,
The Swirl,https://www.imdb.com/title/tt3778376/,imdb.com,,,none,none,tigs101;tigs101_v2,,,
（株）志成販売,https://www.shiseihanbai.net/,shiseihanbai.net,,https://www.shiseihanbai.net/contact,none,B,tigs101;tigs101_v2,,,
自然洗剤 birds,https://bird-s.jp/,bird-s.jp,with@use.repost,,email,A,tigs101,,,1
CHIPS Japan.,https://chipsjapan.com/,chipsjapan.com,,http://chipsjapan.com/script/mailform/contact/,none,B,tigs101;tigs101_v2,,,
SHITSURAE（シツラエ）,https://shitsurae.tokyo/,shitsurae.tokyo,info@shitsurae.tokyo,,email,A,tigs101,,,
紙戸屋・中野表具店,https://fusuma.jp/,fusuma.jp,,https://fusuma.jp/0machiya_sample/mailformpro/mailformpro.cgi,none,B,tigs101;tigs101_v2,,,
（株）シトラム,https://www.ctraum.co.jp/,ctraum.co.jp,contact@ctraum.co.jp,https://www.ctraum.co.jp/contact,none,A,tigs101;tigs101_v2,https://www.ctraum.co.jp/,,
SINA COVA シナコバ,https://sinacova.co.jp/?srsltid=AfmBOooOEcbao6KWhFiptVYaJiRPq-VCOINhZo9pnIbxOwQZ_4NDLkoY,sinacova.co.jp,shop@sinacova.co.jp,https://sinacova.co.jp/pages/contact,none,A,tigs101;tigs101_v2,https://sinacova.co.jp/?srsltid=AfmBOooOEcbao6KWhFiptVYaJiRPq-VCOINhZo9pnIbxOwQZ_4NDLkoY,,
（株）シナノインターナショナルコマース,http://www.shinacasa.com/,shinacasa.com,sales@s-i-c.jp,http://www.shinacasa.com/contact.php,none,A,tigs101;tigs101_v2,http://www.shinacasa.com/,,1
（有）篠原風鈴本舗,https://www.edofurin.com/,edofurin.com,honpo55@nifty.com,,email,A,tigs101,,,1
（株）しのびや.com,https://www.shinobiya.com/?srsltid=AfmBOopmp7VLB1jxE1TFgthEO6OKXtcmJgieVuoCxq3gBe_o_l5Tf4Wb,shinobiya.com,info@samuraijapan.co.jp,,email,A,tigs101,,,1
柴田石材工業,https://xn--esto3sboag1ccy3ah2d.com/,xn--esto3sboag1ccy3ah2d.com,,https://twitter.com/share?url=https%3A%2F%2Fxn--esto3sboag1ccy3ah2d.com%2Fcontact%2F&text=%E3%81%8A%E5%95%8F%E5%90%88%E3%81%9B%EF%BD%9C%E6%9F%B4%E7%94%B0%E7%9F%B3%E6%9D%90%E5%B7%A5%E6%A5%AD,none,B,tigs101;tigs101_v2,,,
（株）シフレ,https://www.siffler.com/,siffler.com,,,none,none,tigs101;tigs101_v2,,,
志摩市商工会,https://shimasho.jp/,shimasho.jp,shimashi@mie-shokokai.or.jp,,email,A,tigs101,,,1
（株）島田小割製材所,https://www.smd-wood.com/?srsltid=AfmBOormf--xnb5U1zK3X3IRVyugQ1P9lJg6azXLGehaW-ETw_uvhmPz,smd-wood.com,smd.wood@minos.ocn.ne.jp,https://www.smd-wood.com/calc(),none,A,tigs101;tigs101_v2,https://www.smd-wood.com/?srsltid=AfmBOormf--xnb5U1zK3X3IRVyugQ1P9lJg6azXLGehaW-ETw_uvhmPz,,1
しまんと百笑かんぱに,https://shimantodomeki.kuzefuku-arcade.jp/,shimantodomeki.kuzefuku-arcade.jp,,,none,none,tigs101;tigs101_v2,,,
（株）清水硝子,https://shimizuglass.com/,shimizuglass.com,shimizu-glass@mtg.biglobe.ne.jp,https://shimizuglass.com/contact/,none,A,tigs101;tigs101_v2;omotenashi;dainipponichi;ilt_direct,messe_frankfurt_exhibitor_api,,1
清水産業（株）,https://www.uv-shimizu.co.jp/,uv-shimizu.co.jp,info@uv-shimizu.co.jp,https://www.uv-shimizu.co.jp/contact/,none,A,tigs101;tigs101_v2,https://www.uv-shimizu.co.jp/,,
清水産業（香港）有限公司,http://www.j-shimizu.co.jp/profile.html,j-shimizu.co.jp,info@j-shimizu.co.jp,,email,A,tigs101,,,
清水紙工,https://shimizushikoh.com/,shimizushikoh.com,taro@shimizushikoh.com,https://shimizushikoh.com/contact,none,A,tigs101;tigs101_v2,https://shimizushikoh.com/,,
（株）simunii,https://simunii.com/,simunii.com,,https://simunii.com/information/#wpcf7-f10-p36-o2,none,B,tigs101;tigs101_v2,,,
ジムマスター,https://store.gymmaster.jp/?srsltid=AfmBOoqobqedAA5OgGoZYr1CgljDFYNhSQWG7TdiYv8kMNHDqxopFxXg,store.gymmaster.jp,,https://faq.gymmaster.jp/contact/,none,B,tigs101;tigs101_v2,,,
（株）志村製函所,https://shimura-seikan.co.jp/,shimura-seikan.co.jp,,https://shimura-seikan.co.jp/contact/,none,B,tigs101;tigs101_v2,,,
下村工業（株）,https://www.shimomura-kogyo.co.jp/,shimomura-kogyo.co.jp,,https://www.shimomura-kogyo.co.jp/inquiry.html,none,B,tigs101;tigs101_v2;omotenashi,,,
（株）シモリュウ,https://www.shimoryu.co.jp/,shimoryu.co.jp,shimoryu@star.ocn.ne.jp,https://www.shimoryu.co.jp/contact/,none,A,tigs101;tigs101_v2,https://www.shimoryu.co.jp/,,1
ジャイナルサービス（株）,https://www.jainal.com/,jainal.com,,https://www.jainal.com/contact,none,B,tigs101;tigs101_v2,,,
若越印刷（株）,https://www.jakuetsu-print.com/,jakuetsu-print.com,pmark@jakuetsu-print.com,https://www.jakuetsu-print.com/contact,none,A,tigs101;tigs101_v2;lifestyle_880021,https://www.jakuetsu-print.com/,,
（株）シャトラス,https://shatrus.com/,shatrus.com,info@shatrus.co.jp,https://shatrus.com/contact/,none,A,tigs101;tigs101_v2,https://shatrus.com/,,1
ジャパンコンミュテーター（株）,https://japan-commutator.com/,japan-commutator.com,,https://japan-commutator.main.jp/d3RiWvEs/wp-content/themes/japan-commutator/mail/mail.php,none,B,tigs101;tigs101_v2,,,
（有）ジャパンリンク貿易,https://japan-link.jp/,japan-link.jp,order_only@japan-link.co.jp,,none,A,tigs101;tigs101_v2,https://japan-link.jp/,,1
ジャパンワン（株）,https://www.japanonesecurity.jp/,japanonesecurity.jp,security@japanone.jp,https://www.japanonesecurity.jp/contact/,none,A,tigs101;tigs101_v2,https://www.japanonesecurity.jp/,,1
（有）沙羅,https://minkai.jp/ownership/2629,minkai.jp,,https://minkai.jp/search,none,B,tigs101;tigs101_v2,,,
尚鎧（株）,https://www.shangkai.jp/,shangkai.jp,shangkai_2023@yahoo.co.jp,,email,A,tigs101,,1,
（株）シャングリラ,https://www.shangrila-inc.jp/,shangrila-inc.jp,studioshangrila@gmail.com,,none,A,tigs101;tigs101_v2,https://www.shangrila-inc.jp/,1,
"JUICY Co.,LTD",http://www.juicy.co.jp/,juicy.co.jp,info@juicy.co.jp,,email,A,tigs101,,,
ジューシーガーデン,https://www.juicygarden.jp/,juicygarden.jp,contact@juicygarden.jp,https://www.juicygarden.jp/p/search,none,A,tigs101;tigs101_v2,https://www.juicygarden.jp/,,
秀文社印刷（株）,https://www.shitamachi.net/syubunsya/,shitamachi.net,syubunsya@shitamachi.net,,email,A,tigs101,,,
秀和（株）,https://shuwa.jp/,shuwa.jp,sales@shuwa.jp,https://shuwa.jp/manufacturing/#contact,none,A,tigs101;tigs101_v2,https://shuwa.jp/,,
（有）シュウワールドトレーディング,https://www.shuwt.com/,shuwt.com,kondo@shuwt.com,,none,A,tigs101;tigs101_v2,https://www.shuwt.com/,,
SHUKA／種菓,https://shuka-kyoto.jp/?srsltid=AfmBOorOwiWhMN0oQRazwsG3OVdWC-GSBdOGRb3gitZ8QqmWlkP8KHcE,shuka-kyoto.jp,contact@shuka-kyoto.jp,,email,A,tigs101,,,
Je t'emmène,https://jetemmene.com/,jetemmene.com,jetemmene@decotokyo.com,https://jetemmene.com/pages/contact,none,A,tigs101;tigs101_v2,https://jetemmene.com/,,1
聚能繊維(株),https://www.navitime.co.jp/poi?spot=01376-19040412004,navitime.co.jp,,https://corporate.navitime.co.jp/contact/index.html,none,B,tigs101;tigs101_v2,,,
Shreel,https://shreel.stores.jp/,shreel.stores.jp,,,none,none,tigs101;tigs101_v2,,,
承元寺工業（株）,https://www.shougenji-industries.com/,shougenji-industries.com,syougenjikg@syougenji.co.jp,https://www.shougenji-industries.com/contact.html,none,A,tigs101;tigs101_v2,https://www.shougenji-industries.com/,,1
（株）昇寿堂,https://www.shojudo.com/,shojudo.com,eigyoubu@shojudo.co.jp,https://www.shojudo.com/support/toiawase/#wpcf7-f19-p253-o1,none,A,tigs101;tigs101_v2,https://www.shojudo.com/,,1
（株）松美堂,https://syoubidou.co.jp/index.html,syoubidou.co.jp,mail@syoubidou.co.jp,https://syoubidou.co.jp/contact.html,none,A,tigs101;tigs101_v2,https://syoubidou.co.jp/index.html,,
（株）浄美堂,https://jobido.jp/,jobido.jp,info@aaa.com,https://jobido.jp/contact.html,none,A,tigs101;tigs101_v2,https://jobido.jp/,,1
（株）賞美堂本店,https://shop.shobido-honten.com/?srsltid=AfmBOorySwMWEESikQBHMlg3hUNnhRjV-tU_RtzoDldavmWAbNxXE459,shop.shobido-honten.com,shop@shobido-honten.com,https://shop.shobido-honten.com/pages/contact,none,A,tigs101;tigs101_v2,https://shop.shobido-honten.com/?srsltid=AfmBOorySwMWEESikQBHMlg3hUNnhRjV-tU_RtzoDldavmWAbNxXE459,,1
（株）城北商会,http://www.johokushokai.co.jp/,johokushokai.co.jp,information@johokushokai.co.jp,https://www.johokushokai.co.jp/contact/,none,A,tigs101;tigs101_v2,https://www.johokushokai.co.jp/,,
（株）正和,https://www.net-showa.co.jp/,net-showa.co.jp,,https://www.net-showa.co.jp/contact/,form,B,tigs101,,,
植物△線香／香りと記憶,https://www.mistore.jp/store/shinjuku/shops/women_fashiongoods/goods/shopnews_list/shopnews_051.html,mistore.jp,abcd@mistore.jp,https://sitesearch.mistore.jp/,none,A,tigs101;tigs101_v2,https://www.mistore.jp/store/shinjuku/shops/women_fashiongoods/goods/shopnews_list/shopnews_051.html,,
植物と果実fog,https://sugano-organic.com/blogs/news/post003,sugano-organic.com,info@sugano-organic.com,https://sugano-organic.com/pages/contact,none,A,tigs101;tigs101_v2,https://sugano-organic.com/blogs/news/post003,,
ジョリコエンタープライズピーティーワイリミテッド日本支店,https://www.boody.co.jp/pages/company-profile?srsltid=AfmBOop8QFdjKwNgNJ3EImyhU45SrKr8QfiKlbepZ5_XtlaeanHyPC7U,boody.co.jp,hello@boody.co.jp,,email,A,tigs101,,,
シルバー（株）,https://kabutan.jp/themes/?theme=%E9%8A%80,kabutan.jp,,https://kabutan.jp/search/,none,B,tigs101;tigs101_v2,,,
シルバーバック,https://www.silverback.co.jp/,silverback.co.jp,info@silverback.co.jp,https://www.silverback.co.jp/company/contact/,none,A,tigs101;tigs101_v2,https://www.silverback.co.jp/,,
shiro,https://shiro-shiro.jp/?srsltid=AfmBOorIIeMRMD-RTqUiQOS6HR4zXgR90X7RxNLdFSaJCGFFa4TC_U9V,shiro-shiro.jp,shiro_beauty@shiro-shiro.jp,https://shiro-shiro.jp/cmHeaderAction,none,A,tigs101;tigs101_v2,https://shiro-shiro.jp/ec/?srsltid=AfmBOorIIeMRMD-RTqUiQOS6HR4zXgR90X7RxNLdFSaJCGFFa4TC_U9V,,
（株）シンエー,http://www.shinei-lease.co.jp/,shinei-lease.co.jp,info-niigata@shinei-lease.co.jp,,email,A,tigs101;lifestyle_880021,,,
新協電子（株）,https://www.sinkyo.co.jp/,sinkyo.co.jp,,https://www.sinkyo.co.jp/contact,form,B,tigs101,,,
（株）新宮商行 銭函工場,https://www.shingu-shoko.co.jp/company/,shingu-shoko.co.jp,,https://www.shingu-shoko.co.jp/contact/,none,B,tigs101;tigs101_v2,https://www.shingu-shoko.co.jp/company/,,
（株）信浩コーポレーション,https://www.xinko.jp/,xinko.jp,s.katayama@xinko.jp,https://www.xinko.jp/contact/index.html,none,A,tigs101;tigs101_v2,https://www.xinko.jp/,,
（株）シンコー,https://www.shinkohir.co.jp/,shinkohir.co.jp,bkk@shinkohir.co.jp,https://www.shinkohir.co.jp/contact.html,none,A,tigs101;tigs101_v2,https://www.shinkohir.co.jp/,,
（株）シンセイ,https://trading-shinsei.co.jp/,trading-shinsei.co.jp,,https://trading-shinsei.co.jp/contact.php,none,B,tigs101;tigs101_v2,,,
真鍮金具 上白石,http://www.kamishiraishi.com/,kamishiraishi.com,kami@fg8.so-net.ne.jp,,none,A,tigs101;tigs101_v2,http://www.kamishiraishi.com/,,1
IAN X TIM／新東力,https://www.bleague.jp/news_detail/id,bleague.jp,privacy@bleague.jp,https://www.bleague.jp/record/,none,A,tigs101;tigs101_v2,https://www.bleague.jp/news_detail/id,,
新徳丸（株）,https://www.shintokumaru-jp.com/,shintokumaru-jp.com,,https://www.shintokumaru-jp.com/company,none,B,tigs101;tigs101_v2,,,
（株）シンメイ,https://www.co-shinmei.com/,co-shinmei.com,,https://www.co-shinmei.com/inquiry,none,B,tigs101;tigs101_v2,,,
（株）森林生活,https://shinrin-s.co.jp/,shinrin-s.co.jp,info@shinrin-s.co.jp,https://shinrin-s.co.jp/,none,A,tigs101;tigs101_v2,https://shinrin-s.co.jp/,,
（株）新和産業,https://www.shinwasangyo-net.co.jp/,shinwasangyo-net.co.jp,,https://www.shinwasangyo-net.co.jp/contact,none,B,tigs101;tigs101_v2,,,
（株）スイーツクラフト,http://www.sweets-craft.co.jp/,sweets-craft.co.jp,info@sweets-craft.co.jp,,none,A,tigs101;tigs101_v2;oigs67,http://www.sweets-craft.co.jp/,,
（株）スイッチプランニング,https://switch-japan.com/,switch-japan.com,tiger@switch-japan.com,https://switch-japan.com/contact/,none,A,tigs101;tigs101_v2,https://switch-japan.com/,,
（有）スイング,https://swing1975.com/,swing1975.com,swing-co@dream.com,,email,A,tigs101,,,1
ZOO,https://zoojapan.com/,zoojapan.com,pro@zoojapan.com,https://zoojapan.com/contact.html,none,A,tigs101;tigs101_v2,https://zoojapan.com/,,
須恵町商工会,https://sue-sho.com/,sue-sho.com,nagasawa_koumuten@yahoo.co.jp,,email,A,tigs101,,1,
スカイウッド,https://www.skywood-inc.jp/,skywood-inc.jp,,https://thebase.com/inquiry/skywood-official-ec,form,B,tigs101,,,
（株）スカイル,https://skyl-inc.co.jp/,skyl-inc.co.jp,contact@skyl-inc.co.jp,https://skyl-inc.co.jp/contact/,none,A,tigs101;tigs101_v2,https://skyl-inc.co.jp/,,
スガイワールド,https://sugai-world.com/,sugai-world.com,,https://sugai-world.com/contact/,form,B,tigs101,,,
スガノ工房,https://suganokoubou.com/,suganokoubou.com,suganokoubou@gmail.com,https://cart.raku-uru.jp/incart,none,A,tigs101;tigs101_v2,https://suganokoubou.com/,1,
SUGY JAPAN,https://sugyjapan.sugy.jp/,sugyjapan.sugy.jp,sugyjapan@sugy.jp,https://sugyjapan.sugy.jp/contact,none,A,tigs101;tigs101_v2,https://sugyjapan.sugy.jp/,,1
（株）スギタ,http://www.kk-sugita.co.jp/,kk-sugita.co.jp,info@kk-sugita.co.jp,http://www.kk-sugita.co.jp/cgi-bin/contact_new/index.cgi,none,A,tigs101;tigs101_v2,http://www.kk-sugita.co.jp/,,
杉本家具（株）,http://sugimotokagu.com/,sugimotokagu.com,,https://sugimotokagu.com/contact,none,B,tigs101;tigs101_v2,,,
杉山金属（株）,https://sugimetal.jp/?srsltid=AfmBOoohgthgO023-IgYlssH-ixErOqlvs47xPExswTpr6aUWgaT0p-a,sugimetal.jp,info@sugimetal.jp,https://sugimetal.jp/pages/contact,none,A,tigs101;tigs101_v2;ilt_direct;ilt_v2,https://sugimetal.jp/?srsltid=AfmBOoohgthgO023-IgYlssH-ixErOqlvs47xPExswTpr6aUWgaT0p-a,,
スクアーロワークス,https://realfactorystore.com/?srsltid=AfmBOoq3XslCiQEdFbpFQpYajSXzaewpLykYOe1zvsX5F1qYui4v7Vkm,realfactorystore.com,,,none,none,tigs101;tigs101_v2,,,
Skater,https://www.skater-onlineshop.com/,skater-onlineshop.com,,https://www.skater-onlineshop.com/view/page/contactus,none,B,tigs101;tigs101_v2,,,
SK8INSOLL（株）,https://www.sk8insoll.tokyo/,sk8insoll.tokyo,sk8insoll@gmail.com,,email,A,tigs101,,1,
SQUALL,https://eow.alc.co.jp/search?q=squall,eow.alc.co.jp,,https://www.alc.co.jp/inquiry/,form,B,tigs101,,,
SCOTCHGRAIN,https://scotchgrain.co.jp/,scotchgrain.co.jp,info@scotchgrain.co.jp,https://scotchgrain.co.jp/inquiry/,none,A,tigs101;tigs101_v2,https://scotchgrain.co.jp/,,
（株）すごろくや,https://sugorokuya.jp/?srsltid=AfmBOorjE8BnQg_50fEe2xROuUL3cr5dy9TY9j0oF2aYwk1dDdgS2CmX,sugorokuya.jp,customer-support@sugorokuya.jp,https://sugorokuya.jp/contact/form,none,A,tigs101;tigs101_v2,https://sugorokuya.jp/?srsltid=AfmBOorjE8BnQg_50fEe2xROuUL3cr5dy9TY9j0oF2aYwk1dDdgS2CmX,,
（有）スズカ,http://suzuka-bz.com/abouts/,suzuka-bz.com,info-pcprinter@suzuka-bz.com,,email,A,tigs101,,,
（株）鈴木松風堂,http://shofudo.co.jp/,shofudo.co.jp,,http://shofudo.co.jp/contact/,form,B,tigs101,,,
ずゞや（株）,https://www.zuzuya.co.jp/,zuzuya.co.jp,info@zuzuya.co.jp,,none,A,tigs101;tigs101_v2,https://www.zuzuya.co.jp/,,
（株）スタークラフト ma,https://starcraft-n.co.jp/,starcraft-n.co.jp,media@starcraft-n.co.jp,https://starcraft-n.co.jp/contact,none,A,tigs101;tigs101_v2,https://starcraft-n.co.jp/,,
stylydesign（株）,https://stylydesign.jp/?srsltid=AfmBOope22rXPtt_kVaU2OJY4vnUodbUcUwvdrSIM2a-OLc5cdeLtkfm,stylydesign.jp,info@stylydesign.jp,,email,A,tigs101,,,
スタイルオン（株）,https://www.styleonbag.co.jp/,styleonbag.co.jp,styleon@styleonbag.co.jp,https://www.styleonbag.co.jp/p/search,none,A,tigs101;tigs101_v2,https://www.styleonbag.co.jp/,,
スタイルレザークラフト,https://style-lc.jp/,style-lc.jp,,https://style-lc.jp/,none,B,tigs101;tigs101_v2,,,
スタジオメタル,https://studio-metal.com/,studio-metal.com,,https://studio-metal.com/#wpcf7-f105-p36-o1,none,B,tigs101;tigs101_v2,,,
stem／（有）TRUNK,https://stem.cc/,stem.cc,stem@trunk-co.jp,https://stem.cc/contact%20us.html,none,A,tigs101;tigs101_v2,https://stem.cc/,,1
ステンドグラススタジオ帆足,https://minne.com/@hoashi-sg?srsltid=AfmBOoo4SYWzdGSloBXARVrywHvQ30FxkBFCpNE15Djcb2T6Tl1Cj1Jf,minne.com,support@minne.com,https://minne.com/contacts,none,A,tigs101;tigs101_v2,https://minne.com/@hoashi-sg?srsltid=AfmBOoo4SYWzdGSloBXARVrywHvQ30FxkBFCpNE15Djcb2T6Tl1Cj1Jf&_session_init=1,,
（株）ストロング,https://www.strong.co.jp/,strong.co.jp,info@strong.co.jp,https://www.strong.co.jp/wp/contact/,email,A,tigs101,,,
（株）SNIFF,https://www.wantedly.com/companies/sniffjapan,wantedly.com,recruit@jambo-support.com,https://www.wantedly.com/portfolio/companies/sniffjapan,none,A,tigs101;tigs101_v2,https://www.wantedly.com/companies/sniffjapan,,1
すばらしき沖縄の職人,https://www.okinawatimes.co.jp/articles/-/1612778,okinawatimes.co.jp,dokusha@okinawatimes.co.jp,https://okinawatimes.jp/contact/subscribe/,none,A,tigs101;tigs101_v2,https://www.okinawatimes.co.jp/articles/-/1612778,,
"SPIN CO., LTD.",https://spin-inc.com/,spin-inc.com,,,none,none,tigs101;tigs101_v2,,,
スペース絆,https://kobushi-f.jimdofree.com/%E5%9C%B0%E5%9F%9F%E7%94%9F%E6%B4%BB%E6%94%AF%E6%8F%B4%E3%82%BB%E3%83%B3%E3%82%BF%E3%83%BC-%E3%82%B9%E3%83%9A%E3%83%BC%E3%82%B9%E3%81%8D%E3%81%9A%E3%81%AA/,kobushi-f.jimdofree.com,,https://kobushi-f.jimdofree.com/%E3%81%8A%E5%95%8F%E3%81%84%E5%90%88%E3%82%8F%E3%81%9B/,none,B,tigs101;tigs101_v2,,,
スペースジョイ,https://www.space-joy.co.jp/,space-joy.co.jp,info@space-joy.co.jp,https://www.space-joy.co.jp/contact,none,A,tigs101;tigs101_v2,https://www.space-joy.co.jp/,,
（株）スポット,https://www.spotgroup.co.jp/,spotgroup.co.jp,,https://www.spotgroup.co.jp/contact/,none,B,tigs101;tigs101_v2,,,
（株）スマートトレーディング,https://smart-trading.co.jp/,smart-trading.co.jp,info@smart-trading.co.jp,,none,A,tigs101;tigs101_v2;ilt_direct;ilt_v2,https://smart-trading.co.jp/,,
スマートフォン ケースストア,https://qs-mall.jp/amagasaki/shop/detail/192,qs-mall.jp,,https://www.tokyuland-scm.co.jp/contact/policy,form,B,tigs101,,,
スマイリーパートナー,https://smileypartner.com/,smileypartner.com,,https://smileypartner.com/contact/,none,B,tigs101;tigs101_v2,,,
スマイルキッズ（株）,https://smilekidsb2b.com/,smilekidsb2b.com,smilekids-company@smile-asahi.co.jp,,email,A,tigs101,,,1
すまいるぷろ,https://sumapro.shop-pro.jp/,sumapro.shop-pro.jp,smile-pro@noken.co.jp,https://sumapro.shop-pro.jp/,none,A,tigs101;tigs101_v2,https://sumapro.shop-pro.jp/,,1
smachi（スマチ）,https://ws.smachi.jp/,ws.smachi.jp,ws@sanai-corp.com,https://ws.smachi.jp/pages/contact,none,A,tigs101;tigs101_v2,https://ws.smachi.jp/,,1
(株)スミカマ,https://sumikama.co.jp/,sumikama.co.jp,info@sumikama.co.jp,https://sumikama.co.jp/contact/,email,A,tigs101,,,
（株）スモール・プラネット,https://smallplanet.co.jp/,smallplanet.co.jp,,https://smallplanet.co.jp/contact/,none,B,tigs101;tigs101_v2,,,
（有）寿山工業,https://www.suyama-k.co.jp/,suyama-k.co.jp,info-suyama@suyama-k.co.jp,https://www.suyama-k.co.jp/cgi-bin/mailform/send.cgi,none,A,tigs101;tigs101_v2,https://www.suyama-k.co.jp/,,
THRASHER,https://www.tryonweb.net/brand/thrasher/,tryonweb.net,tryon-pv@funcy.ocn.ne.jp,https://www.tryonweb.net/contact/btob/,none,A,tigs101;tigs101_v2,https://www.tryonweb.net/brand/thrasher/,,1
（株）THREE,https://www.three-com.jp/,three-com.jp,info@three-com.jp,,email,A,tigs101,,,
3DI Concept （株）,https://www.3di.co.jp/,3di.co.jp,info@3di.co.jp,https://www.3di.co.jp/,none,A,tigs101;tigs101_v2,https://www.3di.co.jp/,,
スリップオン,https://www.slip-on.co.jp/,slip-on.co.jp,info@slip-on.co.jp,https://www.slip-on.co.jp/contactus/index.html,none,A,tigs101;tigs101_v2,https://www.slip-on.co.jp/,,
スルシィ／Sulci,https://sulci.co.jp/,sulci.co.jp,info@sulci.co.jp,https://sulci.co.jp/,none,A,tigs101;tigs101_v2,https://sulci.co.jp/,,
（株）セアール,https://seal.co.jp/,seal.co.jp,,https://seal.co.jp/contact/,none,B,tigs101;tigs101_v2,,,
（株）生活の木,https://www.treeoflife.co.jp/,treeoflife.co.jp,hlc-lesson@treeoflife.co.jp,https://corp.treeoflife.co.jp/contact/,none,A,tigs101;tigs101_v2,https://www.treeoflife.co.jp/,,
生活のすすめ,https://h-s-s.jp/,h-s-s.jp,,https://h-s-s.jp/contact/,none,B,tigs101;tigs101_v2,,,
青幻舎／草紙堂,https://www.soshido.com/,soshido.com,info@soshido.com,https://www.soshido.com/contact/,email,A,tigs101,,,
（株）青郊,https://seikouonline.com/,seikouonline.com,store@seikou.co.jp,https://seikouonline.com/contact#newsletter-popup,none,A,tigs101;tigs101_v2,https://seikouonline.com/,,1
精巧（株）,http://seiko-co.co.jp/,seiko-co.co.jp,info@seiko-co.co.jp,http://seiko-co.co.jp/contact/,none,A,tigs101;tigs101_v2,http://seiko-co.co.jp/,,
（株）正航,https://toukibo.ai-con.lawyer/search-service/result/8180001156428,toukibo.ai-con.lawyer,,https://toukibo.ai-con.lawyer/search-service/result/8180001156428,none,B,tigs101;tigs101_v2,,,
星光商事（株）,https://seikoshoji.com/,seikoshoji.com,,https://seikoshoji.com/contact/,none,B,tigs101;tigs101_v2,,,
静興茶業（株）,https://www.seikocha.com/,seikocha.com,,https://www.seikocha.com/contact/,none,B,tigs101;tigs101_v2,,,
制振装置evoltz B5,https://www.evoltz.com/performance/what_is_b5,evoltz.com,,https://www.evoltz.com/contact,none,B,tigs101;tigs101_v2,,,
聖新陶芸（株）,https://seishin-tougei.com/,seishin-tougei.com,info@seishin-tougei.com,https://seishin-tougei.com/contact/,email,A,tigs101,,,
清峰堂（株）,https://www.seihou-do.com/,seihou-do.com,info@seihou-do.com,,email,A,tigs101;ilt_direct,,,
（株）セガ,https://www.sega.co.jp/,sega.co.jp,,https://www.sega.co.jp/contact/index.html,form,B,tigs101,,,
2nd PALETTE,https://www.2ndpalette.jp/,2ndpalette.jp,,https://thebase.com/inquiry/2ndpalette-theshop-jp,form,B,tigs101,,,
(株)関菊水刃物,https://www.seki-kikusuihamono.com/,seki-kikusuihamono.com,,https://www.seki-kikusuihamono.com/%E3%81%8A%E5%95%8F%E3%81%84%E5%90%88%E3%82%8F%E3%81%9B/,none,B,tigs101;tigs101_v2,,,
（株）セキグチ,https://www.sekiguchi.co.jp/company/outline/,sekiguchi.co.jp,service@sekiguchi.co.jp,https://www.sekiguchi.co.jp/contact/,none,A,tigs101;tigs101_v2,https://www.sekiguchi.co.jp/company/outline/,,
（株）セキザワ,https://sekizawa.co.jp/,sekizawa.co.jp,,https://sekizawa.co.jp/pages/contact,none,B,tigs101;tigs101_v2,,,
関根桐材店,https://www.sekinekiriya.com/,sekinekiriya.com,info@sekinekiriya.com,,email,A,tigs101,,,
セキネシール工業（株）,http://sekineseal.co.jp/,sekineseal.co.jp,,https://sekineseal.co.jp/contact/,none,B,tigs101;tigs101_v2,,,
「関の刃物」ブランド構築事業実行委員会,https://www.sekiknifeshow.com/aboutme/,sekiknifeshow.com,,https://www.sekiknifeshow.com/en/contact/,none,B,tigs101;tigs101_v2,,,
摂津金属工業所,https://www.settsukinzoku.co.jp/,settsukinzoku.co.jp,info@settsukinzoku.co.jp,https://www.settsukinzoku.co.jp/inquiry/index.html,none,A,tigs101;tigs101_v2,https://www.settsukinzoku.co.jp/,,
（株）瀬戸陶芸社／玩具工房,https://shop.seto-masukichi.com/collections/gangukoubou?srsltid=AfmBOoqg1dIOWNt18BUOoEpzS42mDz9Q4LlGe2T2j-rDA8bxLKhG1CgP,shop.seto-masukichi.com,seto.masukichi@gmail.com,https://shop.seto-masukichi.com/pages/contact,none,A,tigs101;tigs101_v2,https://shop.seto-masukichi.com/collections/gangukoubou?srsltid=AfmBOoqg1dIOWNt18BUOoEpzS42mDz9Q4LlGe2T2j-rDA8bxLKhG1CgP,1,
瀬戸陶磁器卸商業協同組合,https://seto-tosyo.jp/,seto-tosyo.jp,tosyo@eos.ocn.ne.jp,,email,A,tigs101,,,1
せとやき せともの 瀬戸焼 愛知県陶磁器工業協同組合,https://www.aitohko.com/setoyaki,aitohko.com,iku-akutu@hat.hi-ho.ne.jp,https://www.aitohko.com/wp/wp-content/themes/aitohko2021/mailform/mail.php,none,A,tigs101;tigs101_v2,https://www.aitohko.com/setoyaki,,1
（株）ゼネラルステッカー,https://www.generalsticker.com/,generalsticker.com,,https://www.generalsticker.com/%E3%81%8A%E5%95%8F%E3%81%84%E5%90%88%E3%82%8F%E3%81%9B/,none,B,tigs101;tigs101_v2,,,
（株）世美庵,https://sebian-namiki.com/,sebian-namiki.com,,https://sebian-namiki.com/contact/,none,B,tigs101;tigs101_v2,,,
セミー工業,https://www.semi.co.jp/,semi.co.jp,,https://www.semi.co.jp/contact.html,none,B,tigs101;tigs101_v2,,,
セメントプロデュースデザイン,https://www.cementdesign.com/,cementdesign.com,info@www.cementdesign.com,https://www.cementdesign.com/contact/,none,A,tigs101;tigs101_v2;omotenashi,https://www.cementdesign.com/,,
（株）セライズ,https://ceramic.co.jp/,ceramic.co.jp,,https://ceramic.co.jp/contact,none,B,tigs101;tigs101_v2,,,
（株）セラミック藍,https://ceramic-ai.co.jp/,ceramic-ai.co.jp,eigyo3@ceramic-ai.co.jp,https://ceramic-ai.co.jp/pages/contact,none,A,tigs101;tigs101_v2;lifestyle_880021;lifestyle_880026;omotenashi;ilt_direct,https://ceramic-ai.co.jp/,,
（株）セラミック・ジャパン,https://ceramic-japan.co.jp/,ceramic-japan.co.jp,mail@ceramic-japan.co.jp,https://ceramic-japan.co.jp/contact/,none,A,tigs101;tigs101_v2;ambiente_direct,messe_frankfurt_exhibitor_api,,
ZEROADらくらくシリーズ,https://minna-no-reizouko.com/contents/event/16448209765,minna-no-reizouko.com,,,none,none,tigs101;tigs101_v2,,,
（株）ゼロゲージ,https://zerogauge-corp.com/service/,zerogauge-corp.com,t.imamoto@zerogauge-jp.com,,email,A,tigs101,,,1
"ZEN Co., Ltd.",https://zenco.co.jp/,zenco.co.jp,contact@zenco.co.jp,https://zenco.co.jp/contact,none,A,tigs101;tigs101_v2,https://zenco.co.jp/,,
zen void.,https://zenvoid.base.shop/,zenvoid.base.shop,,https://thebase.com/inquiry/zenvoid-base-shop,form,B,tigs101,,,
（株）全榮,https://www.japan-build.jp/tokyo/en-gb/search/2025/directory/details.%E6%A0%AA%E5%BC%8F%E4%BC%9A%E7%A4%BE%20%E5%85%A8%E6%A6%AE.org-20db0df5-6199-4900-89e0-37e5f61edbd1.html,japan-build.jp,build-e.jp@rxglobal.com,,none,A,tigs101;tigs101_v2,https://www.japan-build.jp/tokyo/en-gb/search/2025/directory/details.%E6%A0%AA%E5%BC%8F%E4%BC%9A%E7%A4%BE%20%E5%85%A8%E6%A6%AE.org-20db0df5-6199-4900-89e0-37e5f61edbd1.html,,1
洗顔用こんにゃくスポンジ／(有)山本農場,https://www.yamamotofarm.co.jp/,yamamotofarm.co.jp,info@yamamotofarm.co.jp,,email,A,tigs101,,,
（株）泉壽,https://azanafuda.co.jp/shop/,azanafuda.co.jp,,https://azanafuda.co.jp/contact,form,B,tigs101,,,
染織工芸いふう,https://www.ifu-lab.com/,ifu-lab.com,ifu_someya@yahoo.co.jp,,none,A,tigs101;tigs101_v2,https://www.ifu-lab.com/,1,
染色工房 くさなぎ,https://kusanagi-some60.ocnk.net/,kusanagi-some60.ocnk.net,,https://kusanagi-some60.ocnk.net/contact,none,B,tigs101;tigs101_v2,,,
仙水 maeda soko,https://www.setoyakishinkokyokai.jp/blogs/buy_experience/sensui-maeda-soko,setoyakishinkokyokai.jp,monosho@city.seto.lg.jp,https://www.setoyakishinkokyokai.jp/pages/contact,none,A,tigs101;tigs101_v2,https://www.setoyakishinkokyokai.jp/blogs/buy_experience/sensui-maeda-soko,,1
扇子工房まつ井,https://edo-sensu.com/spn/,edo-sensu.com,info@edo-sensu.com,https://edo-sensu.com/contact/,none,A,tigs101;tigs101_v2,https://edo-sensu.com/spn/,,
ZEN TEA BREW 「お茶×お酒：DIYカクテルキット」,https://www.zenteabrew.com/,zenteabrew.com,enjoy@zenteabrew.com,https://www.zenteabrew.com/pages/contact-us,none,A,tigs101;tigs101_v2,https://www.zenteabrew.com/,,
（有）セントラルパシフィックトレーディング,https://www.chuokai-gifu.or.jp/tajimi/centralpacifictrading.html,chuokai-gifu.or.jp,,,none,none,tigs101;tigs101_v2,,,
scent letter（株）,https://scent-letter.co.jp/,scent-letter.co.jp,,https://scent-letter.co.jp/about/contact/,none,B,tigs101;tigs101_v2,,,
（株）SOW,https://senceofwonder.i15.bcart.jp/,senceofwonder.i15.bcart.jp,info@senceofwonder.co.jp,https://senceofwonder.i15.bcart.jp/contact.php,none,A,tigs101;tigs101_v2,https://senceofwonder.i15.bcart.jp/,,1
創作工房NittyGritty,https://www.craftmark.jp/Festa07/NittyG.html,craftmark.jp,,https://www.craftmark.jp/freecgi/FormMail/index.cgi,none,B,tigs101;tigs101_v2,,,
SOÜSAC,https://www.showroom.plugin-ex.com/archive/sousac/,showroom.plugin-ex.com,,,none,none,tigs101;tigs101_v2;fgs2025,,,
双寿園,https://souzyu-en.com/,souzyu-en.com,,https://souzyu-en.com/modern/contact/mailform.php,none,B,tigs101;tigs101_v2;dainipponichi,,,
蔵珍窯,https://zohogama.com/,zohogama.com,info@zohogama.com,https://zohogama.com/,none,A,tigs101;tigs101_v2;oigs67,https://zohogama.com/,,
SōI,https://soistore.theshop.jp/,soistore.theshop.jp,,https://thebase.com/inquiry/soistore-theshop-jp,form,B,tigs101,,,
ゾーウィー（株）,https://zowie.co.jp/,zowie.co.jp,privacy@zowie.co.jp,,none,A,tigs101;tigs101_v2,https://zowie.co.jp/,,
薗部産業（株）／（有）クラフト木の実,https://konomi-net.com/,konomi-net.com,sonobe@abc.co.jp,https://konomi-net.com/,none,A,tigs101;tigs101_v2;twf2025,https://konomi-net.com/,,1
（一社）染の里おちあい,https://www.ochiai-san.com/,ochiai-san.com,info@ochiai-san.com,https://www.ochiai-san.com/contents/category/contact/#wpcf7-f65-p247-o1,none,A,tigs101;tigs101_v2;ilt_direct,https://www.ochiai-san.com/,,
SSONDA（ソンダ）,https://www.honda.co.jp/,honda.co.jp,,https://www.honda.co.jp/customer/search/,none,B,tigs101;tigs101_v2,,,
turbou,https://fukuyama-brand.jp/?p=4916,fukuyama-brand.jp,info@wakaifarmmy.com,https://fukuyama-brand.jp/?page_id=321#wpcf7-f395-p321-o1,none,A,tigs101;tigs101_v2,https://fukuyama-brand.jp/?p=4916,,1
（株）ダイイチ,https://daiichi-cps.jp/,daiichi-cps.jp,company@isc1960.co.jp,https://daiichi-cps.jp/contact/,none,A,tigs101;tigs101_v2,https://daiichi-cps.jp/,,1
（有）大一創芸,https://hukusa.co.jp/,hukusa.co.jp,info@hukusa.co.jp,https://hukusa.co.jp/contact_us/,none,A,tigs101;tigs101_v2;omotenashi,https://hukusa.co.jp/,,
（株）ダイキ,https://www.daiki-peck.co.jp/,daiki-peck.co.jp,,https://www.daiki-peck.co.jp/contact/,none,B,tigs101;tigs101_v2;fgs2025,,,
（有）ダイキ工業,https://www.daikikougyou.co.jp/,daikikougyou.co.jp,support@daikikougyou.co.jp,https://www.daikikougyou.co.jp/contact.html,none,A,tigs101;tigs101_v2,https://www.daikikougyou.co.jp/,,
（有）大輝製作所,https://brass-daiki.co.jp/,brass-daiki.co.jp,daiki.mfg@brass-daiki.co.jp,https://brass-daiki.co.jp/contact.html,none,A,tigs101;tigs101_v2,https://brass-daiki.co.jp/,,
（株）大恵,https://www.daikei2787.co.jp/,daikei2787.co.jp,daikei@mx4.nns.ne.jp,,email,A,tigs101,,,1
（株）大醐,https://daigojapan.jp/,daigojapan.jp,info@daigojapan.jp,https://daigojapan.jp/contact,email,A,tigs101;omotenashi,,,
（株）大幸インターナショナル,https://www.kk-daiko.co.jp/,kk-daiko.co.jp,,https://www.kk-daiko.co.jp/contact/#wpcf7-f10-p12-o1,none,B,tigs101;tigs101_v2,,,
（株）DAICO,http://daico3.com/,daico3.com,,http://daico3.com/contact.html,none,B,tigs101;tigs101_v2;lifestyle_880021,,,
タイジャパン,https://www.tyjapan.jp/,tyjapan.jp,info@tyjapan.jp,https://www.tyjapan.jp/contact,none,A,tigs101;tigs101_v2;oigs67,https://www.tyjapan.jp/,,
大商貿易（株）,http://daisho-trading.kir.jp/,daisho-trading.kir.jp,daisho-trading@kagoya.net,,none,A,tigs101;tigs101_v2,http://daisho-trading.kir.jp/,,1
大伸木工（株）,http://dai-shin-co.jp/,dai-shin-co.jp,,https://dai-shin-co.jp/contact/,none,B,tigs101;tigs101_v2,,,
（株）ダイセル 酢酸セルロース樹脂「CAFBLO®」,https://www.daicel.com/cell_ac/pellet/,daicel.com,personal_information@jp.daicel.com,https://www.daicel.com/healthcare/inquiry,none,A,tigs101;tigs101_v2;omotenashi,,,
TYESO／KOTANI金属工業（株）,https://tyeso.co.jp/pages/company,tyeso.co.jp,,https://tyeso.co.jp/pages/contact-form,form,B,tigs101;lifestyle_880021,,,
大同至高（株）,https://ddsp.jp/,ddsp.jp,,https://ddsp.jp/sitesearch2.1.1/index.cgi,none,B,tigs101;tigs101_v2;lifestyle_880026,,,
台東ファッションザッカ,https://www.taito-zakka-fair.jp/,taito-zakka-fair.jp,,https://www.taito-zakka-fair.jp/contact,none,B,tigs101;tigs101_v2,,,
大日三協（株）,https://dainichi-p.jp/,dainichi-p.jp,,https://dainichi-p.jp/#wpcf7-f14-p11-o1,none,B,tigs101;tigs101_v2,,,
大日三協（株）／MECLI,https://dainichi-p.co.jp/info/20250507,dainichi-p.co.jp,,,none,none,tigs101;tigs101_v2;ilt_direct;ilt_v2,,,
大日堂（株）,https://dainichido.jp/,dainichido.jp,,https://dainichido.jp/contact,none,B,tigs101;tigs101_v2,,,
ダイバーシティ,https://mitsui-shopping-park.com/divercity-tokyo/shopguide/,mitsui-shopping-park.com,,https://mitsui-shopping-park.com/contact/,form,B,tigs101,,,
（株）タイパック,https://irbank.net/%E6%A0%AA%E5%BC%8F%E4%BC%9A%E7%A4%BE%E3%82%BF%E3%82%A4%E3%83%91%E3%83%83%E3%82%AF,irbank.net,,https://corp.irbank.net/service-contact/,none,B,tigs101;tigs101_v2,,,
（株）TIMELESS,https://timeless-co.com/,timeless-co.com,info-tl@timeless-co.com,https://timeless-co.com/contact/,email,A,tigs101,,,
太洋（株）,https://www.taiyo-kabu.co.jp/,taiyo-kabu.co.jp,t-mizuki@taiyo-kabu.co.jp,https://www.taiyo-kabu.co.jp/contact/,none,A,tigs101;tigs101_v2;omotenashi,https://www.taiyo-kabu.co.jp/,,
太陽毛絲紡績（株）,https://taiyo-keito.co.jp/,taiyo-keito.co.jp,,https://taiyo-keito.co.jp/contact,none,B,tigs101;tigs101_v2,,,
（株）タイヨートマー,http://www.taiyotomah.com/,taiyotomah.com,info@taiyotomah.com,http://www.taiyotomah.com/contact.php,none,A,tigs101;tigs101_v2,http://www.taiyotomah.com/,,
DAVI,https://davi.co.jp/,davi.co.jp,info@346design.com,,email,A,tigs101,,,1
タオル美術館グループ,https://www.towel-museum.com/,towel-museum.com,,https://www.towel-museum.com/contact/,none,B,tigs101;tigs101_v2,,,
（公財）高岡地域地場産業センター,https://www.takaokajibasan.or.jp/,takaokajibasan.or.jp,shop@takaokajibasan.or.jp,https://www.takaokajibasan.or.jp/form#wpcf7-f1259-p1215-o1,none,A,tigs101;tigs101_v2,https://www.takaokajibasan.or.jp/,,
高木包装,https://takagi-hoso.com/,takagi-hoso.com,,https://takagi-hoso.com/contact/,none,B,tigs101;tigs101_v2,,,
高崎市群馬商工会,https://gtakasaki-sci.or.jp/,gtakasaki-sci.or.jp,office@gtakasaki-sci.or.jp,https://gtakasaki-sci.or.jp/contact/,none,A,tigs101;tigs101_v2,https://gtakasaki-sci.or.jp/,,
（株）高砂,https://shidapalm.co.jp/,shidapalm.co.jp,info@shidapalm.co.jp,https://shidapalm.co.jp/contact/,none,A,tigs101;tigs101_v2,https://shidapalm.co.jp/,,
高野家具,https://takanomokkoushop.com/?srsltid=AfmBOopNgaksS-r_XTwLpR3-HDwx0SLUF4cbB2cRSslWQw3PrP3p-Jqb,takanomokkoushop.com,info@takanomokkou.co.jp,https://takanomokkoushop.com/view/page/contact,none,A,tigs101;tigs101_v2,https://takanomokkoushop.com/?srsltid=AfmBOopNgaksS-r_XTwLpR3-HDwx0SLUF4cbB2cRSslWQw3PrP3p-Jqb,,1
高橋工芸,https://www.takahashikougei.com/,takahashikougei.com,info@takahashikougei.com,,email,A,tigs101,,,
（株）高橋工房,https://takahashi-kobo.com/,takahashi-kobo.com,info@takahashi-kobo.com,https://takahashi-kobo.com/contact/,email,A,tigs101,,,
高橋刺繡店,https://takahashi-shishu.com/,takahashi-shishu.com,3takahashi.shishuten@gmail.comfollow,,none,A,tigs101;tigs101_v2;ilt_direct,https://takahashi-shishu.com/,,1
高畑,https://www.takahata-ski.net/,takahata-ski.net,takahataschool@gmail.com,https://www.takahata-ski.net/contact/,none,A,tigs101;tigs101_v2,https://www.takahata-ski.net/,1,
高松市,https://www.city.takamatsu.kagawa.jp/,city.takamatsu.kagawa.jp,webmaster@city.takamatsu.lg.jp,https://www.google.com/cse,none,A,tigs101;tigs101_v2,https://www.city.takamatsu.kagawa.jp/,,1
（株）寶屋,https://takaraya-group.jp/,takaraya-group.jp,,https://takaraya-group.jp/mail/personal#wpcf7-f125-p1290-o1,none,B,tigs101;tigs101_v2,,,
焚き火台＆ガスブースター「OCTA®」,https://lesechosgreen.com/bonfire-octa/,lesechosgreen.com,,,none,none,tigs101;tigs101_v2,,,
かごや （株）タクミ製作所,https://www.kagoya-onlinestore.jp/?srsltid=AfmBOop4KW-GVXgbtXXyDhwKMFXjYQ4z04CG94LVMidYRetJl6GUqi1s,kagoya-onlinestore.jp,kagoya-info@takumi-mfg.co.jp,,email,A,tigs101,,,1
タケ アドバンス トレード,http://advance-t.co.jp/,advance-t.co.jp,,http://advance-t.co.jp/contact,none,B,tigs101;tigs101_v2,,,
（株）猛建設,https://takekensetsu.com/,takekensetsu.com,,https://takekensetsu.com/contact/,none,B,tigs101;tigs101_v2;ilt_direct;ilt_v2,,,
（株）武田コーポレーション,https://www.takedac.jp/,takedac.jp,,https://www.takedac.jp/contact/,none,B,tigs101;tigs101_v2;lifestyle_880021,,,
武田電磁器製陶所,https://takedadenjiki.com/,takedadenjiki.com,,,none,none,tigs101;tigs101_v2,,,
（株）竹中銅器,https://takenakadouki.co.jp/,takenakadouki.co.jp,info@takenakadouki.co.jp,https://takenakadouki.co.jp/,email,A,tigs101;omotenashi,,,
竹本鎌製作所,http://www.takemotosickle.com/,takemotosickle.com,info@takemotosickle.com,,email,A,tigs101,,,
タジマ工業（株）,https://www.tajima.com/jp/about/company/,tajima.com,sales1@tajimaaustralia.com.au,https://www.tajima.com/jp/contact/,none,A,tigs101;tigs101_v2,https://www.tajima.com/jp/about/company/,,1
多治見商工会議所,https://tajimi.or.jp/,tajimi.or.jp,recruit@tajimi.or.jp,https://tajimi.or.jp,none,A,tigs101;tigs101_v2;cci,https://tajimi.or.jp/,,
（株）多田桂寛,https://www.tadakeikan.jp/,tadakeikan.jp,,,none,none,tigs101;tigs101_v2,,,
たちばな はいと,https://haruiro8110.net/,haruiro8110.net,,https://haruiro8110.net/contact,none,B,tigs101;tigs101_v2,,,
（株）城屋,http://www.tachiya.jp/,tachiya.jp,,http://www.tachiya.jp/contact.html,none,B,tigs101;tigs101_v2,,,
TOUCHBeauty（株）,https://www.touchbeauty.co.jp/?srsltid=AfmBOoq-ZAzlfmIKEcJBtlrwsQuMMJp0cgeMjCTs9IkDxUNapBQyeyqk,touchbeauty.co.jp,shopify@touchbeauty.co.jp,https://www.touchbeauty.co.jp/pages/contact,none,A,tigs101;tigs101_v2,https://www.touchbeauty.co.jp/?srsltid=AfmBOoq-ZAzlfmIKEcJBtlrwsQuMMJp0cgeMjCTs9IkDxUNapBQyeyqk,,
（株）ダッドウェイ,https://www.dadway.com/,dadway.com,info@fikakobe.com,https://www.dadway.com/faq/#inquiry,none,A,tigs101;tigs101_v2,https://www.dadway.com/,,1
タツネ（株）,http://www.tatsune.jp/,tatsune.jp,info@tatsune.jp,http://www.tatsune.jp/contact/,email,A,tigs101,,,
（株）たつみや,https://hakoya.co.jp/,hakoya.co.jp,,https://hakoya.co.jp/contact/,none,B,tigs101;tigs101_v2,,,
（株）辰巳屋,http://www.mani-tatsumiya.co.jp/,mani-tatsumiya.co.jp,,http://www.mani-tatsumiya.co.jp/contact.html,none,B,tigs101;tigs101_v2,,,
（株）龍屋,https://tatsuya-toys.biz/,tatsuya-toys.biz,order@tatsuya-toys.co.jp,https://tatsuya-toys.biz/contact,none,A,tigs101;tigs101_v2,https://tatsuya-toys.biz/,,1
（株）ダテハキ,https://www.datehaki.co.jp/,datehaki.co.jp,,https://www.datehaki.co.jp/_ga/FORM/contact.cgi,none,B,tigs101;tigs101_v2,,,
（株）田中箸店,https://tanaka-hashi.noct-c.com/,tanaka-hashi.noct-c.com,,https://tanaka-hashi.noct-c.com/contact,none,B,tigs101;tigs101_v2,,,
（株）田辺金具,https://www.tanabe-kanagu.co.jp/,tanabe-kanagu.co.jp,kanagu@tanak.jp,,email,A,tigs101,,,1
（株）タナベ刺繍,https://www.e-tanabe.net/,e-tanabe.net,,https://www.e-tanabe.net/contact/,form,B,tigs101,,,
（有）谷口清雅堂,https://www.seigado.jp/,seigado.jp,,https://www.seigado.jp/contact/,form,B,tigs101,,,
tanizawa lab,https://tanizawalab.jp/,tanizawalab.jp,,https://tanizawalab.jp/contact/,none,B,tigs101;tigs101_v2,,,
谷村実業（株）,http://www.tasscom.net/,tasscom.net,,http://www.tasscom.net/form/contact/,none,B,tigs101;tigs101_v2,,,
谷元フスマ工飾（株）,https://t-f-kosyoku.com/,t-f-kosyoku.com,info@t-f-kosyoku.com,https://t-f-kosyoku.com/contact/,none,A,tigs101;tigs101_v2,https://t-f-kosyoku.com/,,
（有）種田商店,https://taneda-shoten.com/,taneda-shoten.com,info@taneda-shoten.com,,none,A,tigs101;tigs101_v2,https://taneda-shoten.com/,,
（株）DABADA,https://www.dabada.jp/,dabada.jp,support@dabada.jp,,email,A,tigs101,,,
（株）WGD京都,https://wgd-kyoto.com/,wgd-kyoto.com,info@wgd-kyoto.com,,email,A,tigs101,,,
玉城焼,https://www.tamagusukuyaki.com/?srsltid=AfmBOorUUAealSWlrCFiFA0kqhrIyl5eu0T7Co-fn-NX2DlNGWksNbiE,tamagusukuyaki.com,,https://thebase.com/inquiry/gusukuyaki-base-shop,form,B,tigs101,,,
（株）タマハシ,https://www.smile-king.co.jp/,smile-king.co.jp,polyfill@main.js,https://www.smile-king.co.jp/contact,none,A,tigs101;tigs101_v2;fgs2025,https://www.smile-king.co.jp/,,1
（株）田村商会,https://www.tamurasyokai.jp/,tamurasyokai.jp,info@tamurasyokai.jp,,email,A,tigs101,,,
（株）ダルトン,https://www.dalton.co.jp/,dalton.co.jp,isd@dalton.co.jp,https://www.dalton.co.jp/inquiry_product/,none,A,tigs101;tigs101_v2,https://www.dalton.co.jp/,,
（有）たんぽぽ,https://soffione.biz/,soffione.biz,,https://soffione.biz/contact.html,none,B,tigs101;tigs101_v2,,,
chiori design,https://chioriito.com/,chioriito.com,info@chioriito.com,,email,A,tigs101,,,
（有）竹苑,http://chikuen.com/,chikuen.com,info@chikuen.com,http://chikuen.com/contact.html,email,A,tigs101,,,
竹巧彩／chikukousai,https://chikukousai.com/,chikukousai.com,info@chikukousai.com,https://chikukousai.com/contact/,none,A,tigs101;tigs101_v2,https://chikukousai.com/,,
CHISHIRO,https://chishiro.co.jp/,chishiro.co.jp,luxnatureoka@ybb.ne.jp,,email,A,tigs101,,,1
（株）チャーリー,https://charley-zzz.com/,charley-zzz.com,info@charley-zzz.com,,email,A,tigs101,,,
茶谷産業（株）,https://www.chatani.co.jp/,chatani.co.jp,,https://www.chatani.co.jp/inquiry/,none,B,tigs101;tigs101_v2,,,
（株）Chandni,https://www.chandni-india.com/,chandni-india.com,info@chandni-india.com,https://www.chandni-india.com/,none,A,tigs101;tigs101_v2,https://www.chandni-india.com/,,
（独）中小企業基盤整備機構,https://www.smrj.go.jp/,smrj.go.jp,,https://www.smrj.go.jp/contact/index.html,none,B,tigs101;tigs101_v2,,,
（有）鋳心ノ工房,https://www.chushin-kobo.jp/,chushin-kobo.jp,info@chushin-kobo.jp,,email,A,tigs101,,,
中日橋商事／（株）シンバシ,https://www.cnjphashi.com/,cnjphashi.com,info@cnjphashi.com,,email,A,tigs101,,,
浅野撚糸（株）／超無撚糸 わたのはな,https://watanohana.site/,watanohana.site,,,none,none,tigs101;tigs101_v2,,,
（株）つえ屋,https://www.e-104.info/,e-104.info,info@e-104.info,,email,A,tigs101,,,
司リファインプロダクツ,https://monolog.r-n-i.jp/maker/1461656,monolog.r-n-i.jp,,https://r-n-i.jp/contact/?ctg=monolog,none,B,tigs101;tigs101_v2,,,
月隈木履工業所,https://www.fujidream.co.jp/sp/kankou/spot/fukuoka/tsukigumabokuri_intro.html,fujidream.co.jp,,,none,none,tigs101;tigs101_v2,,,
tsukinowa,https://www.d-arms-shop.jp/tsukinowa/?srsltid=AfmBOoqRlHf_QsPTR8smywiAdM2vBZvmdOjsL19p8R-cqZzxh8a7cypG,d-arms-shop.jp,,https://www.d-arms-shop.jp/usces-inquiry/,none,B,tigs101;tigs101_v2,,,
（株）tukuru,https://tukuru-co.jp/,tukuru-co.jp,info@tukuru-co.jp,https://tukuru-co.jp/contact,none,A,tigs101;tigs101_v2,https://tukuru-co.jp/,,
辻一（株）,https://tsuji-ichi.co.jp/,tsuji-ichi.co.jp,info@tsuji-ichi.co.jp,https://tsuji-ichi.co.jp/contact.html,none,A,tigs101;tigs101_v2,https://tsuji-ichi.co.jp/,,
（株）辻商店,https://tuji.co.jp/,tuji.co.jp,tomo@tuji.co.jp,https://tuji.co.jp/inquiry/,none,A,tigs101;tigs101_v2,https://tuji.co.jp/,,
ツジショー,https://tsujisho.com/,tsujisho.com,,https://tsujisho.com/%E8%A6%8B%E7%A9%8D%E4%BE%9D%E9%A0%BC%E3%83%BB%E3%81%8A%E5%95%8F%E3%81%84%E5%90%88%E3%82%8F%E3%81%9B/%E8%A6%8B%E7%A9%8D%E4%BE%9D%E9%A0%BC/,none,B,tigs101;tigs101_v2,,,
（株）辻製作所,https://www.tsujiss.co.jp/,tsujiss.co.jp,,https://www.tsujiss.co.jp/inquiry,none,B,tigs101;tigs101_v2,,,
辻田漆店,https://tujita.co.jp/,tujita.co.jp,urushi@tujita.co.jp,https://tujita.co.jp/contact/,none,A,tigs101;tigs101_v2,https://tujita.co.jp/,,
土と微生物に特化した学びのプログラム『まほうの土プロジェクト』,https://matsurisha.com/programs/soil/,matsurisha.com,account@matsurisha.com,https://matsurisha.com/contact/,none,A,tigs101;tigs101_v2,https://matsurisha.com/programs/soil/,,
（株）土直漆器,https://www.tsuchinao.com/,tsuchinao.com,info@tsuchinao.com,https://www.tsuchinao.com/contact/,none,A,tigs101;tigs101_v2,https://www.tsuchinao.com/,,
（有）つちはし,https://www.tuchihashi.co.jp/,tuchihashi.co.jp,,https://www.tuchihashi.co.jp/contact.html,form,B,tigs101,,,
（株）松屋漆器店,https://www.matsuya-j.com/,matsuya-j.com,info@matsuya-j.com,https://www.matsuya-j.com/contact/,email,A,tigs101;twf2025,,,
つなぐしずおかプロジェクト,https://279shizuoka.com/,279shizuoka.com,,https://279shizuoka.com/contact/,none,B,tigs101;tigs101_v2,,,
TSUM,https://www.disney.co.jp/games/dtt,disney.co.jp,,,none,none,tigs101;tigs101_v2,,,
（有）ツルヤ商店,https://www.tsuruya-net.com/,tsuruya-net.com,tsuruya@tsuruya-net.com,https://www.tsuruya-net.com/contact.html,none,A,tigs101;tigs101_v2,https://www.tsuruya-net.com/,,
DEER DROP STONE PROJECT,https://www.axismag.jp/posts/2026/02/699096.html,axismag.jp,axismag@axisinc.co.jp,https://www.axismag.jp/,none,A,tigs101;tigs101_v2,https://www.axismag.jp/posts/2026/02/699096.html,,1
（株）DAJ,https://www.daj.jp/,daj.jp,,https://www.daj.jp/contact/,form,B,tigs101,,,
ティーエスアルフレッサ（株）,https://www.ts-alfresa.net/,ts-alfresa.net,,https://www.ts-alfresa.net/contact/,none,B,tigs101;tigs101_v2,,,
（株）T.F.C,https://tfc-group.co.jp/,tfc-group.co.jp,info@tfc-group.co.jp,https://tfc-group.co.jp/contact/,none,A,tigs101;tigs101_v2,https://tfc-group.co.jp/,,
tm-trading&marketing,https://tm-trading.biz/,tm-trading.biz,,https://tm-trading.biz/contact/,none,B,tigs101;tigs101_v2,,,
TKSK（株）,https://www.tksk.co.jp/,tksk.co.jp,wada@tksk.co.jp,https://www.tksk.co.jp/contact/,none,A,tigs101;tigs101_v2,https://www.tksk.co.jp/,,
TKDブロス,https://tkdbros.co.jp/,tkdbros.co.jp,mail@tkdbros.co.jp,https://tkdbros.co.jp/contact-us/,none,A,tigs101;tigs101_v2,https://tkdbros.co.jp/,,
（株）ディーゴ,https://www.deego.co.jp/,deego.co.jp,,https://www.deego.co.jp/contact,none,B,tigs101;tigs101_v2,,,
TGDP（Takasu Gaku Design Products),https://www.gaku-design.com/,gaku-design.com,info@gaku-design.com,https://www.gaku-design.com/contact/,email,A,tigs101,,,
（株）ティーズファクトリー,https://www.ts-fa.jp/,ts-fa.jp,info@ts-fa.jp,https://www.ts-fa.jp/contact/,none,A,tigs101;tigs101_v2,https://www.ts-fa.jp/,,
ティーツーカンパニー,https://www.t2company.co.jp/,t2company.co.jp,info@t2company.co.jp,https://www.t2company.co.jp/,none,A,tigs101;tigs101_v2,https://www.t2company.co.jp/,,
（株）ディーディーインテックス,https://www.ddintex.co.jp/,ddintex.co.jp,info@ddintex.co.jp,https://www.ddintex.co.jp/contact,none,A,tigs101;tigs101_v2,https://www.ddintex.co.jp/,,
（株）TBSテレビ,https://www.tbs.co.jp/,tbs.co.jp,tbs-sozai@gr.tbs.co.jp,https://www.tbs.co.jp/contact/,none,A,tigs101;tigs101_v2,https://www.tbs.co.jp/,,
ティーライフ（株）ダイカイ,https://www.nl-daikai.co.jp/,nl-daikai.co.jp,,https://www.nl-daikai.co.jp/contact/index.html,none,B,tigs101;tigs101_v2,,,
（株）ティーラボ,https://t-labos.co.jp/,t-labos.co.jp,,https://t-labos.co.jp/contact/,none,B,tigs101;tigs101_v2,,,
DSSJ,https://dssj0501.com/,dssj0501.com,dssj@dmail.plala.or.jp,https://dssj0501.com/,none,A,tigs101;tigs101_v2,https://dssj0501.com/,,1
ティーエスティアドバンス（株）,https://www.shibashin.jp/business_support/detail/tstadvance/,shibashin.jp,yumegurumi@tstadvance.com,,email,A,tigs101,,,1
ティ・エヌ・ノムラ,https://tn-nomura.co.jp/,tn-nomura.co.jp,,https://tn-nomura.co.jp/inquiry-form/,none,B,tigs101;tigs101_v2,,,
（株）テイクオフ,https://tk-off.com/,tk-off.com,contact@tk-off.com,https://tk-off.com/contact,none,A,tigs101;tigs101_v2,https://tk-off.com/,,
Days,https://fod.fujitv.co.jp/title/310o/,fod.fujitv.co.jp,,,none,none,tigs101;tigs101_v2,,,
（株）ティ・ツウ・オー,https://www.t-two-o.com/,t-two-o.com,recruit@ttwoo.jp,https://www.t-two-o.com/?page_id=152,none,A,tigs101;tigs101_v2,https://www.t-two-o.com/,,1
（株）dinos,https://dinos-corp.co.jp/,dinos-corp.co.jp,dinos-corp@dinos-corp.co.jp,https://dinos-corp.co.jp/contact/,email,A,tigs101,,,
（株）ティ・レイズ,https://www.t-raise.biz/,t-raise.biz,,https://www.t-raise.biz/contact,none,B,tigs101;tigs101_v2,,,
DATABANK®,https://databank.worldbank.org/,databank.worldbank.org,,http://www.worldbank.org/contacts,form,B,tigs101,,,
DEO DORAMA,https://www.msc-color.co.jp/deodorama/,msc-color.co.jp,info@matsui-color.com,https://www.msc-color.co.jp/contact-us/,none,A,tigs101;tigs101_v2;oigs67;lifestyle_880021,https://www.msc-color.co.jp/deodorama/,,1
（株）テクノロジーリソーシズ・インコーポレーテッド,https://tri-jp.com/,tri-jp.com,contact@tri-japan.com,https://tri-jp.com/contact,email,A,tigs101,,,1
decoráte,https://ejje.weblio.jp/content/decorate,ejje.weblio.jp,,https://ejje.weblio.jp/content_find,none,B,tigs101;tigs101_v2,,,
（株）デコレコーポレーション,https://decole.co.jp/,decole.co.jp,decole@decole.co.jp,https://decole.co.jp/contact/,none,A,tigs101;tigs101_v2,https://decole.co.jp/,,
Decoration Desire,https://de-de.shop-pro.jp/,de-de.shop-pro.jp,,https://de-de.shop-pro.jp/,none,B,tigs101;tigs101_v2,,,
（株）デザイズミ,https://desigzmi.com/,desigzmi.com,uaizumi@desigzmi.com,https://desigzmi.com/contact,none,A,tigs101;tigs101_v2,https://desigzmi.com/,,
（株）デザインフィル,https://www.designphil.co.jp/,designphil.co.jp,,https://www.designphil.co.jp/contact/,form,B,tigs101,,,
テックワン（株）,http://www.tecone.co.jp/,tecone.co.jp,mail@tecone.co.jp,,email,A,tigs101,,,
てのも,https://japanese.stackexchange.com/questions/38822/meaning-of-%E3%81%A3%E3%81%A6%E3%81%AE%E3%82%82-%E3%81%A8%E3%81%84%E3%81%86%E3%81%AE%E3%82%82,japanese.stackexchange.com,,https://japanese.stackexchange.com/contact,form,B,tigs101,,,
（株）temiru,https://temirun.com/,temirun.com,,,none,none,tigs101;tigs101_v2,,,
Terrawell／（株）加納,https://terrawell.jp/,terrawell.jp,info@kano.co.jp,https://terrawell.jp/contact/,none,A,tigs101;tigs101_v2,https://terrawell.jp/,,1
TerrUP,https://terrup.jp/,terrup.jp,,https://terrup.jp/pages/contact,none,B,tigs101;tigs101_v2,,,
天狗印（株）,https://www.tengu-mark.com/,tengu-mark.com,info@tengu-mark.com,,email,A,tigs101,,,
（株）tentosen,https://www.tentosen-inc.com/,tentosen-inc.com,,,none,none,tigs101;tigs101_v2,,,
土井木工（株）,https://www.doikagu.co.jp/,doikagu.co.jp,eigyo@doikagu.co.jp,,email,A,tigs101,,,
（株）ドイロト,https://www.doirathgroup.com/,doirathgroup.com,,https://www.doirathgroup.com/contact.php,none,B,tigs101;tigs101_v2,,,
東亜金属（株）,https://www.toa-corp.com/,toa-corp.com,support21@toa-corp.com,,email,A,tigs101;fgs2025,,,
（同）DeuxH,https://deux-h.jp/,deux-h.jp,office@deux-h.jp,,email,A,tigs101,,,
英国雑貨トゥーシェ,https://touchecom.jp/,touchecom.jp,m-touche@msj.biglobe.ne.jp,https://touchecom.jp/contact/,email,A,tigs101,,,1
東栄産業（株）,https://tohei-sangyo.co.jp/,tohei-sangyo.co.jp,info@tohei-sangyo.co.jp,https://tohei-sangyo.co.jp/contact/,none,A,tigs101;tigs101_v2,https://tohei-sangyo.co.jp/,,
TOKYO L,http://www.tokyo-l.com/,tokyo-l.com,,http://www.tokyo-l.com/contact.html,none,B,tigs101;tigs101_v2,,,
（株）東京かんかん,https://www.kankan.co.jp/,kankan.co.jp,info@kankan.co.jp,,none,A,tigs101;tigs101_v2,https://www.kankan.co.jp/,,
（株）東京交易,https://www.tokyo-koueki.com/,tokyo-koueki.com,miyazaki@x-sense.jp,https://www.tokyo-koueki.com/#contact,none,A,tigs101;tigs101_v2,https://www.tokyo-koueki.com/,,1
東京TASK,https://task-project.net/,task-project.net,jibasan.k8z@city.taito.lg.jp,https://task-project.net/contact.html,none,A,tigs101;tigs101_v2,https://task-project.net/,,1
東京都 TOKYO PIGSKIN PROJECT,https://www.tokyo-pigskin-project.com/,tokyo-pigskin-project.com,info@tokyo-pigskin-project.com,,none,A,tigs101;tigs101_v2,https://www.tokyo-pigskin-project.com/,,
東京美新隆製缶（株）,https://www.buffett-code.com/company/4w0yo7r9y9/,buffett-code.com,,,none,none,tigs101;tigs101_v2,,,
TOKYO BASIC,https://www.tokyo-basic.com/,tokyo-basic.com,transfer@tokyobasic.com,https://www.tokyo-basic.com/contact/,none,A,tigs101;tigs101_v2,https://www.tokyo-basic.com/,,1
東京曲げわっぱ,https://www.woodworkstudiomisawa.com/tokyomagewappa,woodworkstudiomisawa.com,info@woodworkstudiomisawa.com,,email,A,tigs101,,,
トウキョウレザーファクトリー,https://www.tokyoleatherfactory.shop/,tokyoleatherfactory.shop,,https://www.tokyoleatherfactory.shop/shop/shopbrand.html,none,B,tigs101;tigs101_v2,,,
陶謙窯 ／ fuuu,https://fuuu-utsuwa.jp/,fuuu-utsuwa.jp,info@fuuu-utsuwa.jp,https://fuuu-utsuwa.jp/contact,none,A,tigs101;tigs101_v2,https://fuuu-utsuwa.jp/,,
東光,https://www.sake-toko.co.jp/,sake-toko.co.jp,info@sake-toko.co.jp,https://www.sake-toko.co.jp/contact/,none,A,tigs101;tigs101_v2,https://www.sake-toko.co.jp/,,
トウコウジャパン（株）,https://www.bnet.gr.jp/kitchen/other/qzyxdzsw/,bnet.gr.jp,,https://www.m-mart.co.jp/contact/,none,B,tigs101;tigs101_v2,,,
（株）東工電設,https://tsukulink.net/hiroshima/city_342033/612968,tsukulink.net,info@tsukulink.net,https://tsukulink.net/contacts,none,A,tigs101;tigs101_v2,https://tsukulink.net/hiroshima/city_342033/612968,,
TOGOPOWER（株）,https://www.rakuten.ne.jp/gold/togopower/smp/event/infos/,rakuten.ne.jp,,,none,none,tigs101;tigs101_v2,,,
Touji 灶師 （株）丸幸中島,https://www.maruko-nakashima.co.jp/,maruko-nakashima.co.jp,info@maruko-nakashima.co.jp,https://www.maruko-nakashima.co.jp/contact/,none,A,tigs101;tigs101_v2,https://www.maruko-nakashima.co.jp/,,
（株）東信商会,https://www.toshin-shokai.co.jp/,toshin-shokai.co.jp,info@toshin-shokai.co.jp,https://www.toshin-shokai.co.jp/contact.html,none,A,tigs101;tigs101_v2,https://www.toshin-shokai.co.jp/,,
東盛商事（株）,https://www.tosei-trading.co.jp/,tosei-trading.co.jp,123@tosei-trading.co.jp,https://www.tosei-trading.co.jp/contact/,none,A,tigs101;tigs101_v2,https://www.tosei-trading.co.jp/,,
東日印刷（株）,https://www.tonichi-printing.co.jp/,tonichi-printing.co.jp,,https://www.tonichi-printing.co.jp/recruitment,none,B,tigs101;tigs101_v2,,,
東洋スチール（株）,https://www.toyosteel.jp/?srsltid=AfmBOoqiI837eYRsKD8amcMlPCQuZ5rFDDNRoBAA-dyFG3ueTHTn59gr,toyosteel.jp,s.kitahara@toyosteel.jp,https://www.toyosteel.jp/pages/contact,none,A,tigs101;tigs101_v2;lifestyle_880026;ambiente_direct,messe_frankfurt_exhibitor_api,,
東洋精密工業（株）,https://www.toyo-ppm.co.jp/,toyo-ppm.co.jp,,https://www.toyo-ppm.co.jp/contact/,form,B,tigs101,,,
（株）東洋石創,https://www.toyo-sekiso.co.jp/,toyo-sekiso.co.jp,,https://ansin-ssl.com/toyo-sekiso/contact/,none,B,tigs101;tigs101_v2,,,
（株）DoLABO,https://dolabo.co.jp/,dolabo.co.jp,,https://blog.dolabo.co.jp/contact,none,B,tigs101;tigs101_v2,,,
（株）陶和,http://www.kktowa.co.jp/,kktowa.co.jp,,http://www.kktowa.co.jp/contact.html,none,B,tigs101;tigs101_v2,,,
トーカ,https://kktoka.jp/,kktoka.jp,,https://kktoka.jp/contact.html,none,B,tigs101;tigs101_v2;omotenashi,,,
TOSYO（株）,https://www.tosyo.co.jp/,tosyo.co.jp,pms@tosyo.co.jp,https://www.tosyo.co.jp/contact,none,A,tigs101;tigs101_v2;omotenashi,https://www.tosyo.co.jp/,,
（株）トーシンパック,https://www.toshinpack.co.jp/,toshinpack.co.jp,shop@toshinpack.co.jp,https://www.toshinpack.co.jp/company/contact.html,none,A,tigs101;tigs101_v2,https://www.toshinpack.co.jp/,,
（株）トーダイ,http://www.todai-tsubame.co.jp/,todai-tsubame.co.jp,info@todai-tsubame.co.jp,http://www.todai-tsubame.co.jp/inq/index.php,none,A,tigs101;tigs101_v2;ilt_direct,http://www.todai-tsubame.co.jp/,,
（株）トーダン／東団や,https://www.todan.co.jp/products_info/todan_ya.html,todan.co.jp,todanusa@todan.co.jp,https://www.todan.co.jp/contact.html,none,A,tigs101;tigs101_v2,https://www.todan.co.jp/products_info/todan_ya.html,,
totemap,https://totemap.com/?srsltid=AfmBOopkBNySTexF4e0o3HAuLjpVTsEK3zXl0uRPOtYdPJ-FR4eqlC3L,totemap.com,info@totemap.com,https://totemap.com/search,none,A,tigs101;tigs101_v2,https://totemap.com/?srsltid=AfmBOopkBNySTexF4e0o3HAuLjpVTsEK3zXl0uRPOtYdPJ-FR4eqlC3L,,
（株）トーマントイズ,https://tomantoys.co.jp/,tomantoys.co.jp,,https://tomantoys.co.jp/contact/,form,B,tigs101,,,
tokiko,https://www.tokicosys.com/,tokicosys.com,,https://www.tokicosys.com/inquiry/,none,B,tigs101;tigs101_v2,,,
（株）ときわ商会,http://www.tokiwashoukai.co.jp/,tokiwashoukai.co.jp,,http://www.tokiwashoukai.co.jp/inquiry.html,none,B,tigs101;tigs101_v2,,,
（株）特殊阿部製版所,https://tokuabe.com/,tokuabe.com,,https://tokuabe.com/contact.html,none,B,tigs101;tigs101_v2,,,
（株）トコウ,https://toko-toso.com/,toko-toso.com,,https://toko-toso.com/contact,none,B,tigs101;tigs101_v2,,,
戸田商行,https://www.toda-shoko.com/,toda-shoko.com,info@toda-shoko.co.jp,,email,A,tigs101,,,1
(株)トッププロダクツ,https://topproducts-hamono.jimdofree.com/,topproducts-hamono.jimdofree.com,,https://topproducts-hamono.jimdofree.com/%E3%81%8A%E5%95%8F%E5%90%88%E3%82%8F%E3%81%9B/,none,B,tigs101;tigs101_v2,,,
トマトランド（株）,https://www.tomatoland.jp/,tomatoland.jp,support@otakarasoko.com,https://www.tomatoland.jp/contact.html,none,A,tigs101;tigs101_v2,https://www.tomatoland.jp/,,1
富岡市妙義商工会,https://myogi.org/,myogi.org,,https://myogi.org/contact/,none,B,tigs101;tigs101_v2,,,
TOMIGAYAレタープレス,https://tomigayaletterpress.com/?srsltid=AfmBOooIEsNOmUVUYJaDGS3x65qUH1smz69o9MF5itzM6XMgDo8N3mzw,tomigayaletterpress.com,customer@hoso-de.com,https://tomigayaletterpress.com/pages/contact,none,A,tigs101;tigs101_v2;ilt_direct;ilt_v2,https://tomigayaletterpress.com/?srsltid=AfmBOooIEsNOmUVUYJaDGS3x65qUH1smz69o9MF5itzM6XMgDo8N3mzw,,1
富硝子（株）,https://www.tomi-glass.com/,tomi-glass.com,tomilabel@tomi-glass.com,https://www.tomi-glass.com/contact/,email,A,tigs101,,,
（株）トミテック,https://www.tomitech.co.jp/,tomitech.co.jp,,https://www.tomitech.co.jp/contact,none,B,tigs101;tigs101_v2,,,
とみや織物（株）,https://tomiya.biz/,tomiya.biz,info@tomiya.biz,,email,A,tigs101,,,
富安金属印刷（株）,https://www.tomikin.co.jp/,tomikin.co.jp,ijp-can@tomikin.com,https://www.tomikin.co.jp/contact.html,none,A,tigs101;tigs101_v2,https://www.tomikin.co.jp/,,1
（株）トム・トム,https://www.tmtm.co.jp/,tmtm.co.jp,info@atom-s.jp,https://www.tmtm.co.jp/contact/,none,A,tigs101;tigs101_v2,https://www.tmtm.co.jp/,,1
（株）トモ・コーポレーション,https://www.tomo-web.com/,tomo-web.com,info@tomo-web.com,https://www.tomo-web.com/contact.php,none,A,tigs101;tigs101_v2,https://www.tomo-web.com/,,
（株）トライ・ウッド,https://try-wood.com/,try-wood.com,info@try-wood.com,http://try-wood.com/contact/,none,A,tigs101;tigs101_v2,https://try-wood.com/,,
（株）トライポッド,https://tripod-info.jp/,tripod-info.jp,,https://tripod-info.jp/contact/,none,B,tigs101;tigs101_v2,,,
（株）トラスト・リーグ,https://www.trustleague.co.jp/,trustleague.co.jp,,https://www.trustleague.co.jp/%E3%81%8A%E5%95%8F%E3%81%84%E5%90%88%E3%82%8F%E3%81%9B,none,B,tigs101;tigs101_v2,,,
（株）トランパックジャパン／MOTT,https://mott-tiedye.com/company/,mott-tiedye.com,info@tranpacjapan.com,,email,A,tigs101,,,1
DREAMBEER,https://minhyo.jp/dreambeer,minhyo.jp,,https://minhyo.jp/search,none,B,tigs101;tigs101_v2;fgs2025,,,
（株）ドリテック,https://www.dretec.co.jp/,dretec.co.jp,,https://www.dretec.co.jp/business#contact1,none,B,tigs101;tigs101_v2,,,
トリプル・オゥ,https://www.000-triple.com/,000-triple.com,contact@000-triple.com,https://www.000-triple.com/contact/,none,A,tigs101;tigs101_v2;dainipponichi,https://www.000-triple.com/,,
（株）トレードワークス,https://www.tworks.co.jp/,tworks.co.jp,,https://www.tworks.co.jp/contact/,none,B,tigs101;tigs101_v2,,,
（株）トレードワン,https://tradeone.jp/,tradeone.jp,,https://tradeone.jp/contact/,none,B,tigs101;tigs101_v2,,,
トワル,https://tasteandtouch.jp/?mode=cate&cbid=2774844&csid=0,tasteandtouch.jp,shop@tasteandtouch.shop-pro.jp,https://tasteandtouch.shop-pro.jp/customer/newsletter/subscriptions/new,none,A,tigs101;tigs101_v2,https://tasteandtouch.jp/?mode=cate&cbid=2774844&csid=0,,1
Tombo!,https://www.tombow.com/,tombow.com,promotion@taito.co.jp,https://www.tombow.com/contact/,none,A,tigs101;tigs101_v2,https://www.tombow.com/,,1
（株）ナイスグループ,http://nice-trading.jp/,nice-trading.jp,,http://nice-trading.jp/#contact,none,B,tigs101;tigs101_v2,,,
（株）内藤デザイン研究所,https://naito-design.com/,naito-design.com,webshop@motherfarm.co.jp,https://naito-design.com/contact,none,A,tigs101;tigs101_v2;lifestyle_880021,https://naito-design.com/,,1
（株）ナイトレインボー,https://n-rainbow.com/,n-rainbow.com,abcdefg@hijk.com,https://n-rainbow.com/contact,none,A,tigs101;tigs101_v2,https://n-rainbow.com/,,1
仲内（株）／葛城市商工会,http://www.nakauchi-net.com/,nakauchi-net.com,nakauchi@nakauchi-net.com,,email,A,tigs101,,,
（株）那賀ウッド,https://www.nakawood.co.jp/,nakawood.co.jp,,https://www.nakawood.co.jp/wp-content/uploads/2017/02/contact1.jpg,none,B,tigs101;tigs101_v2,https://www.nakawood.co.jp/,,
中金硝子総合（株）,https://nakakinglass.co.jp/,nakakinglass.co.jp,info@nakakinglass.com,https://nakakinglass.co.jp/wp-comments-post.php,none,A,tigs101;tigs101_v2;ilt_direct,messe_frankfurt_exhibitor_api,,1
長澤瓦商店（株）,https://nagasawa-roof.com/,nagasawa-roof.com,,https://nagasawa-roof.com/contact,none,B,tigs101;tigs101_v2,,,
（有）長沢ベルト工業,https://nagasawabelt-kougyo.jp/,nagasawabelt-kougyo.jp,,,none,none,tigs101;tigs101_v2;lifestyle_880021;lifestyle_880026;omotenashi,,,
NAGASAWA Lighting,https://www.nagasawalighting.jp/index.html,nagasawalighting.jp,mail.info@nagasawalighting.jp,,email,A,tigs101,,,
（株）ナカシマ,http://www.nakashima-mfg.com/index.html,nakashima-mfg.com,,http://www.nakashima-mfg.com/contact.html,none,B,tigs101;tigs101_v2,,,
（株）ナカジマコーポレーション,https://nakajimacorp.co.jp/,nakajimacorp.co.jp,license@nakajimacorp.co.jp,https://nakajimacorp.co.jp/contact/,email,A,tigs101,,,
ながすな繭（株）,https://www.nagasuna-mayu.jp/,nagasuna-mayu.jp,,https://www.nagasuna-mayu.jp/contact/,none,B,tigs101;tigs101_v2,,,
（株）中谷,https://nakatani-umbrella.com/,nakatani-umbrella.com,,https://nakatani-umbrella.com/mail.html,none,B,tigs101;tigs101_v2,,,
永田良介商店,https://r-nagata.co.jp/,r-nagata.co.jp,,https://r-nagata.co.jp/contact_us/index.php,form,B,tigs101,,,
（有）ナガツマリビング,https://nagatsuma.live/,nagatsuma.live,,https://nagatsuma.live/#wpcf7-f42-p140-o1,none,B,tigs101;tigs101_v2,,,
中西工芸（株）,http://www.nakanishi-kougei.com/,nakanishi-kougei.com,,http://www.nakanishi-kougei.com/#contact,none,B,tigs101;tigs101_v2,,,
（株）中野,http://www.kabu-nakano.com/,kabu-nakano.com,info@kabu-nakano.com,http://www.kabu-nakano.com/contact.html,none,A,tigs101;tigs101_v2,http://www.kabu-nakano.com/,,
中野漆器,https://nakano-shikki.co.jp/,nakano-shikki.co.jp,,https://nakano-shikki.co.jp/company#contact,none,B,tigs101;tigs101_v2,,,
（株）ナガノファクトリー,https://naganofactory.jp/,naganofactory.jp,nf@naganofactory.jp,https://naganofactory.jp/contactForm/,none,A,tigs101;tigs101_v2,https://naganofactory.jp/,,
（株）NAKAMURA,https://nakamura-p.co.jp/,nakamura-p.co.jp,,https://nakamura-p.co.jp/contact/,none,B,tigs101;tigs101_v2,,,
（株）中村／KUSU HANDMADE,http://kusuhandmade.com/,kusuhandmade.com,info@kusuhandmade.com,http://kusuhandmade.com/contact,none,A,tigs101;tigs101_v2;fgs2025,http://kusuhandmade.com/,,
中村敬木工,https://www.okawa-select.jp/view/page/nakamurakei_mokko,okawa-select.jp,rwox@rwwxejcrxw-ojlcxah.sy,https://www.okawa-select.jp/view/page/nakamurakei_mokko#makeshop-common-contact-url,none,A,tigs101;tigs101_v2,https://www.okawa-select.jp/view/page/nakamurakei_mokko,,1
中村漆器産業（株）,https://www.kiso-nakamura.com/,kiso-nakamura.com,info@kiso-nakamura.com,https://www.kiso-nakamura.com/contact,none,A,tigs101;tigs101_v2,https://www.kiso-nakamura.com/,,
（有）中村製作所,https://www.nakamura-seisakusyo.co.jp/,nakamura-seisakusyo.co.jp,info@nakamura-seisakusyo.co.jp,https://www.nakamura-seisakusyo.co.jp/contact.html,email,A,tigs101,,,
（株）中村編織工業,https://www.e-himo.co.jp/,e-himo.co.jp,,https://www.e-himo.co.jp/,none,B,tigs101;tigs101_v2,,,
（有）中本製作所,https://suzu.cc/,suzu.cc,,https://suzu.cc/contact.html,none,B,tigs101;tigs101_v2,,,
（株）中谷兄弟商会,https://www.nakaya-keitei.com/index.html,nakaya-keitei.com,,,none,none,tigs101;tigs101_v2,,,
（株）ナショナルトータルビバレッジ,https://n-t-b.jp/,n-t-b.jp,info@n-t-b.jp,https://n-t-b.jp/inquiry,none,A,tigs101;tigs101_v2,https://n-t-b.jp/,,
nachukara ／DOVERS,https://www.coriss.jp/newslist/2023/10/post-840.html,coriss.jp,info@coriss.jp,,email,A,tigs101,,,
ナチュラルケミストリーラボ（株）,https://www.muranokajiya.jp/c/honten/zakka/biyou/eiseiyouhin/4580599874153?srsltid=AfmBOoo2neJdfrlHlI753SWhOJ0WieMuDCljEWsj5X3TPjf08NQJDPzH,muranokajiya.jp,info@muranokajiya.jp,,email,A,tigs101,,,
ナツアキ（株）,https://natsuaki-fancy.com/,natsuaki-fancy.com,info@natsuaki.co.jp,https://natsuaki-fancy.com/inquiry,none,A,tigs101;tigs101_v2,https://natsuaki-fancy.com/,,1
ナックス（株）,https://e-nax.co.jp/,e-nax.co.jp,info@e-nax.co.jp,,email,A,tigs101,,,
natoha,https://www.natoha.com/,natoha.com,info@lifet.jp,https://www.natoha.com/wp-comments-post.php,none,A,tigs101;tigs101_v2;dainipponichi,https://www.natoha.com/,,1
ナニワ,https://www.nanki728.com/?srsltid=AfmBOoqxKm179oM3DBubgp4g-QLupqxr5QT1C-Fsnrl1Go7A4DMmDxmm,nanki728.com,naniwa728@nanki728.com,https://www.nanki728.com/shop/shopbrand.html,none,A,tigs101;tigs101_v2,https://www.nanki728.com/?srsltid=AfmBOoqxKm179oM3DBubgp4g-QLupqxr5QT1C-Fsnrl1Go7A4DMmDxmm,,
NANOPLUS,https://nano-plus.jp/,nano-plus.jp,,https://nano-plus.jp/contact/,none,B,tigs101;tigs101_v2,,,
奈良県履物協同組合連合会,https://hakimono.sakura.ne.jp/,hakimono.sakura.ne.jp,hakimono@aioros.ocn.ne.jp,,email,A,tigs101,,,1
NARU,https://naru.minamide.jp/,naru.minamide.jp,info@minamide.jp,https://naru.minamide.jp/contact1/,none,A,tigs101;tigs101_v2,https://naru.minamide.jp/,,1
鳴海製陶（株）,https://www.narumi.co.jp/,narumi.co.jp,privacy@narumi.co.jp,https://www.narumi.co.jp/recruitment/,none,A,tigs101;tigs101_v2;ambiente_direct,https://www.narumi.co.jp/,,
なわぞう,https://www.nawazou.com/,nawazou.com,info@nawazou.com,https://www.nawazou.com/shop/products/list.php,none,A,tigs101;tigs101_v2,https://www.nawazou.com/,,
にいがた防災ステーション,https://niigatabousai.jp/,niigatabousai.jp,morohashi@cosss.jp,https://niigatabousai.jp/contact/,none,A,tigs101;tigs101_v2,https://niigatabousai.jp/,,1
新居田物産（株）,https://niida.jp/,niida.jp,niida@niida.jp,,email,A,tigs101;oigs67;fgs2025,,,
NINOS,https://www.ninos-shoe.com/,ninos-shoe.com,ninos@leather.tokyo,https://www.ninos-shoe.com/contact,none,A,tigs101;tigs101_v2,https://ninos-shoe.com/,,1
NIGIRU,https://nigiru-shop.we-shop.jp/pages/what-s-nigiru?srsltid=AfmBOopgXJWa8mVRWQWOSZ43QeiV1eERs6MREerTeawa7rCpmwpvCwhM,nigiru-shop.we-shop.jp,info@lift-shoes.co.jp,https://nigiru-shop.we-shop.jp/pages/contact,none,A,tigs101;tigs101_v2,https://nigiru-shop.we-shop.jp/pages/what-s-nigiru?srsltid=AfmBOopgXJWa8mVRWQWOSZ43QeiV1eERs6MREerTeawa7rCpmwpvCwhM,,1
（株）ニコット,https://nicottinc.jp/home/,nicottinc.jp,,https://nicottinc.jp/contact-us/,none,B,tigs101;tigs101_v2,,,
niccoヘルメット／クミカ工業（株）,http://www.niccohelmets.com/company/,niccohelmets.com,,http://www.niccohelmets.com/contact/,none,B,tigs101;tigs101_v2,,,
（株）西川紙業,https://nishikawashigyo.com/ja/,nishikawashigyo.com,support@nishikawashigyo.com,,email,A,tigs101,,,
西川庄六商店,http://nishikawashouroku.jp/,nishikawashouroku.jp,,https://nishikawashouroku.jp/#wpcf7-f10-o1,none,B,tigs101;tigs101_v2,,,
（株）西川貞三郎商店,https://www.t-nishikawa.co.jp/,t-nishikawa.co.jp,,https://www.t-nishikawa.co.jp/ja/product/,none,B,tigs101;tigs101_v2,,,
西川物産（株）,https://www.nishikawa-bussan.jp/,nishikawa-bussan.jp,,https://www.nishikawa-bussan.jp/contact/,none,B,tigs101;tigs101_v2,,,
（一社）西日本プラスチック製品工業協会,https://www.nishipla.or.jp/,nishipla.or.jp,kyokai@nishipla.or.jp,https://www.nishipla.or.jp/index.php?action=inquiry,none,A,tigs101;tigs101_v2,https://www.nishipla.or.jp/,,
（株）西本,https://www.nishimoto-kobe.com/,nishimoto-kobe.com,,https://www.nishimoto-kobe.com/contact/,none,B,tigs101;tigs101_v2,,,
（株）日栄産業,https://nichiei-z.com/,nichiei-z.com,yusuke-y@nichiei-z.com,,none,A,tigs101;tigs101_v2,https://nichiei-z.com/,,
（株）ニックナック,https://knick-knack.co.jp/,knick-knack.co.jp,,https://knick-knack.co.jp/contact/,none,B,tigs101;tigs101_v2,,,
ニッケン刃物(株),https://www.nikken-cutlery.com/,nikken-cutlery.com,info@nikken-cutlery.com,,email,A,tigs101;lifestyle_880026,,,
（株）日興インターナショナル,https://www.gift-nikko.co.jp/,gift-nikko.co.jp,info@rakuchu.co.jp,https://rakuchu.co.jp/contact,none,A,tigs101;tigs101_v2;oigs67;fgs2025,https://www.gift-nikko.co.jp/,,1
日進精機（株）,https://www.nissin-precision.com/,nissin-precision.com,,https://www.nissin-precision.com/contact/,none,B,tigs101;tigs101_v2,,,
ニッシン・パーテクチュアル(株),https://pertechtual.co.jp/,pertechtual.co.jp,torisawa@pertechtual.co.jp,https://pertechtual.co.jp/contactform/,none,A,tigs101;tigs101_v2;lifestyle_880021;lifestyle_880026,,,
日繊商工（株）,https://www.nissen-shoko.co.jp/,nissen-shoko.co.jp,info@nissen-shoko.co.jp,https://www.nissen-shoko.co.jp/contact#form,none,A,tigs101;tigs101_v2;lifestyle_880026;omotenashi,https://www.nissen-shoko.co.jp/,,
きんらん卸 日天大鳳,https://nittentaihou.co.jp/,nittentaihou.co.jp,,https://nittentaihou.co.jp/pages/61/login=true,none,B,tigs101;tigs101_v2,,,
日東化成工業（株）,http://www.nitto-kasei.co.jp/,nitto-kasei.co.jp,info@nitto-kasei.co.jp,http://www.nitto-kasei.co.jp/contact,none,A,tigs101;tigs101_v2,http://www.nitto-kasei.co.jp/,,
日本出版販売（株）（Komamono Lab）,https://komamono-lab.com/,komamono-lab.com,,https://komamono-lab.com/contact/,none,B,tigs101;tigs101_v2,,,
（株）2.5工房,https://www.taito-sangyo-fair.jp/business/103,taito-sangyo-fair.jp,rpjewels@shore.ocn.ne.jp,https://www.taito-sangyo-fair.jp/register/user,none,A,tigs101;tigs101_v2,https://www.taito-sangyo-fair.jp/business/103,,1
二宮五郎商店,https://www.ninoworks.com/,ninoworks.com,info@nino.co.jp,,email,A,tigs101,,,1
（株）ニフティカラーズ,https://niftycolors.com/,niftycolors.com,,https://niftycolors.com/contact/,none,B,tigs101;tigs101_v2,,,
日本オリバック（株）,https://oribackjapan.com/,oribackjapan.com,info@oribackjapan.com,,email,A,tigs101,,,
日本観光商事（株）,http://www.nikkan1.com/,nikkan1.com,info@nikkan1.com,http://www.nikkan1.com/contactus.htm,none,A,tigs101;tigs101_v2,http://www.nikkan1.com/,,
日本金属ハウスウェア工業組合,https://houseware.jp/,houseware.jp,house@tsubame-cci.or.jp,https://houseware.jp/inquiry/,none,A,tigs101;tigs101_v2,https://houseware.jp/,,1
日本真田帽子（株）,https://www.jbh.co.jp/,jbh.co.jp,info@jbh.co.jp,,none,A,tigs101;tigs101_v2;oigs67,https://www.jbh.co.jp/,,
（一社）日本商品化権協会,https://jamra.org/,jamra.org,info@jamra.org,https://jamra.org/contact_us/,none,A,tigs101;tigs101_v2,https://jamra.org/,,
日本スエーデン(有),https://nihon-sweden.com/,nihon-sweden.com,,https://nihon-sweden.com/contact,none,B,tigs101;tigs101_v2,,,
（有）日本中医学院,https://jbucm.com/,jbucm.com,,https://jbucm.com/contact/,none,B,tigs101;tigs101_v2,,,
（株）日本ネットワーク,https://www.nnwk.co.jp/,nnwk.co.jp,nnw@sage.ocn.ne.jp,,none,A,tigs101;tigs101_v2,https://www.nnwk.co.jp/,,1
日本BY国際商通 アクセサリーグッズ,https://naha-kokusaidori.okinawa/ja/shopping.html,naha-kokusaidori.okinawa,taro@kokusaidoori.jp,https://naha-kokusaidori.okinawa/contact.html,none,A,tigs101;tigs101_v2,https://naha-kokusaidori.okinawa/shopping.html,,1
第一生命グループ 日本物産（株）,https://www.nihon-bussan.co.jp/company/aboutus.php,nihon-bussan.co.jp,,https://www.nihon-bussan.co.jp/contact/,form,B,tigs101,,,
日本ベルビュー（株）／トップツリー,https://www.belleview.co.jp/,belleview.co.jp,,https://www.belleview.co.jp/contact/,form,B,tigs101;oigs67,,,
NIYA NIYA LAND,https://mj-jewelry.stores.jp/,mj-jewelry.stores.jp,,,none,none,tigs101;tigs101_v2,,,
ニューウェイジャパン（株）,https://www.newayjapan.com/,newayjapan.com,general@neway.co.jp,https://www.newayjapan.com/contact.html,none,A,tigs101;tigs101_v2,https://www.newayjapan.com/,,1
NEW NORMAL,https://newnormalnew.com/,newnormalnew.com,contact@newnormalnew.com,,email,A,tigs101,,,
（株）ニューフレックス,https://mono.ipros.com/company/detail/2117176/,mono.ipros.com,service@foss.co.jp,https://marketing.ipros.jp/inquiry-ipros-ad/,none,A,tigs101;tigs101_v2,https://mono.ipros.com/company/detail/2117176/,,1
布引焼窯元,https://www.nunobikiyaki.jp/,nunobikiyaki.jp,,https://www.nunobikiyaki.jp/inquiry/,none,B,tigs101;tigs101_v2,,,
（株）ネイチャーレイ,https://natureray.co.jp/,natureray.co.jp,,https://natureray.co.jp/contact/,none,B,tigs101;tigs101_v2,,,
ne'e ne'e,https://open.spotify.com/intl-ja/track/2Nh3d6rr96qwYpbLXjWYNB,open.spotify.com,,,none,none,tigs101;tigs101_v2,,,
The Next Day Inc.,https://www.the-nextday.com/,the-nextday.com,info@the-nextday.com,https://www.the-nextday.com/contact/,email,A,tigs101,,,
（株）ネクスリンク,https://nexlinkjp.com/,nexlinkjp.com,info@nexlinkjp.com,,email,A,tigs101,,,
ネスリーフ（株）,https://nesleaf.com/,nesleaf.com,,https://nesleaf.com/contact.html,none,B,tigs101;tigs101_v2,,,
NEVER MIND,https://verdandi.co.jp/english/word/never-mind,verdandi.co.jp,,https://verdandi.co.jp/english/contact,none,B,tigs101;tigs101_v2,,,
（株）ネバーランド,https://www.n-land.co.jp/,n-land.co.jp,info@n-land.co.jp,,email,A,tigs101,,,
ネムール（株）,https://www.nemours.jp/,nemours.jp,info@nemours.jp,https://www.nemours.jp/contact/,none,A,tigs101;tigs101_v2,https://www.nemours.jp/,,
（有）のあぷらす,https://www.noa-plus.jp/,noa-plus.jp,,,none,none,tigs101;tigs101_v2,,,
noan,https://belluna.jp/interior/,belluna.jp,,,none,none,tigs101;tigs101_v2,,,
（株）ノーション,https://notiontrade.co.jp/,notiontrade.co.jp,,https://notiontrade.co.jp/contact/,none,B,tigs101;tigs101_v2,,,
（有）ノーブルクリエーション,https://www.noble-creation.jp/,noble-creation.jp,,https://www.noble-creation.jp/detail/238/contact.html,none,B,tigs101;tigs101_v2;oigs67,,,
野川染織工業(株),https://nogawasenshoku.com/,nogawasenshoku.com,nogawasenshoku1914@gmail.com,https://nogawasenshoku.com/guide/contact.html,none,A,tigs101;tigs101_v2,https://nogawasenshoku.com/,1,
（有）野川農園,http://www.nogawa-gr.co.jp/,nogawa-gr.co.jp,nshop@nogawa-gr.jp,http://www.nogawa-gr.co.jp/contactus.html,none,A,tigs101;tigs101_v2,http://www.nogawa-gr.co.jp/,,1
ノスタルジックガレージ,https://www.nostalgic-garage.com/,nostalgic-garage.com,info@nostalgic-garage.com,https://www.nostalgic-garage.com/contact/index.html,none,A,tigs101;tigs101_v2,https://www.nostalgic-garage.com/,,
（有）野火止製作所,https://nobidome.com/site/,nobidome.com,,https://nobidome.co.jp/,none,B,tigs101;tigs101_v2,,,
（株）ノブ・カンパニー,https://www.e-nob.co.jp/,e-nob.co.jp,nob@e-nob.co.jp,https://www.e-nob.co.jp/sales.htm,none,A,tigs101;tigs101_v2,https://www.e-nob.co.jp/,,
（株）nomad's,https://nomads.co.jp/,nomads.co.jp,info@nomads.co.jp,https://nomads.co.jp/formcomplete,none,A,tigs101;tigs101_v2,https://nomads.co.jp/,,
のむのもの,https://www.kawanowa.com/shop_nomunomono/,kawanowa.com,support@kawanowa.com,https://www.kawanowa.com/contact/,none,A,tigs101;tigs101_v2,https://www.kawanowa.com/shop_nomunomono/,,
野村タオル（株）,https://www.nomura-towel.co.jp/,nomura-towel.co.jp,,https://www.nomura-towel.co.jp/contact/,none,B,tigs101;tigs101_v2,,,
ノルディカ ニッセ,https://www.nordika-nisse.jp/,nordika-nisse.jp,,,none,none,tigs101;tigs101_v2,,,
（株）ハート・プランニング／倉敷屋,https://kurashikiya.co.jp/,kurashikiya.co.jp,info@kurashikiya.co.jp,,email,A,tigs101,,,
（株）Herbal Style,https://herbal-style.jp/,herbal-style.jp,info@herbal-style.jp,https://herbal-style.jp/contact/,email,A,tigs101,,,
Permanent Age,https://permanent-age.co.jp/,permanent-age.co.jp,,https://permanent-age.co.jp/pages/contact,none,B,tigs101;tigs101_v2,,,
パーリィー,https://shop-parley.com/?srsltid=ARcRdnqVfZUlMPak6Ce8PLValrZh0wNcIo0WiNlxyMrB0qdPfUQdUkXz,shop-parley.com,info@parley.co.jp,,email,A,tigs101,,,1
VIOLETTE ROOM,https://www.violetteroom.com/collection/ss-26/,violetteroom.com,,,none,none,tigs101;tigs101_v2,,,
（株）ハイクアップ,https://hikeup.co.jp/,hikeup.co.jp,,,none,none,tigs101;tigs101_v2,,,
ハイサイト,https://www.highsight.jp/,highsight.jp,info@highsight.jp,https://www.highsight.jp/contact,email,A,tigs101,,,
ハイダーインターナショナル,https://haida-intl.com/,haida-intl.com,,https://haida-intl.com/?page_id=2,none,B,tigs101;tigs101_v2,,,
Buy TOKYO／東京都,https://buy-tokyo.metro.tokyo.lg.jp/,buy-tokyo.metro.tokyo.lg.jp,buy-tokyo@pasona.co.jp,https://buy-tokyo.metro.tokyo.lg.jp/contact,email,A,tigs101,,,1
（株）ハイハイ,https://hi-high.jp/,hi-high.jp,info@hi-high.jp,https://hi-high.jp/?page_id=8#wpcf7-f258-p8-o1,none,A,tigs101;tigs101_v2,https://hi-high.jp/,,
（株）ハイブリット販売,https://www.hatomu.com/,hatomu.com,,,none,none,tigs101;tigs101_v2,,,
（株）ハイマウント,http://highmount.jp/,highmount.jp,info@highmount.co.jp,https://highmount.jp/contact,email,A,tigs101,,,1
（株）ハイメン,https://www.somemono.co.jp/,somemono.co.jp,,https://www.somemono.co.jp/contact,none,B,tigs101;tigs101_v2;fgs2025,,,
PILE CRAFTS,https://www.pilecrafts.com/,pilecrafts.com,,https://thebase.com/inquiry/pilecrafts-base-shop,form,B,tigs101,,,
（株）パイン・クリエイト,https://www.pine-create.jp/,pine-create.jp,,https://www.pine-create.jp/contact,none,B,tigs101;tigs101_v2,,,
白龍堂,https://hakuryudo.co.jp/,hakuryudo.co.jp,saiyou@hakuryudo.co.jp,https://hakuryudo.co.jp/inquiry/,none,A,tigs101;tigs101_v2,https://hakuryudo.co.jp/,,
hacomo,https://www.hacomo.com/,hacomo.com,info@hacomo.com,https://www.hacomo.com/contact,none,A,tigs101;tigs101_v2,https://www.hacomo.com/,,
はさみ・鎌・算盤と木製品／おの恋の技,https://onokoinowaza.official.ec/,onokoinowaza.official.ec,,https://thebase.com/inquiry/onokoinowaza-official-ec,form,B,tigs101,,,
（株）パジコ,https://www.padico.co.jp/,padico.co.jp,,https://www.padico.co.jp/inquiry/,none,B,tigs101;tigs101_v2,,,
パシフィックGLD,https://pacificgld.com/,pacificgld.com,pc.gld@niohint.co.jp,https://pacificgld.com/,email,A,tigs101;ilt_direct;ilt_v2,,,1
はじまりの木、,https://www.shogakukan.co.jp/books/09407283,shogakukan.co.jp,,,none,none,tigs101;tigs101_v2,,,
（株）一歩,https://www.ippo-sendai.co.jp/,ippo-sendai.co.jp,,https://www.ippo-sendai.co.jp/inquiry/#wpcf7-f962-p191-o1,none,B,tigs101;tigs101_v2,,,
（株）ハシモト清,https://www.hashimoto-sei.com/,hashimoto-sei.com,hashimoto-sei@car.ocn.ne.jp,,none,A,tigs101;tigs101_v2,https://www.hashimoto-sei.com/,,1
（株）ハシモト／（株）ハシートップイン,https://hashy-topin.co.jp/,hashy-topin.co.jp,,https://hashy-topin.co.jp/contact-3/,none,B,tigs101;tigs101_v2,,,
長谷川商店,https://www.hsgwc.co.jp/,hsgwc.co.jp,,https://www.hsgwc.co.jp/contact/,none,B,tigs101;tigs101_v2,,,
長谷川刃物(株),https://www.hasegawacutlery.com/,hasegawacutlery.com,info@canary.jp,https://www.hasegawacutlery.com/contact/,none,A,tigs101;tigs101_v2,https://www.hasegawacutlery.com/,,1
884&Co.MARKET,https://884-and-company.jp/,884-and-company.jp,,,none,none,tigs101,,,
八幡木材（株）,http://www.hachimoku.com/index.php?%E4%BC%9A%E7%A4%BE%E6%A6%82%E8%A6%81,hachimoku.com,,http://www.hachimoku.com/index.php?cmd=qhmauth,none,B,tigs101;tigs101_v2,,,
（株）ハック,https://hac72.jp/,hac72.jp,info_pr@hac72.com,https://hac72.jp/,none,A,tigs101;tigs101_v2,https://hac72.jp/,,1
パッケージアート（株）,https://www.packageart.co.jp/,packageart.co.jp,info@packageart.co.jp,,email,A,tigs101,,,
（株）ハッシュ,https://www.hush08.com/,hush08.com,,https://www.hush08.com/contact,none,B,tigs101;tigs101_v2,,,
八商商事（株）,https://www.hassho-shoji.co.jp/,hassho-shoji.co.jp,,https://www.hassho-shoji.co.jp/contact,none,B,tigs101;tigs101_v2;lifestyle_880021;lifestyle_880026,,,
（株）HANA,http://hana180601.com/,hana180601.com,copyright@hana.all,,email,A,tigs101,,,1
はな壱,http://hanao-hanaichi.com/,hanao-hanaichi.com,,http://hanao-hanaichi.com/content/contact/,none,B,tigs101;tigs101_v2,,,
Haneda Tradhing&Partners,https://www.tokyo-airport-bldg.co.jp/index.html,tokyo-airport-bldg.co.jp,jatco@gdpr-rep.com,https://www.tokyo-airport-bldg.co.jp/search/,none,A,tigs101;tigs101_v2,https://www.tokyo-airport-bldg.co.jp/index.html,,1
ペルシャ絨毯 バハール,https://www.bahar.jp/,bahar.jp,info@bahar.jp,https://www.bahar.jp/%E5%95%8F%E3%81%84%E5%90%88%E3%82%8F%E3%81%9B/,none,A,tigs101;tigs101_v2,https://www.bahar.jp/,,
（株）早川器物,https://hayakawasilver.co.jp/,hayakawasilver.co.jp,,https://hayakawasilver.co.jp/contact,none,B,tigs101;tigs101_v2,,,
林刃物(株),https://www.allex-japan.com/,allex-japan.com,hamono@allex-japan.com,,email,A,tigs101,,,
原宿Picnic,https://harajukupicnic.com/,harajukupicnic.com,,,none,none,tigs101;tigs101_v2,,,
（株）Paradox,https://prdx.co.jp/,prdx.co.jp,info@prdx.co.jp,https://prdx.co.jp/contact/,none,A,tigs101;tigs101_v2,https://prdx.co.jp/,,
張本（株）,https://www.recordchina.co.jp/b938313-s25-c50-d0052.html,recordchina.co.jp,,https://www.recordchina.co.jp/form/contact.php,form,B,tigs101,,,
バリュースタイル（株）,https://valuestyle1974.com/,valuestyle1974.com,,https://valuestyle1974.com/contact/,none,B,tigs101;tigs101_v2,,,
（株）バルーンズプロ,https://www.balloons-pro.co.jp/,balloons-pro.co.jp,info@balloons-peo.co.jp,https://www.balloons-pro.co.jp/contact,email,A,tigs101,,,1
晴香堂（株）,https://www.harukado.co.jp/,harukado.co.jp,,https://www.harukado.co.jp/contact,none,B,tigs101;tigs101_v2,,,
ハルメゾン,https://suumo.jp/chintai/jnc_000102201545/,suumo.jp,gmail.com@yahoo.co.jp,,email,A,tigs101,,1,
（有）バンカクラフト,https://www.vancashop.com/,vancashop.com,shopmaster@vancashop.com,,email,A,tigs101,,,
（株）パンクリエーション,http://pancreation.jp/,pancreation.jp,main@pancreation.jp,http://pancreation.jp/contact.html,none,A,tigs101;tigs101_v2;lifestyle_880021;lifestyle_880026,http://pancreation.jp/,,
播州織（公財）北播磨地場産業開発機構,https://kitaharima-jibasan.org/,kitaharima-jibasan.org,,https://kitaharima-jibasan.org/banshu/contact/,none,B,tigs101;tigs101_v2,,,
播州織／西脇商工会議所,https://hesocci.or.jp/2025/12/18/%E6%92%AD%E5%B7%9E%E7%B9%94%E5%B7%A5%E6%88%BF%E9%A4%A8%E3%80%80%E9%96%89%E9%A4%A8%E3%81%AE%E3%81%8A%E7%9F%A5%E3%82%89%E3%81%9B%EF%BC%88%E9%81%93%E8%B7%AF%E6%8B%A1%E5%B9%85%E5%B7%A5%E4%BA%8B%E3%81%AB/,hesocci.or.jp,hyogoglobal@kinrou-hyogo.jp,https://hesocci.or.jp/contact-us/,none,A,tigs101;tigs101_v2;cci;cci_v2,https://hesocci.or.jp/2025/12/18/%E6%92%AD%E5%B7%9E%E7%B9%94%E5%B7%A5%E6%88%BF%E9%A4%A8%E3%80%80%E9%96%89%E9%A4%A8%E3%81%AE%E3%81%8A%E7%9F%A5%E3%82%89%E3%81%9B%EF%BC%88%E9%81%93%E8%B7%AF%E6%8B%A1%E5%B9%85%E5%B7%A5%E4%BA%8B%E3%81%AB/,,1
播州小野算盤工房shin,https://www.hanshin-exp.co.jp/company/files/HW237-3.pdf,hanshin-exp.co.jp,,,none,none,tigs101;tigs101_v2,,,
（株）バンダイナムコヌイ,https://bandainamco-nui.co.jp/,bandainamco-nui.co.jp,info@bnnui.jp,https://bandainamco-nui.co.jp/contact/,email,A,tigs101,,,1
半田商工会議所,https://www.handa-cci.or.jp/,handa-cci.or.jp,info@handa-cci.or.jp,https://www.handa-cci.or.jp/contact/contact.html,email,A,tigs101;cci,,,
Bandc／バンドシー,https://www.bandc.co.jp/?srsltid=AfmBOop7o5Ac9QMmZzVJbjblJcB77qvYfs3eHoaweUYDMSCVfsOcgHnH,bandc.co.jp,info@bandc.co.jp,https://www.bandc.co.jp/store/contact,none,A,tigs101;tigs101_v2;ilt_direct,messe_frankfurt_exhibitor_api,,
PANPASI SPORTS,https://www.toray-ppo.com/,toray-ppo.com,info@torayppo.jp,,none,A,tigs101;tigs101_v2,https://www.toray-ppo.com/,,1
BUMPY／広島化成（株）,https://www.hiroshimakasei-shoes.jp/product/category/detail/bumpy-rf0481/,hiroshimakasei-shoes.jp,,https://www.hiroshimakasei-shoes.jp/contact/,none,B,tigs101;tigs101_v2,,,
bamboo.,https://bam-boo.biz/,bam-boo.biz,bamboo_contact@bam-boo.biz,https://bam-boo.biz/contact.php,none,A,tigs101;tigs101_v2,https://bam-boo.biz/,,
bambooforest／弘前商工会議所,https://www.hcci.or.jp/txt/today/2024/08.pdf,hcci.or.jp,info@hcci.or.jp,,none,A,tigs101;tigs101_v2;cci;cci_v2,https://www.hcci.or.jp/,,
ビーグッドカンパニー,https://www.good-on.com/view/page/company?srsltid=AfmBOooLEUlJ2n4Of8-H55zZZ2g5NdYN8e07EC2b29Ye4dtogYA-2mql,good-on.com,info@be-good.co.jp,,email,A,tigs101,,,1
ピーコック魔法瓶工業,https://www.the-peacock.co.jp/?srsltid=AfmBOooKkov4RpHOh9glLHfMc9yaAdFiA2rkzx6wgU8G_BPMedHK9O40,the-peacock.co.jp,p-shopping@the-peacock.co.jp,https://www.the-peacock.co.jp/pages/contacttop,none,A,tigs101;tigs101_v2,https://www.the-peacock.co.jp/?srsltid=AfmBOooKkov4RpHOh9glLHfMc9yaAdFiA2rkzx6wgU8G_BPMedHK9O40,,
（有）ビーサイレンス,https://besilence.jp/,besilence.jp,info@besilence.jp,https://besilence.jp/,none,A,tigs101;tigs101_v2,https://besilence.jp/,,
（株）PGA,https://www.pg-a.co.jp/,pg-a.co.jp,,https://www.pg-a.co.jp/contact/,none,B,tigs101;tigs101_v2,,,
BGM,https://www.dova-s.jp/,dova-s.jp,,,none,none,tigs101;tigs101_v2,,,
PCB ART moeco,https://www.moeco.jp.net/?srsltid=AfmBOopT8cElxHH9eV7tfmqRBBHBDDxuSZUYfpaQl5Eb0-c9GRYZ_E7h,moeco.jp.net,,https://thebase.com/inquiry/moeco,form,B,tigs101,,,
（株）Peace,https://peace-inc.co.jp/,peace-inc.co.jp,info@peace-inc.jp,https://peace-inc.co.jp/contact,email,A,tigs101,,,1
（株）ピーツーインターナショナル,https://www.p2international.tokyo/,p2international.tokyo,h.tsuda@p2international.jp,,email,A,tigs101,,,1
ｂｐｂｐ,https://www.bluespot.co.jp/,bluespot.co.jp,,https://thebase.com/inquiry/bluespot-base-shop,form,B,tigs101,,,
（株）ピープル,https://www.people-kk.co.jp/,people-kk.co.jp,1-curiosity@people-kk.co.jp,https://www.people-kk.co.jp/contact/,none,A,tigs101;tigs101_v2,https://www.people-kk.co.jp/,,
（株）ビーム,https://www.beem-inc.net/,beem-inc.net,info@beeminc.net,,email,A,tigs101,,,1
（株）ビームテック,https://beamtec.co.jp/,beamtec.co.jp,info@beamtec.co.jp,https://beamtec.co.jp/contact,none,A,tigs101;tigs101_v2;fgs2025,https://beamtec.co.jp/,,
（同）ビーモア,https://miyamoto21.co.jp/_cms_/wp-content/uploads/2024/02/97_east06.pdf,miyamoto21.co.jp,,,none,none,tigs101;tigs101_v2,,,
ビーモンド（同）,https://beemond.jp/,beemond.jp,,,none,none,tigs101;tigs101_v2,,,
（株）ビーワーススタイル,https://beworth.jp/,beworth.jp,info@beworth.jp,,email,A,tigs101;ambiente_direct,,,
（株）美桜,https://www.athome.co.jp/ahks/biou.html,athome.co.jp,,https://www.athome.co.jp/inquiry/input/estate/121792?sref=member&frm=kai01,none,B,tigs101;tigs101_v2;fgs2025,,,
東東京モノヅクリ商店街,https://higashitokyo.jp/,higashitokyo.jp,,,none,none,tigs101;tigs101_v2,,,
Pixel Zipper Japan,https://www.pixel-zipper.com/ja,pixel-zipper.com,jpteam@pixel-zipper.com,,email,A,tigs101,,,
ビクトリノックス,https://www.victorinox.com/ja-JP/,victorinox.com,internet.support@victorinox.com,https://www.victorinox.com/ja-JP/%E3%83%9E%E3%83%AB%E3%83%81%E3%83%84%E3%83%BC%E3%83%AB/Service/%E3%81%8A%E5%95%8F%E3%81%84%E5%90%88%E3%82%8F%E3%81%9B/cms/contact/,none,A,tigs101;tigs101_v2,https://www.victorinox.com/ja-JP/,,
ひげラク図絵社,https://www.higerakuzuesha.com/,higerakuzuesha.com,anraku@higezuesha.com,,email,A,tigs101,,,1
ひこね繊維協同組合,https://hikone-seni.jp/,hikone-seni.jp,hikone_seni@nifty.com,,email,A,tigs101,,,1
（有）ヒサヅミ,https://www.hisazumi.co.jp/,hisazumi.co.jp,info@hisazumi.co.jp,https://www.hisazumi.co.jp/company.html#contact,none,A,tigs101;tigs101_v2,https://www.hisazumi.co.jp/,,
Bijoux Kei,https://www.bijouxkei.com/?srsltid=AfmBOoptM6xzHa6HqUA_XQBY-UmNjniAXW34FtV6JUOQYwCoEqd2ntEi,bijouxkei.com,,,none,none,tigs101;tigs101_v2,,,
ビジュピコ,https://bijoupiko.com/?srsltid=AfmBOoriQVvXTWhsdcLIMUiHNXW8UvOt8DAlx4Kc4b3Jg4F_k_N2ugMm,bijoupiko.com,mail@bijoupiko.com,https://bijoupiko.com/contact-request/,none,A,tigs101;tigs101_v2,https://bijoupiko.com/?srsltid=AfmBOoriQVvXTWhsdcLIMUiHNXW8UvOt8DAlx4Kc4b3Jg4F_k_N2ugMm,,
（株）美須化学研究所,http://www.bis-chem.co.jp/,bis-chem.co.jp,,http://www.bis-chem.co.jp/contact/,none,B,tigs101;tigs101_v2,,,
日田商工会議所,https://hitacci.com/,hitacci.com,info@hitacci.com,https://hitacci.com/contact/,email,A,tigs101;cci,,,
日田地区商工会,https://hitachiku.oita-shokokai.or.jp/,hitachiku.oita-shokokai.or.jp,info@hitachiku.oita-shokokai.or.jp,,email,A,tigs101,,,
（有）ビッグウッド,https://bigwood-house.com/,bigwood-house.com,info@bigwood.main.jp,https://bigwood-house.com/contact/,email,A,tigs101,,,1
Pick the Hawaii,https://www.pickthehawaii.com/,pickthehawaii.com,,https://www.pickthehawaii.com/,none,B,tigs101;tigs101_v2,,,
（株）ビッグバイオ,https://big-bio.com/,big-bio.com,,https://big-bio.com/contact/,form,B,tigs101,,,
（株）ビッテ,http://www.biite.co.jp/,biite.co.jp,recruitment@biite.co.jp,http://www.biite.co.jp/,none,A,tigs101;tigs101_v2,http://www.biite.co.jp/,,
（株）PiPPi De Happy Company,https://happy-reborn.com/?srsltid=AfmBOopLLvP9_coENqiGxdf3VCohzY24dku46-7HhWBPcj2F4wX_9W66,happy-reborn.com,,https://happy-reborn.com/password,none,B,tigs101;tigs101_v2,,,
ピップ（株）,https://www.pipjapan.co.jp/,pipjapan.co.jp,eoria-info@rocketsoap.co.jp,https://www.pipjapan.co.jp/inquiry/,none,A,tigs101;tigs101_v2,https://www.pipjapan.co.jp/,,1
（株）VIPグローバル,http://www.vip-global.co.jp/,vip-global.co.jp,,http://www.vip-global.co.jp/php/mailform.php,none,B,tigs101;tigs101_v2;lifestyle_880021,,,
HIP LIK JAPAN（株）,http://hiplik.co.jp/,hiplik.co.jp,inquiry@hiplik.co.jp,,email,A,tigs101,,,
（株）ヒデトレーディング,https://hides.co.jp/,hides.co.jp,,https://hides.co.jp/contact3,none,B,tigs101;tigs101_v2,,,
Hidenobu Yasui,https://www.hidenobuyasui.com/,hidenobuyasui.com,info@hidenobuyasui.com,https://www.hidenobuyasui.com/#contact,email,A,tigs101,,,
（株）ヒデヤマ販売,https://hideyama-hanbai.com/,hideyama-hanbai.com,,https://hideyama-hanbai.com/inquiry/,none,B,tigs101;tigs101_v2,,,
BETONES,https://store.betones.jp/,store.betones.jp,store@betones.jp,https://store.betones.jp/cart/proxy/basket/items/add,none,A,tigs101;tigs101_v2,https://store.betones.jp/,,1
人の肌に近い油「BOTANYU」,https://botanyu.com/,botanyu.com,,https://botanyu.com/#contact,none,B,tigs101;tigs101_v2,,,
（株）HINODEYA,https://hinodeya-kyoto.com/,hinodeya-kyoto.com,,https://hinodeya-kyoto.com/contact/,none,B,tigs101;tigs101_v2,,,
日の丸産業（株）,https://www.hinomaru-i.co.jp/,hinomaru-i.co.jp,,https://www.hinomaru-i.co.jp/contact.php,none,B,tigs101;tigs101_v2,,,
VIVA! ISLAND SANDALS,https://www.viva-island.jp/,viva-island.jp,,https://thebase.com/inquiry/ittenshotest,form,B,tigs101,,,
HIBI-Ne,https://hibi-ne.com/,hibi-ne.com,info@hibine.com,,none,A,tigs101;tigs101_v2,https://hibi-ne.com/,,1
Hime-Kagura媛香蔵,https://hime-kagura.com/,hime-kagura.com,,https://hime-kagura.com/,none,B,tigs101;tigs101_v2,,,
（株）紐屋,https://www.himoya.com/,himoya.com,,https://www.himoya.com/%E3%81%8A%E5%95%8F%E5%90%88%E3%82%8F%E3%81%9B/,none,B,tigs101;tigs101_v2,,,
Byaku,https://byaku.site/,byaku.site,info@byaku.com,https://byaku.site/inquiry/,none,A,tigs101;tigs101_v2,https://byaku.site/,,1
（株）ヒューネット,https://www.hunet-corp.co.jp/,hunet-corp.co.jp,,https://www.hunet-corp.co.jp/contact,none,B,tigs101;tigs101_v2,,,
表現社 cozyca products,https://cozycaproducts.shop-pro.jp/,cozycaproducts.shop-pro.jp,shop@cozycaproducts.shop-pro.jp,https://cozycaproducts.shop-pro.jp/,none,A,tigs101;tigs101_v2,https://cozycaproducts.shop-pro.jp/,,
（株）平河工業社,https://www.hirakawa-kogyosha.co.jp/,hirakawa-kogyosha.co.jp,,https://www.hirakawa-kogyosha.co.jp/contact,none,B,tigs101;tigs101_v2,,,
（株）ヒロ,https://www.hiro55.com/,hiro55.com,info@hiro55.com,https://www.hiro55.com/search,none,A,tigs101;tigs101_v2;omotenashi,,,
（株）ヒロイチ,https://hiroichi.jp/,hiroichi.jp,contact@hiroichi.jp,https://hiroichi.jp/contactform/,none,A,tigs101;tigs101_v2,https://hiroichi.jp/,,
ヒロ・コーポレーション,https://hiro-corpo.net/,hiro-corpo.net,,,none,none,tigs101;tigs101_v2,,,
（有）弘前こぎん研究所／弘前商工会議所,https://tsugaru-kogin.jp/,tsugaru-kogin.jp,,https://tsugaru-kogin.jp/contact,none,B,tigs101;tigs101_v2,,,
HIROSHIMA GOOD DESIGN,https://hiroshimagooddesign.jp/,hiroshimagooddesign.jp,design@itc.city.hiroshima.jp,https://hiroshimagooddesign.jp/form/contact/,none,A,tigs101;tigs101_v2,https://hiroshimagooddesign.jp/,,1
廣田硝子,https://hirota-glass.co.jp/,hirota-glass.co.jp,hirota-g@hirota-glass.co.jp,https://hirota-glass.co.jp/contact/,email,A,tigs101;omotenashi;ilt_direct,,,
琵琶湖グラス／（株）DAIGOMI,https://biwakoglass.com/,biwakoglass.com,,https://biwakoglass.com/pages/contact,none,B,tigs101;tigs101_v2,,,
（公社）びわこビジターズビューロー,https://www.biwako-visitors.jp/bureau/,biwako-visitors.jp,may-otsuki@spcom.co.jp,https://www.biwako-visitors.jp/mt/mt-search.cgi,none,A,tigs101;tigs101_v2,https://www.biwako-visitors.jp/bureau/,,1
Biwa Pearl,https://biwa-pearl.com/,biwa-pearl.com,,https://biwa-pearl.com/contact/,none,B,tigs101;tigs101_v2,,,
（株）ファースト・アロー,https://www.firstarrow.co.jp/,firstarrow.co.jp,,https://www.firstarrow.co.jp/shop/shopbrand.html,none,B,tigs101;tigs101_v2,,,
（有）FARFALLA,https://www.farfalla-jp.com/company-profile/,farfalla-jp.com,,,none,none,tigs101;tigs101_v2,,,
FARM／Brown.,https://www.farm.jp.net/,farm.jp.net,,https://www.farm.jp.net/index.php#contact,none,B,tigs101;tigs101_v2,,,
（株）ファタ,https://www.momorx.com/pages/%E4%BC%81%E6%A5%AD%E6%83%85%E5%A0%B1,momorx.com,fatacosme@nifty.com,,email,A,tigs101,,,1
（株）ファブリス,https://fabrice1978.com/,fabrice1978.com,fabrice.co.ltd@gmail.com,https://fabrice1978.com/pages/contact,none,A,tigs101;tigs101_v2,https://fabrice1978.com/,1,
ファングッズ（株）,https://fangoods.co.jp/,fangoods.co.jp,,https://fangoods.co.jp/contact/,form,B,tigs101,,,
（株）ファンプロジェクト,https://fun-projects.com/,fun-projects.com,,https://studio.design/?utm_source=/contact&utm_medium=STUDIO%20Banner&utm_campaign=STUDIO%20Banner,form,B,tigs101;lifestyle_880021,,,
（株）funbox,https://www.funbox.jp/,funbox.jp,,https://www.funbox.jp/contact/,none,B,tigs101;tigs101_v2,,,
テラリウム専門店Feel The Garden,https://www.feelthegarden.com/?srsltid=AfmBOorUUcigj2ldj78uhk1ZFVIZrSgSJtayWo0guWy61DO8vnYSSEWd,feelthegarden.com,,https://thebase.com/inquiry/ftg,form,B,tigs101,,,
（株）フィールドワーク,https://www.field-work.co.jp/,field-work.co.jp,recruit_info@field-work.co.jp,https://www.field-work.co.jp/contact/,none,A,tigs101;tigs101_v2,https://www.field-work.co.jp/,,
フィッパージャパン,https://fipperjapan.net/,fipperjapan.net,shopmaster@fipperjapan.net,,email,A,tigs101,,,
V.D.L.C.,https://vdlc-komanogu.com/collections/vdlc?srsltid=AfmBOoraAoJohYIJ654t779LJ3aUJXBkj8x0Y76PN8GBwoiIYW01r9xO,vdlc-komanogu.com,v.d.l.c.mailofficial@gmail.com,https://vdlc-komanogu.com/pages/contact,none,A,tigs101;tigs101_v2;ilt_direct,https://vdlc-komanogu.com/collections/vdlc?srsltid=AfmBOoraAoJohYIJ654t779LJ3aUJXBkj8x0Y76PN8GBwoiIYW01r9xO,1,
5050WORKSHOP,https://5050workshop.com/?srsltid=AfmBOorudl0alrZdktAUGGDwH7pmZ71AQk1XB-7VroQ53Rd2SHX-5LY6,5050workshop.com,info@5050workshop.com,https://5050workshop.com/pages/contact,none,A,tigs101;tigs101_v2,https://5050workshop.com/?srsltid=AfmBOorudl0alrZdktAUGGDwH7pmZ71AQk1XB-7VroQ53Rd2SHX-5LY6,,
フィラノ,https://firano-shop.com/,firano-shop.com,info@firano-shop.com,https://firano-shop.com/p/search,none,A,tigs101;tigs101_v2,https://firano-shop.com/,,
Philip Lumbang／NUTMEG ATHLETIC DEPT.／Goodwear,https://www.haward.co.jp/pkobo_news/upload/371-0.pdf,haward.co.jp,,,none,none,tigs101;tigs101_v2,,,
filum,https://filum-jewelry.jp/,filum-jewelry.jp,support@filum-jewelry.jp,https://filum-jewelry.jp/contact,none,A,tigs101;tigs101_v2,https://filum-jewelry.jp/,,
孚美（FūūBi）,https://www.maedauni.co.jp/maeda-giken/fuubi/,maedauni.co.jp,kanagata@maedauni.co.jp,,email,A,tigs101;lifestyle_880021;lifestyle_880026,,,
Hu-bi【風靡】上州アップサイクルプロジェクト,https://yaiba.biz/service/%E3%82%A2%E3%83%83%E3%83%97%E3%82%B5%E3%82%A4%E3%82%AF%E3%83%AB%E4%BA%8B%E6%A5%AD/,yaiba.biz,kogure@yaiba.biz,https://yaiba.biz/contact/,none,A,tigs101;tigs101_v2,https://yaiba.biz/service/%E3%82%A2%E3%83%83%E3%83%97%E3%82%B5%E3%82%A4%E3%82%AF%E3%83%AB%E4%BA%8B%E6%A5%AD/,,
フェザー安全剃刀(株),https://www.feather.co.jp/,feather.co.jp,,,none,none,tigs101;tigs101_v2,,,
FezNique,https://outlet.bigi.co.jp/item/feerique?srsltid=AfmBOoqLv8wmvXOawsDFPex3wIzT9JIOkN8I-baOs4W2y6o1N_e74U-8,outlet.bigi.co.jp,,https://outlet.bigi.co.jp/contact,form,B,tigs101,,,
フェリシモ猫部＆フェリシモユーモア,https://www.nekobu.com/,nekobu.com,,https://www.felissimo.co.jp/searchresult/,none,B,tigs101;tigs101_v2,,,
フォー・コーポレーション,https://www.for-co.com/,for-co.com,,https://www.for-co.com/%E3%81%8A%E5%95%8F%E3%81%84%E5%90%88%E3%82%8F%E3%81%9B/#wpcf7-f32-p36-o1,none,B,tigs101;tigs101_v2,,,
FORNE,https://forne.net/?srsltid=AfmBOorGJxFZatgJP-PUiEU9K0OieV3U7Tu5eGfAE0aFcyNqb44Xxvjd,forne.net,info@forne.net,https://forne.net/pages/contact,none,A,tigs101;tigs101_v2,https://forne.net/?srsltid=AfmBOorGJxFZatgJP-PUiEU9K0OieV3U7Tu5eGfAE0aFcyNqb44Xxvjd,,
ふくさファクトリー,https://shop.hukusa.co.jp/,shop.hukusa.co.jp,,https://thebase.com/inquiry/momokusa-base-ec,form,B,tigs101,,,
（株）福澤,https://my.ms-ins.com/page/?x=0000334518&n=fukuzawa&m=3,my.ms-ins.com,fuku-zawa@iris.ocn.nejp,,email,A,tigs101,,,1
福島県の福祉事業所と会津木綿,https://www.pref.fukushima.lg.jp/w4/aizu-kigyo/company10.html,pref.fukushima.lg.jp,kouho@pref.fukushima.lg.jp,https://www.pref.fukushima.lg.jp/search.html,none,A,tigs101;tigs101_v2,https://www.pref.fukushima.lg.jp/w4/aizu-kigyo/company10.html,,
（株）フクシン,https://www.fukushin.co.jp/,fukushin.co.jp,,https://www.fukushin.co.jp/contact,none,B,tigs101;tigs101_v2;omotenashi,,,
福田真（株）,http://fukudashin.jp/,fukudashin.jp,info@fukudashin.jp,,email,A,tigs101,,,
（株）福富,https://www.isico.or.jp/company/dgnet/692.html,isico.or.jp,haramakiya@haramakiya.com,,email,A,tigs101;ilt_direct,,,1
ふくふく包材研究所,https://www.fukujuu.co.jp/,fukujuu.co.jp,cherish.labo@gmail.com,https://www.fukujuu.co.jp/contact/,none,A,tigs101;tigs101_v2,https://www.fukujuu.co.jp/,1,
福山商工会議所,https://www.fukuyama.or.jp/,fukuyama.or.jp,cci@fukuyama.or.jp,https://www.fukuyama.or.jp/https://www.fukuyama.or.jp/contact/,form,A,tigs101;cci,,,
袋う（ふくろう）,https://fukurokyoto.mystrikingly.com/,fukurokyoto.mystrikingly.com,,,none,none,tigs101;tigs101_v2,,,
藤垣窯業（株）,https://tile.co.jp/,tile.co.jp,info@tile.co.jp,https://tile.co.jp/contact,none,A,tigs101;tigs101_v2,https://tile.co.jp/,,
フジコンコーポレーション（株）,https://www.fujikon-hd.com/fujikoncorporation/,fujikon-hd.com,,https://www.fujikon-hd.com/fujita-op/contact/,none,B,tigs101;tigs101_v2,,,
（株）富士商,http://www.fujisho.jp/,fujisho.jp,info@fujisho.jp,,none,A,tigs101;tigs101_v2,http://www.fujisho.jp/,,
（株）FUJISEY,https://www.fujisey.com/,fujisey.com,ml_notice_info@fujisey.com,https://www.fujisey.com/contact/#inquiry,email,A,tigs101,,,
（有）ふじた花器 匠縁堂,https://fujita-kaki.com/,fujita-kaki.com,,https://fujita-kaki.com/contact000/,none,B,tigs101;tigs101_v2,,,
藤田金属（株）,https://www.fujita-kz.com/,fujita-kz.com,,https://www.fujita-kz.com/contact/,none,B,tigs101;tigs101_v2,,,
（株）藤田屋,https://fujitayatoy.com/,fujitayatoy.com,,https://fujitayatoy.com/contact,none,B,tigs101;tigs101_v2,,,
（株）フジックス,https://www.fjx.co.jp/,fjx.co.jp,,https://www.fjx.co.jp/contact/,form,B,tigs101,,,
FUJITOYO,https://kaeruleon.jp/collections/fujitoyo?srsltid=AfmBOoo0JN6W64oliwOzf3qWOUbH5jF3sPZ9a5XZBzEt5wzbc38vyPVz,kaeruleon.jp,cs@kaeruleon.jp,https://kaeruleon.jp/pages/contact,none,A,tigs101;tigs101_v2,https://kaeruleon.jp/collections/fujitoyo?srsltid=AfmBOoo0JN6W64oliwOzf3qWOUbH5jF3sPZ9a5XZBzEt5wzbc38vyPVz,,
藤永製作所（株）,https://laboratorio-fujinaga.com/,laboratorio-fujinaga.com,,https://laboratorio-fujinaga.com/contact,none,B,tigs101;tigs101_v2;ilt_direct;ilt_v2,,,
フジノス,https://www.fujinos.co.jp/,fujinos.co.jp,info@fujinos.co.jp,https://www.fujinos.co.jp/contact,none,A,tigs101;tigs101_v2;ilt_direct,messe_frankfurt_exhibitor_api,,
不二貿易（株）,https://www.fujiboeki.jp/,fujiboeki.jp,,https://www.fujiboeki.jp/contact/,form,B,tigs101,,,
（株）富士マーチャンダイズ,https://fujiyk.co.jp/,fujiyk.co.jp,fuji@fujiyk.co.jp,,email,A,tigs101,,,
（株）伏見上野旭昇堂,https://fushimi-ueno.co.jp/,fushimi-ueno.co.jp,,https://fushimi-ueno.co.jp/type019-forms/post/2/form/0?step=form&type_no=0&url=pages/77/#section-list,none,B,tigs101;tigs101_v2,,,
富士見商工会,https://www.fujimi-shoko.com/,fujimi-shoko.com,,https://www.fujimi-shoko.com/contact,none,B,tigs101;tigs101_v2,,,
ふじや染工房,https://sites.google.com/view/fujiya-somekoubou/home,sites.google.com,nt1116fujiya@gmail.com,,email,A,tigs101;satofull;ilt_direct,,1,
ふすまクラフト,https://www.fusuma-craft.com/,fusuma-craft.com,contact@fusuma-craft.com,https://www.fusuma-craft.com/contact,none,A,tigs101;tigs101_v2,https://www.fusuma-craft.com/,,
（株）扶桑,http://www.fuso.ne.jp/,fuso.ne.jp,info@fuso.ne.jp,http://www.fuso.ne.jp/inquiry/,none,A,tigs101;tigs101_v2,http://www.fuso.ne.jp/,,
（株）二口製紐,http://futakuchi.jp/,futakuchi.jp,finfo@futakuchi.jp,http://futakuchi.jp/iensystem/dcsendmail.cgi,none,A,tigs101;tigs101_v2,http://futakuchi.jp/,,
FUTABA K.K.,https://www.futaba-kk.co.jp/,futaba-kk.co.jp,recruit@futaba-kk.co.jp,https://www.futaba-kk.co.jp/,none,A,tigs101;tigs101_v2,https://www.futaba-kk.co.jp/,,
（株）フタバ,https://www.futaba-com.co.jp/,futaba-com.co.jp,,https://www.futaba-com.co.jp/contact/,none,B,tigs101;tigs101_v2;omotenashi,,,
プチスーク ／ENA KUAM,http://petitsouk.com/,petitsouk.com,,,none,none,tigs101;tigs101_v2,,,
ブティックjune,https://www.june-closet.com/,june-closet.com,june.tukuru@gmail.com,https://www.june-closet.com/contact,email,A,tigs101,,1,
（株）プラーナル,https://planal.co.jp/,planal.co.jp,,https://planal.co.jp/contact/,none,B,tigs101;tigs101_v2,,,
（株）プライバルサーブ,https://plybalserve.jp/,plybalserve.jp,,https://plybalserve.jp/contact/,none,B,tigs101;tigs101_v2,,,
Flying Saucer,https://flyingsaucer.co.jp/,flyingsaucer.co.jp,info@flyingsaucer.co.jp,https://flyingsaucer.co.jp/business/contact/,none,A,tigs101;tigs101_v2;ilt_direct,https://flyingsaucer.co.jp/,,
PLOWS,https://plows.ec/?srsltid=AfmBOoqnwHOGbMabstHMLnQtYkgdTWhNKX4E4RcpRPJLKmoCTQrTdmNW,plows.ec,ec@plows-i.com,https://plows.ec/pages/contact,none,A,tigs101;tigs101_v2,https://plows.ec/?srsltid=AfmBOoqnwHOGbMabstHMLnQtYkgdTWhNKX4E4RcpRPJLKmoCTQrTdmNW,,1
ブラザー販売（株）,https://www.brother.co.jp/corporate/bsl/,brother.co.jp,kouhou@brother.co.jp,https://www.brother.co.jp/contact/index.aspx?support_source=footer,none,A,tigs101;tigs101_v2;oigs67;fgs2025,https://www.brother.co.jp/corporate/bsl/index.aspx,,
プラザスタイル ライセンス,https://www.plazastyle-license.com/,plazastyle-license.com,,,none,none,tigs101;tigs101_v2,,,
プラスガーデン,https://www.plusgarden.jp/,plusgarden.jp,toiawase@plusgarden.jp,https://www.plusgarden.jp/contact/contact.htm,none,A,tigs101;tigs101_v2,https://www.plusgarden.jp/,,
Brass Gear,https://brassgear.jp/,brassgear.jp,site_contact@brassgear.jp,https://brassgear.jp/contact/,none,A,tigs101;tigs101_v2,https://brassgear.jp/,,
burass mania,https://burassmania.stores.jp/,burassmania.stores.jp,,,none,none,tigs101;tigs101_v2,,,
（株）プラタ,https://plata.co.jp/,plata.co.jp,csd@plata.co.jp,https://www.amazon.co.jp/s/ref=nb_sb_noss,none,A,tigs101;tigs101_v2,https://plata.co.jp/,,
FRACS,https://www.fracs.co.jp/,fracs.co.jp,contact@fracs.co.jp,https://www.fracs.co.jp/contact/index.htm,email,A,tigs101,,,
ブラックバルーンマーケット,https://blackballoon.market/?srsltid=AfmBOorgZ8IBQuKZSxc6FhpEWJ1yrv3dQaAKrZPir2c_iz7ZQzqw9IW_,blackballoon.market,bbm@tw.caitac.co.jp,https://blackballoon.market/pages/contact,none,A,tigs101;tigs101_v2,https://blackballoon.market/?srsltid=AfmBOorgZ8IBQuKZSxc6FhpEWJ1yrv3dQaAKrZPir2c_iz7ZQzqw9IW_,,1
BLACK FLYS,https://shop.blackflys.jp/?srsltid=AfmBOorOGQq8BK2FbCWYXGsDYuKcJZD_GC14W57LrPgkNya90kFjBNsA,shop.blackflys.jp,store@blackflys.jp,https://shop.blackflys.jp/?srsltid=AfmBOorOGQq8BK2FbCWYXGsDYuKcJZD_GC14W57LrPgkNya90kFjBNsA#makeshop-common-contact-url,none,A,tigs101;tigs101_v2,https://shop.blackflys.jp/?srsltid=AfmBOorOGQq8BK2FbCWYXGsDYuKcJZD_GC14W57LrPgkNya90kFjBNsA,,1
（株）フラッフィーハウス,https://fluffyhouse.theshop.jp/,fluffyhouse.theshop.jp,,https://thebase.com/inquiry/fluffyhouse-theshop-jp,form,B,tigs101,,,
プラマイゼロ（株）,https://www.plusminuszero.jp/?srsltid=AfmBOoqL7c_-apNUbyPvjS5iQuuJWerV0IbF-9sbEu4gBi0CB2vb_nlW,plusminuszero.jp,,https://www.plusminuszero.jp/usces-cart/,none,B,tigs101;tigs101_v2,,,
プランエイチ（株）,https://plan-h.info/,plan-h.info,,,none,none,tigs101;tigs101_v2,,,
（株）プランシェイプ,https://www.planshape.co.jp/,planshape.co.jp,info@planshape.co.jp,https://www.planshape.co.jp/contact,none,A,tigs101;tigs101_v2,https://www.planshape.co.jp/,,
（株）フリースタイル／和気商工会,https://wakesci.org/,wakesci.org,wakes@okasci.or.jp,https://wakesci.org/contact,none,A,tigs101;tigs101_v2,https://wakesci.org/,,1
（株）フリーダム,https://www.frdm.co.jp/,frdm.co.jp,,https://www.frdm.co.jp/inquiry/,none,B,tigs101;tigs101_v2,,,
（株）プリシラ,https://www.prisila.jp/,prisila.jp,info@prisila.jp,https://www.prisila.jp/,email,A,tigs101;lifestyle_880021;omotenashi,,,
Prinker,https://beautytech.jp/n/n45c4acba9c15,beautytech.jp,,,none,none,tigs101;tigs101_v2,,,
（株）プリンスコレクション,https://princecollection.co.jp/,princecollection.co.jp,,https://princecollection.co.jp/_ga/FORM/contact.cgi,none,B,tigs101;tigs101_v2,,,
（株）ブルーム,https://www.inbloom-re.com/,inbloom-re.com,,https://www.inbloom-re.com/contact/,none,B,tigs101;tigs101_v2,,,
古川紙工（株）,https://www.furukawashiko.com/,furukawashiko.com,shopping@shiyu.co.jp,https://www.furukawashiko.com/publics/makeUrl/block3776/,none,A,tigs101;tigs101_v2,https://www.furukawashiko.com/,,1
Fulcrum,https://www.riogrande.co.jp/brand/12/,riogrande.co.jp,kawamailregist@ek21.asp.cuenote.jp,https://www.riogrande.co.jp/contact,none,A,tigs101;tigs101_v2,https://www.riogrande.co.jp/brand/12/,,1
（株）プレーリードッグ,https://www.prairiedog.com/,prairiedog.com,store@prairiedog.co.jp,https://www.prairiedog.com/contact/,none,A,tigs101;tigs101_v2;omotenashi,https://www.prairiedog.com/,,1
フレックス販売（株）,https://flex-fpc.com/,flex-fpc.com,flex-co@plum.ocn.ne.jp,https://flex-fpc.com/contact.html,none,A,tigs101;tigs101_v2,https://flex-fpc.com/,,1
FREDDY LECK,https://www.freddy-leck-sein-waschsalon.jp/,freddy-leck-sein-waschsalon.jp,info@freddy-leck-sein-waschsalon.jp,https://www.freddy-leck-sein-waschsalon.jp/pages/contact,none,A,tigs101;tigs101_v2,https://www.freddy-leck-sein-waschsalon.jp/,,
PREMIUM WATER,https://premium-water.net/,premium-water.net,cs@premium-water.net,https://premium-water.net/search/index.html,none,A,tigs101;tigs101_v2;oigs67;fgs2025,https://premium-water.net/,,
フレンズヒル,https://friendshill.com/,friendshill.com,info@tomo-wb.com,https://friendshill.com/contact/,none,A,tigs101;tigs101_v2;lifestyle_880021,https://friendshill.com/,,1
FrenchFlow,https://french-flow2014.com/,french-flow2014.com,mail@french-flow2014.com,https://french-flow2014.com/#contact,none,A,tigs101;tigs101_v2,https://french-flow2014.com/,,
ブロカント モモ,https://brocantemomo.base.shop/,brocantemomo.base.shop,,https://thebase.com/inquiry/brocantemomo-base-shop,form,B,tigs101,,,
（株）プロペラヘッズ,https://propellerheads.co.jp/,propellerheads.co.jp,,https://propellerheads.co.jp/#part-contact,none,B,tigs101;tigs101_v2;lifestyle_880021,,,
文吉窯,https://bunkichikutani.com/,bunkichikutani.com,,https://bunkichikutani.com/contact/,none,B,tigs101;tigs101_v2,,,
（株）ベースワン,http://base-one.co.jp/,base-one.co.jp,,http://base-one.co.jp/info/#wpcf7-f289-p13-o1,none,B,tigs101;tigs101_v2,,,
ペーパーグラス,https://www.paperglass.jp/,paperglass.jp,info@nsmr-p.jp,https://www.paperglass.jp/contact,none,A,tigs101;tigs101_v2;omotenashi,https://www.paperglass.jp/,,1
ペーパーストーリー（株）（アイハラ貿易（株））,http://aiharaboeki.co.jp/,aiharaboeki.co.jp,,http://aiharaboeki.co.jp/,none,B,tigs101;tigs101_v2,,,
（株）ベガ テキスタイル,https://www.vegatex.com/,vegatex.com,sales@vegatex.com,https://www.vegatex.com/contact/,none,A,tigs101;tigs101_v2;ilt_direct,https://www.vegatex.com/,,
HEGE,https://www.hege.jp/?srsltid=AfmBOoo60SJx4-i4TQx_kZqS8XDc6TBIK0N2yxKkLZrgR_6I4nhtEZsB,hege.jp,,https://www.hege.jp/pages/contact,none,B,tigs101;tigs101_v2,https://www.hege.jp/?srsltid=AfmBOoo60SJx4-i4TQx_kZqS8XDc6TBIK0N2yxKkLZrgR_6I4nhtEZsB,,
（株）ベステート,https://www.besteight.co.jp/,besteight.co.jp,info@besteight.co.jp,https://www.besteight.co.jp/contact/,email,A,tigs101,,,
ベストアンサー（株）,https://bestanswer.jp/,bestanswer.jp,info@bestanswer.jp,https://bestanswer.jp/contact.html,none,A,tigs101;tigs101_v2,https://bestanswer.jp/,,
べっ甲イソガイ,https://bekko-isogai.jp/,bekko-isogai.jp,web-shop@bekko-isogai.jp,https://bekko-isogai.jp/contents/contact.html,none,A,tigs101;tigs101_v2,https://bekko-isogai.jp/,,
ヘップバーン猫＆無傘,https://mirror.asahi.com/article/14337963,mirror.asahi.com,,https://somewrite.com/contact/,none,B,tigs101;tigs101_v2,,,
（株）ペノン,https://penon.co.jp/,penon.co.jp,info@penon.co.jp,https://penon.co.jp/contact/,none,A,tigs101;tigs101_v2;fgs2025,https://penon.co.jp/,,
ベビーブーバ,https://babybuba.jp/?srsltid=AfmBOopoWDWttC4QIces_freOZt43dDAUwTkRSiECx8OMsiq9CGsp06B,babybuba.jp,support@babybuba.jp,https://babybuba.jp/pages/contact,none,A,tigs101;tigs101_v2,https://babybuba.jp/?srsltid=AfmBOopoWDWttC4QIces_freOZt43dDAUwTkRSiECx8OMsiq9CGsp06B,,
ペルシャ キリム （有）ピィー エイ アール,http://persiakilim.kilims.jp/,persiakilim.kilims.jp,persiakilim@kilims.jp,,email,A,tigs101,,,1
ベル・ブランシェ,https://bellebranchee.com/?srsltid=AfmBOooQcf9s1973Bu4bTYUI_he-w__bmiQoX_XJr4Z818-eJACH71RR,bellebranchee.com,,https://bellebranchee.com/pages/contact,none,B,tigs101;tigs101_v2,,,
ヘルムス,https://helms-shop.jp/,helms-shop.jp,abc1@hoge.com,https://helms-shop.jp/contact.php,none,A,tigs101;tigs101_v2,https://helms-shop.jp/,,1
（株）勉強堂,https://www.bkd-web.co.jp/,bkd-web.co.jp,,https://www.bkd-web.co.jp/contact/index.html,none,B,tigs101;tigs101_v2,,,
（株）ペンギンライター,https://www.penguin-pgn.co.jp/,penguin-pgn.co.jp,web@hbw1011eb47c.smartrelease.jp,https://www.penguin-pgn.co.jp/inquiry/,none,A,tigs101;tigs101_v2,https://www.penguin-pgn.co.jp/,,1
（株）PENCE,https://pence.jp/,pence.jp,,https://pence.jp/contact/,form,B,tigs101,,,
豊月堂,https://hougetsu.com/,hougetsu.com,,https://hougetsu.com/contact/,none,B,tigs101;tigs101_v2,,,
防災雨具『雨用心』,https://www.makuake.com/project/bewarerain/,makuake.com,support@makuake.co.jp,https://mkhelp.makuake.com/hc/ja/search,none,A,tigs101;tigs101_v2,https://www.makuake.com/project/bewarerain/,,1
防災備蓄用エアーベッド,https://www.irisohyama.co.jp/products/tool-diy-material/emergency-supplies/emergency-supplies-separately/air-bed/,irisohyama.co.jp,,https://www.irisohyama.co.jp/search/,none,B,tigs101;tigs101_v2,,,
PORT,https://www.portlife.jp/users/sign_in,portlife.jp,,https://www.portlife.jp/users/sign_in,none,B,tigs101;tigs101_v2,,,
ホームスタイル静岡シュークリームキット,https://www.atpress.ne.jp/news/395270,atpress.ne.jp,support@atpress.ne.jp,https://www.atpress.ne.jp/contact,none,A,tigs101;tigs101_v2;omotenashi,https://www.atpress.ne.jp/news/395270,,
北三（株）,https://www.hoxan.co.jp/,hoxan.co.jp,hox-contact@hoxan.co.jp,https://www.hoxan.co.jp/contact,email,A,tigs101,,,
ホクリビ,https://hokulive.com/,hokulive.com,info@hokulive.com,https://hokulive.com/form/,none,A,tigs101;tigs101_v2,https://hokulive.com/,,
星岡商事（株）,https://www.hoshioka.co.jp/,hoshioka.co.jp,,https://www.hoshioka.co.jp/contact.html,none,B,tigs101;tigs101_v2,,,
北海道・札幌ブース,https://www.instabase.jp/hokkaido-sapporo-workspace,instabase.jp,mail@instabase.jp,https://www.instabase.jp/auth/google_oauth2,none,A,tigs101;tigs101_v2,https://www.instabase.jp/hokkaido-sapporo-workspace,,
（有）ポッシュリビング／PLUS the green,https://www.poshliving.net/collections/plusthegreen?srsltid=AfmBOor8HXfKoWZnUPh9lL_drr6UG2Th0iZaj7GLwPk7m8W6U7U-0955,poshliving.net,,https://www.poshliving.net/pages/contact,none,B,tigs101;tigs101_v2,,,
ポッポ ヘ,https://detail.chiebukuro.yahoo.co.jp/qa/question_detail/q11188683776,detail.chiebukuro.yahoo.co.jp,,,none,none,tigs101;tigs101_v2,,,
POTPURRI／（株）ポトペリー,https://shop.potpurri.co.jp/?srsltid=AfmBOorFZwP_ZRMz02IokqqrtRuh24Uz-Z7Rna9k8D3jQpsp06wYq2ad,shop.potpurri.co.jp,info@potpurri.co.jp,,email,A,tigs101,,,1
（株）ポピー名古屋,http://www.poppy-n.co.jp/,poppy-n.co.jp,,,none,none,tigs101;tigs101_v2,,,
（有）ボブクラフト,https://www.bobcraft.net/,bobcraft.net,bob@bobcraft.co.jp,https://www.bobcraft.net/%E3%81%8A%E5%95%8F%E3%81%84%E5%90%88%E3%82%8F%E3%81%9B/,none,A,tigs101;tigs101_v2,https://www.bobcraft.net/,,1
pot-pourri,https://pot-pourri-shop.net/?srsltid=AfmBOopXx8Czw5yIVCdBvx1u_XgVFvZLvHa7bs_UWEo9JUFd6YODj7P-,pot-pourri-shop.net,shop@popuri.co.jp,https://pot-pourri-shop.net/pages/contact,none,A,tigs101;tigs101_v2,https://pot-pourri-shop.net/?srsltid=AfmBOopXx8Czw5yIVCdBvx1u_XgVFvZLvHa7bs_UWEo9JUFd6YODj7P-,,1
堀内鏡工業（株）,https://www.cr-horiuchi.co.jp/,cr-horiuchi.co.jp,horiuchi@cr-horiuchi.co.jp,https://www.cr-horiuchi.co.jp/contact.html,form,A,tigs101;omotenashi,,,
（有）堀江陶器,https://horie-tk.jp/,horie-tk.jp,horie-tk@topaz.ocn.ne.jp,https://horie-tk.jp/contact/,none,A,tigs101;tigs101_v2;ilt_direct;ilt_v2,https://horie-tk.jp/,,1
（株）ホリコシ,https://horikoshi-lube.co.jp/,horikoshi-lube.co.jp,usg@lube2.jarp.co.jp,https://horikoshi-lube.co.jp/inquiry.php,none,A,tigs101;tigs101_v2,https://horikoshi-lube.co.jp/,,1
（株）ホリデー商店,https://holiday-shoten.com/,holiday-shoten.com,holidayshoten@gmail.com,,email,A,tigs101,,1,
（株）ホワイエ,https://www.foyer-shop.com/,foyer-shop.com,foyer@flowerbasket.jp,,email,A,tigs101,,,1
（株）ホンイーテラス,https://honyi.co.jp/,honyi.co.jp,,https://honyi.co.jp/contact/,none,B,tigs101;tigs101_v2,,,
ホンクンのネコ,https://www.honkun.tokyo/,honkun.tokyo,,https://www.honkun.tokyo/odod.php,none,B,tigs101;tigs101_v2,,,
本多タオル（株）,https://honda-towel.co.jp/,honda-towel.co.jp,,https://honda-towel.co.jp/contact/,none,B,tigs101;tigs101_v2,,,
（株）ほんやら堂,https://honyaradoh.com/,honyaradoh.com,toiawase@honyaradoh.com,https://honyaradoh.com/contact/,none,A,tigs101;tigs101_v2,https://honyaradoh.com/,,
（株）マークス,https://www.marks.jp/,marks.jp,recruit@marks.jp,https://www.marks.jp/util/contact/email.php,none,A,tigs101;tigs101_v2,https://www.marks.jp/,,
（株）マークスインターナショナル,https://www.marcs.co.jp/,marcs.co.jp,sales@marcs.co.jp,https://www.marcs.co.jp/contact/mail.php,none,A,tigs101;tigs101_v2,https://www.marcs.co.jp/,,
マール,https://www.marr.jp/,marr.jp,,https://www.marr.jp/inquiry.html,form,B,tigs101,,,
（株）マーゼルン,https://mausern.com/,mausern.com,mausern2@alpha.ocn.ne.jp,https://mausern.com/,none,A,tigs101;tigs101_v2,https://mausern.com/,,1
maia,https://maia.co.jp/,maia.co.jp,info@maia.co.jp,https://maia.co.jp/contact,none,A,tigs101;tigs101_v2,https://maia.co.jp/,,
（株）マイウェイ,https://my-way.co.jp/,my-way.co.jp,info@my-way.co.jp,https://my-way.co.jp/,none,A,tigs101;tigs101_v2,https://my-way.co.jp/,,
（株）舞扇堂,https://www.maisendo.co.jp/,maisendo.co.jp,kyosensu@maisendo.co.jp,https://www.maisendo.co.jp/toiawase_form.php,none,A,tigs101;tigs101_v2,https://www.maisendo.co.jp/,,
（株）MyBest,https://www.big-advance.site/c/181/1513,big-advance.site,,,none,none,tigs101;tigs101_v2,,,
（株）マインド,https://www.mind-gr.co.jp/,mind-gr.co.jp,,https://www.mind-gr.co.jp/contact/,none,B,tigs101;tigs101_v2,,,
前多（株）,https://www.maeda-inc.co.jp/,maeda-inc.co.jp,,https://www.maeda-inc.co.jp/contact/,none,B,tigs101;tigs101_v2,,,
前田工業（株） Recipe／PENNY LANE,http://footwear-maeda.co.jp/gallery/pennylane,footwear-maeda.co.jp,,http://footwear-maeda.co.jp/contact/,none,B,tigs101;tigs101_v2,,,
（株）前田屋／petitemaman（ぷちままん）,https://maedaya-shop.com/collections/petitemaman-%E3%83%97%E3%83%81%E3%83%9E%E3%83%9E%E3%83%B3,maedaya-shop.com,,https://maedaya-shop.com/pages/contact,form,B,tigs101,,,
Maktar（株）,https://jp.maktar.com/?srsltid=AfmBOopz2tYWAEh9hUvwZcCta0pxZwq81XPry0saVQHEmj33fNS8P-Xa,jp.maktar.com,jp_support@maktar.com,https://jp.maktar.com/localization,none,A,tigs101;tigs101_v2,https://jp.maktar.com/?srsltid=AfmBOopz2tYWAEh9hUvwZcCta0pxZwq81XPry0saVQHEmj33fNS8P-Xa,,1
magnet Inc.,https://magnet-inc.com/,magnet-inc.com,,https://magnet-inc.com/contact/index.html,none,B,tigs101;tigs101_v2,,,
まこもパウダー《きぼう》,https://www.bf-kibou.com/,bf-kibou.com,minami@bf-kibou.com,https://www.bf-kibou.com/inquiry/,none,A,tigs101;tigs101_v2,https://www.bf-kibou.com/,,
MAJIN,https://ma-jin.jp/,ma-jin.jp,mkt@geniee.co.jp,https://ma-jin.jp/form/contact/,none,A,tigs101;tigs101_v2,https://ma-jin.jp/,,1
升井彩本乾漆,https://www.wajima-masuisai.com/,wajima-masuisai.com,roiroyasan0419@gmail.com,,email,A,tigs101,,1,
増田商事（株）,http://www.masuda-co.jp/,masuda-co.jp,,http://www.masuda-co.jp/inquiry/contact_info/,none,B,tigs101;tigs101_v2,,,
マストプラニング,https://mastplanning.co.jp/,mastplanning.co.jp,,https://mastplanning.co.jp/contact/,none,B,tigs101;tigs101_v2,,,
増成織ネーム（株）,https://www.masunari-net.co.jp/,masunari-net.co.jp,,https://www.masunari-net.co.jp/contact/,none,B,tigs101;tigs101_v2;lifestyle_880021;fgs2025,,,
増原木材工業（有）,https://www.masuharamokuzai.jp/,masuharamokuzai.jp,masumoku-hirata@m01.fitcall.net,,email,A,tigs101,,,1
真多呂人形,https://www.mataro-doll.com/?srsltid=AfmBOorehXfBPsqpU0blG3a396bmk3WtCCizfI0T66IRNpIpvGKSxIPL,mataro-doll.com,rwox@vjcjax-mxuu.lxv,https://www.mataro-doll.com/?srsltid=AfmBOorehXfBPsqpU0blG3a396bmk3WtCCizfI0T66IRNpIpvGKSxIPL#makeshop-common-contact-url,none,A,tigs101;tigs101_v2,https://www.mataro-doll.com/?srsltid=AfmBOorehXfBPsqpU0blG3a396bmk3WtCCizfI0T66IRNpIpvGKSxIPL,,1
（有）町田造花,https://www.machida-zouka.com/,machida-zouka.com,info@machida-zouka.com,,email,A,tigs101,,,
（株）松浦紙器製作所,https://matsuura-shiki.co.jp/,matsuura-shiki.co.jp,,https://matsuura-shiki.co.jp/#foot_contact,none,B,tigs101;tigs101_v2,,,
松尾（株）,https://www.matsuokk.co.jp/,matsuokk.co.jp,,,none,none,tigs101;tigs101_v2,,,
（株）松尾陶器,https://matsuo-touki.com/,matsuo-touki.com,,https://matsuo-touki.com/_ga/FORM/contact.cgi,none,B,tigs101;tigs101_v2,,,
（株）マックス,https://www.max-ltd.co.jp/,max-ltd.co.jp,,https://www.max-ltd.co.jp/search/,none,B,tigs101;tigs101_v2,,,
（株）マックスリミテッド,https://max-jpn.com/,max-jpn.com,,https://max-jpn.com/contact/,none,B,tigs101;tigs101_v2,,,
荒物・暮らしの道具 松野屋,https://matsunoya.jp/,matsunoya.jp,info@yanakamatsunoya.jp,https://matsunoya.jp/,none,A,tigs101;tigs101_v2,https://matsunoya.jp/,,1
Map Design GALLERY／ゼンリン,https://www.mapdesigngallery.com/?srsltid=AfmBOop0QwFj7BWrRuIraF7ZRQSBSW7BDj2I2ZrQhconA9G-UbpAoEkU,mapdesigngallery.com,your@email.com,https://www.mapdesigngallery.com/pages/contact_channel,none,A,tigs101;tigs101_v2,https://www.mapdesigngallery.com/?srsltid=AfmBOop0QwFj7BWrRuIraF7ZRQSBSW7BDj2I2ZrQhconA9G-UbpAoEkU,,1
（株）松村商店,https://www.matsumura-syoten.com/,matsumura-syoten.com,info@matsumura-s.co.jp,,email,A,tigs101,,,1
松本商店,https://www.mat-mat.com/,mat-mat.com,info@mat-mat.com,https://www.mat-mat.com/contact,none,A,tigs101;tigs101_v2,https://www.mat-mat.com/,,
（株）マツヨシ,https://www.kyoto-matsuyoshi.co.jp/,kyoto-matsuyoshi.co.jp,fsensu@kyoto-matsuyoshi.co.jp,https://www.kyoto-matsuyoshi.co.jp/contact.html,none,A,tigs101;tigs101_v2,https://www.kyoto-matsuyoshi.co.jp/,,
material michemon（神話と伝説®）,https://www.michemon.com/posts/categories/7810844,michemon.com,,https://www.michemon.com/posts/58337459?categoryIds=7810844,none,B,tigs101;tigs101_v2,,,
マドンナ（株）,https://www.madonna.co.jp/,madonna.co.jp,info@madonna.co.jp,,email,A,tigs101,,,
（株）マリオ,https://www.mario-j.co.jp/,mario-j.co.jp,,https://www.mario-j.co.jp/contact/,none,B,tigs101;tigs101_v2,,,
見たことない道具 MARIO DEL MARE,https://shop.delmare.co.jp/collections/all,shop.delmare.co.jp,product@mariodelmare.com,https://shop.delmare.co.jp/search,none,A,tigs101;tigs101_v2,https://shop.delmare.co.jp/collections/all,,1
（株）丸朝製陶所,https://www.maruasa.jp/,maruasa.jp,,https://www.maruasa.jp/contact.php,none,B,tigs101;tigs101_v2,,,
（株）丸叶むらた,https://www.marukanou.co.jp/,marukanou.co.jp,info@marukanou.co.jp,https://www.marukanou.co.jp/inquiry/index.php,none,A,tigs101;tigs101_v2;omotenashi,https://www.marukanou.co.jp/,,
（株）マルコカンパニー,https://www.marco-company.com/,marco-company.com,info@marco-company.com,,email,A,tigs101;fgs2025,,,
MARCO+TO,https://marcotozzi.com/en/,marcotozzi.com,service.en@marcotozzi.com,,email,A,tigs101,,,
（株）マルサール,http://marsal.co.jp/index2.htm,marsal.co.jp,,,none,none,tigs101;tigs101_v2,,,
（株）丸三,https://www.maru-3.co.jp/,maru-3.co.jp,info@maru-3.co.jp,https://www.maru-3.co.jp/contact/,none,A,tigs101;tigs101_v2,https://www.maru-3.co.jp/,,
（株）マルサン近藤／M-mode,https://www.m-mode.jp/,m-mode.jp,,https://www.m-mode.jp/contact,none,B,tigs101;tigs101_v2,,,
（有）マルシゲ陶器,https://www.marushige-arita.com/,marushige-arita.com,,https://thebase.com/inquiry/marushige01-base-shop,form,B,tigs101,,,
（株）丸昌,https://marusho-net.com/,marusho-net.com,info@marusho-net.com,https://marusho-net.com/contact-us/,none,A,tigs101;tigs101_v2,https://marusho-net.com/,,
（株）丸彰,https://www.marusho.net/,marusho.net,,https://www.marusho.net/contact,none,B,tigs101;tigs101_v2,,,
（株）丸昌 SPS事業部,https://marusho-toy.jp/,marusho-toy.jp,,https://marusho-toy.jp/contact/,none,B,tigs101;tigs101_v2,,,
丸食本舗,https://www.marushoku-foods.co.jp/archives/52278,marushoku-foods.co.jp,,https://www.marushoku-foods.co.jp/inquiry,none,B,tigs101;tigs101_v2,,,
（株）丸宗,https://nara-marusou.com/,nara-marusou.com,,https://nara-marusou.com/contact/,none,B,tigs101;tigs101_v2;lifestyle_880021;lifestyle_880026,,,
（株）丸隆,https://www.marutakaltd.com/,marutakaltd.com,,https://www.marutakaltd.com/contact/,none,B,tigs101;tigs101_v2,,,
丸高衣料（株）,https://marutaka-iryo.com/,marutaka-iryo.com,,https://marutaka-iryo.heteml.net/contact,none,B,tigs101;tigs101_v2;omotenashi,,,
丸辰商店,https://minami-syokoukai.jp/75/,minami-syokoukai.jp,minami@syokoukai.jp,https://minami-syokoukai.jp/contact/,email,A,tigs101,,,1
丸田木工,https://www.maruta-m.co.jp/,maruta-m.co.jp,,https://www.maruta-m.co.jp/contact/20.html,none,B,tigs101;tigs101_v2,,,
（株）丸二,https://www.maruni-wave.co.jp/,maruni-wave.co.jp,,https://www.maruni-wave.co.jp/contact/,none,B,tigs101;tigs101_v2,,,
（株）マルヒ肥田陶器,http://maruhi-h.com/,maruhi-h.com,info@maruhi-h.com,http://maruhi-h.com/contactus,none,A,tigs101;tigs101_v2,http://maruhi-h.com/,,
（有）丸又平野陶器店,https://tokonamesanpo.jp/member/member_028.html,tokonamesanpo.jp,,,none,none,tigs101;tigs101_v2,,,
マルマン（株）／図案スケッチブックコラボ,https://www.e-maruman.co.jp/__/tags/%E3%82%B3%E3%83%A9%E3%83%9C%E3%83%AC%E3%83%BC%E3%82%B7%E3%83%A7%E3%83%B3,e-maruman.co.jp,kaihatsue-o@www.e-maruman.co.jp,https://www.e-maruman.co.jp/original/contact,none,A,tigs101;tigs101_v2;omotenashi;fgs2025,https://www.e-maruman.co.jp/__/tags/%E3%82%B3%E3%83%A9%E3%83%9C%E3%83%AC%E3%83%BC%E3%82%B7%E3%83%A7%E3%83%B3,,
MARUMAN JACQUARD,http://www.maruman-inc.jp/archives/photo-jacquard.html,maruman-inc.jp,,http://www.maruman-inc.jp/contact/index.html,none,B,tigs101;tigs101_v2,,,
マルミツポテリ／スタジオエム＆ソボカイ,https://www.marumitsu.jp/webstore/sobokai/,marumitsu.jp,,https://www.marumitsu.jp/webstore/,none,B,tigs101;tigs101_v2,,,
丸麦（株）-Maxwin,https://maxwin.jp/,maxwin.jp,jocar-7@kpb.biglobe.ne.jp,https://maxwin.jp/contact-page/,none,A,tigs101;tigs101_v2,https://maxwin.jp/,,1
（株）丸山技研,https://www.maruyama-giken.co.jp/,maruyama-giken.co.jp,,https://www.maruyama-giken.co.jp/contact/,none,B,tigs101;tigs101_v2,,,
（株）丸山久右エ門商店,https://www.9emon.co.jp/,9emon.co.jp,urushi@9emon.co.jp,,email,A,tigs101,,,
丸山繊維産業（株）-Nawrap-,http://www.maruyama-seni.co.jp/,maruyama-seni.co.jp,info@maruyama-seni.co.jp,http://www.maruyama-seni.co.jp/contact/,none,A,tigs101;tigs101_v2;lifestyle_880021;lifestyle_880026,https://www.maruyama-seni.co.jp/,,
丸嘉小坂漆器店,https://maruyoshi-kosaka.jp/,maruyoshi-kosaka.jp,info@maruyoshi-kosaka.jp,,none,A,tigs101;tigs101_v2;omotenashi;ilt_direct,messe_frankfurt_exhibitor_api,,
丸和商業（株）,https://www.furoshiki-kyoto.com/,furoshiki-kyoto.com,info@furoshiki-kyoto.com,https://www.furoshiki-kyoto.com/contactBN.html,none,A,tigs101;tigs101_v2,https://www.furoshiki-kyoto.com/,,
丸和貿易（株）,https://www.maruwa-trade.co.jp/,maruwa-trade.co.jp,,https://www.maruwa-trade.co.jp/contact/,none,B,tigs101;tigs101_v2;lifestyle_880021,,,
万方商事（株）,https://manpou.jp/,manpou.jp,shop@yokaro.shop,,email,A,tigs101,,,1
ミーディーオフィス（SMILER）,https://www.musashino-cci.or.jp/member/48632/,musashino-cci.or.jp,smilerbrand@gmail.com,https://www.musashino-cci.or.jp/contact/,email,A,tigs101;lifestyle_880021;cci,,1,
三笠商事（株）,https://mikasa-shoji.jp/,mikasa-shoji.jp,,,none,none,tigs101;tigs101_v2,,,
三木商工会議所,https://mikicci.or.jp/,mikicci.or.jp,info@mikicci.or.jp,http://search.yahoo.co.jp/search,none,A,tigs101;tigs101_v2;cci;cci_v2,https://mikicci.or.jp/,,
（株）右田工芸,https://www.migita-kk.co.jp/,migita-kk.co.jp,info@migita-kk.co.jp,,email,A,tigs101,,,
美志摩加工,https://mishima-pearl.com/,mishima-pearl.com,,https://mishima-pearl.com/contact/,none,B,tigs101;tigs101_v2,,,
水と ともに 生きる 泉州タオル,https://shop.senshutowel.jp/,shop.senshutowel.jp,,https://thebase.com/inquiry/senshu1887-base-shop,form,B,tigs101,,,
（株）水鳥工業,https://geta.co.jp/?srsltid=AfmBOooRbu8hV345bDK_Ojh9YlsotCWrXN3n-Bp78Ij1RjQvwJ1rpSXU,geta.co.jp,,https://geta.co.jp/pages/contact,none,B,tigs101;tigs101_v2,https://geta.co.jp/?srsltid=AfmBOooRbu8hV345bDK_Ojh9YlsotCWrXN3n-Bp78Ij1RjQvwJ1rpSXU,,
（株）水野鞄店,https://www.mizuno-bag.com/,mizuno-bag.com,mizuno.on-line.contact@mizuno-bag.com,https://www.mizuno-bag.com/pages/contact,none,A,tigs101;tigs101_v2,https://www.mizuno-bag.com/,,
MISOKA,https://www.misoka.jp/,misoka.jp,concierge@misoka.jp,,email,A,tigs101,,,
（株）未空うるし工芸,https://misolashi.com/,misolashi.com,,https://misolashi.com/contact,none,B,tigs101;tigs101_v2,,,
（株）見谷陶器,https://mitanitouki.co.jp/,mitanitouki.co.jp,info@mitanitouki.co.jp,https://mitanitouki.co.jp/contact,none,A,tigs101;tigs101_v2,https://mitanitouki.co.jp/,,
Michi-Global,https://michi612global.com/,michi612global.com,global.michi612@gmail.com,,email,A,tigs101,,1,
道刃物工業（株）,https://www.michihamono.co.jp/,michihamono.co.jp,michihamono123@gmail.com,https://www.michihamono.co.jp/aboutus/contact/#catalogue,none,A,tigs101;tigs101_v2,https://www.michihamono.co.jp/,1,
三金商事（株）,https://mitsukin.info/,mitsukin.info,eccs@mitsukin.info,https://mitsukin.info/contact_corporation,none,A,tigs101;tigs101_v2,https://mitsukin.info/,,
ミックス・アップ・ジャパン,https://mixupjapan.com/,mixupjapan.com,yamaguchi@mixupjapan.com,https://mixupjapan.com/,none,A,tigs101;tigs101_v2,https://mixupjapan.com/,,
（株）ミツノブ,http://mitsunobu.co.jp/,mitsunobu.co.jp,,http://mitsunobu.co.jp/#contact,none,B,tigs101;tigs101_v2,,,
MEDIUM,https://medium.com/,medium.com,angelgarcia.mail@gmail.com,https://medium.com/plans?redirect=https%3A%2F%2Fmedium.com%2F&source=---landing_membership-----------------------------------------,none,A,tigs101;tigs101_v2,https://medium.com/,1,
MINAMIKAWARA SLIPPER,https://minamikawaraslipper.jimdofree.com/,minamikawaraslipper.jimdofree.com,,https://minamikawaraslipper.jimdofree.com/%E3%81%8A%E5%95%8F%E3%81%84%E5%90%88%E3%82%8F%E3%81%9B/,none,B,tigs101;tigs101_v2,,,
（株）ミナミダ,https://minamida.co.jp/,minamida.co.jp,info@minamida.co.jp,https://minamida.co.jp/contact,none,A,tigs101;tigs101_v2,https://minamida.co.jp/,,
（株）ミニチュアファクトリー,https://www.mini-factory.co.jp/,mini-factory.co.jp,,https://www.mini-factory.co.jp/news/contact,none,B,tigs101;tigs101_v2,,,
（有）みの印章堂／和歌山商工会議所,https://www.wakayama-cci.or.jp/wakayama/page-4822/page-6272/,wakayama-cci.or.jp,wakacci@gold.ocn.ne.jp,https://www.wakayama-cci.or.jp/wakayama/mail-contact,none,A,tigs101;tigs101_v2;cci,https://www.wakayama-cci.or.jp/wakayama/page-4822/page-6272/,,1
（株）ミノウラ,https://www.mnr.co.jp/,mnr.co.jp,,,none,none,tigs101;tigs101_v2,,,
美濃白川麦飯石（株）,https://bakuhanseki.co.jp/,bakuhanseki.co.jp,,https://bakuhanseki.co.jp/contact/,none,B,tigs101;tigs101_v2,,,
箕輪町商工会,https://www.minowa.or.jp/,minowa.or.jp,minowa-c@yellow.plala.or.jp,https://www.minowa.or.jp/search/,none,A,tigs101;tigs101_v2,https://www.minowa.or.jp/,,1
三松貿易（株）,https://www.mimatsu-trading.com/,mimatsu-trading.com,,https://www.mimatsu-trading.com/%E3%81%8A%E5%95%8F%E3%81%84%E5%90%88%E3%82%8F%E3%81%9B/,none,B,tigs101;tigs101_v2,,,
mimi-harmonie-,https://mimiharmonie.thebase.in/,mimiharmonie.thebase.in,,https://thebase.com/inquiry/mimiharmonie,form,B,tigs101,,,
宮井（株）,https://www.miyai-net.co.jp/,miyai-net.co.jp,info@miyai-net.co.jp,https://www.miyai-net.co.jp/contact/,email,A,tigs101,,,
（株）宮川商会,http://miyagawa-ceramic.com/,miyagawa-ceramic.com,miyagawa-s@gol.com,http://miyagawa-ceramic.com/contact/,none,A,tigs101;tigs101_v2,http://miyagawa-ceramic.com/,,1
都もだん,https://miyakomodern.com/,miyakomodern.com,,https://miyakomodern.com/contact/,none,B,tigs101;tigs101_v2,,,
（株）宮崎化学,http://mkagaku.co.jp/,mkagaku.co.jp,,,none,none,tigs101;tigs101_v2,,,
（株）ミヤタ,http://miyatafc.co.jp/,miyatafc.co.jp,abc123@miyata.com,http://miyatafc.co.jp/contact/,none,A,tigs101;tigs101_v2,http://miyatafc.co.jp/,,1
（株）宮津商店,https://miyaz.jp/,miyaz.jp,,,none,none,tigs101;tigs101_v2;omotenashi,,,
miyama.／深山,https://miyama-shokkiten.co.jp/shop/?srsltid=AfmBOop-v8v56OTKQ9ffbGsJDS5zp23rLxg5fMhuMFjmfJRKo6T4rVAD,miyama-shokkiten.co.jp,,https://miyama-shokkiten.co.jp/inquiry/,none,B,tigs101;tigs101_v2,,,
ミヤメゾン（株）,https://cnavi.g-search.or.jp/detail/4010501051982.html,cnavi.g-search.or.jp,,,none,none,tigs101;tigs101_v2;oigs67;lifestyle_880021,,,
みやもと 紗織,https://livescore.japanprodarts.jp/directory_detail.php?p=3264,livescore.japanprodarts.jp,customer@japanprodarts.jp,https://japanprodarts.jp/inquiry/,none,A,tigs101;tigs101_v2,https://livescore.japanprodarts.jp/directory_detail.php?p=3264,,1
（株）ミューテック35,https://myutech35.co.jp/,myutech35.co.jp,mut@myutech35.co.jp,https://myutech35.co.jp/contact-us/,none,A,tigs101;tigs101_v2;omotenashi,https://myutech35.co.jp/,,
ミュールミル（有）,https://murmures.co.jp/,murmures.co.jp,syaka@murmures.co.jp,https://murmures.co.jp/,none,A,tigs101;tigs101_v2,https://murmures.co.jp/,,
ミユキ精工（株）,https://miyuki-seiko.co.jp/,miyuki-seiko.co.jp,info@miyuki-seiko.co.jp,,email,A,tigs101,,,
MIYUKI FACTORY,https://www.miyukifactory.com/,miyukifactory.com,user@gmail.com,https://www.miyukifactory.com/pages/contact,none,A,tigs101;tigs101_v2,https://www.miyukifactory.com/,1,
明玄の雲,https://dic.pixiv.net/a/%E5%84%80%E7%8E%84,dic.pixiv.net,,https://dic.pixiv.net/a/%E5%84%80%E7%8E%84,none,B,tigs101;tigs101_v2,,,
MIYOSHI PRIMAL SOAP／ミヨシ石鹸,https://miyoshisoap.co.jp/pages/primalsoap?srsltid=AfmBOopJgcw4DeD1QIwZ5D6hzaemVMH-f-PfhzeR7YibfeQ80bXSmPuD,miyoshisoap.co.jp,public@miyoshisoap.co.jp,https://miyoshisoap.co.jp/pages/contact,none,A,tigs101;tigs101_v2,https://miyoshisoap.co.jp/pages/primalsoap?srsltid=AfmBOopJgcw4DeD1QIwZ5D6hzaemVMH-f-PfhzeR7YibfeQ80bXSmPuD,,
未来アグリス（株）,http://hk-int.jp/,hk-int.jp,,http://hk-int.jp/contact/,none,B,tigs101;tigs101_v2,,,
mui Lab（株）,https://muilab.com/ja/,muilab.com,cs@muilab.com,https://muilab.com/contact/,none,A,tigs101;tigs101_v2,https://muilab.com/ja/,,
ムーミン ジュエリー／ウィリアム・モリス ジュエリー,https://www.rokuzan.net/collections/moomin?srsltid=AfmBOoq4UlV2mZ3KwZ_sQxDcPHhGZqY7DZ0JvCWeRK9IAmKQMC8JSQ7D,rokuzan.net,customer_support@rokuzan.net,https://www.rokuzan.net/search,none,A,tigs101;tigs101_v2,https://www.rokuzan.net/collections/moomin?srsltid=AfmBOoq4UlV2mZ3KwZ_sQxDcPHhGZqY7DZ0JvCWeRK9IAmKQMC8JSQ7D,,
（株）ムカイ,https://www.muk-group.co.jp/company/about.html,muk-group.co.jp,,https://muk-group.co.jp/contact/,none,B,tigs101;tigs101_v2,,,
（株）ムサシ,https://www.musashinet.co.jp/,musashinet.co.jp,saiyo@musashinet.co.jp,https://www.musashinet.co.jp/ir/inquiry.html,none,A,tigs101;tigs101_v2,https://www.musashinet.co.jp/,,
（株）武蔵野ユニフォーム,http://www.ookawa-hifuku.co.jp/news/shop-location/%E6%A0%AA%E5%BC%8F%E4%BC%9A%E7%A4%BE%E6%AD%A6%E8%94%B5%E9%87%8E%E3%83%A6%E3%83%8B%E3%83%95%E3%82%A9%E3%83%BC%E3%83%A0,ookawa-hifuku.co.jp,hiramatsu@ookawa-hifuku.co.jp,http://www.ookawa-hifuku.co.jp/#contact,none,A,tigs101;tigs101_v2,http://www.ookawa-hifuku.co.jp/news/shop-location/%E6%A0%AA%E5%BC%8F%E4%BC%9A%E7%A4%BE%E6%AD%A6%E8%94%B5%E9%87%8E%E3%83%A6%E3%83%8B%E3%83%95%E3%82%A9%E3%83%BC%E3%83%A0,,
MUZICAVITA,https://store.rayzcloset.jp/,store.rayzcloset.jp,,https://thebase.com/inquiry/rayzcloset,form,B,tigs101,,,
（株）ムトウユニパック,https://www.mutoh-u.co.jp/,mutoh-u.co.jp,saiyou@mutoh-u.co.jp,https://www.mutoh-u.co.jp/inquiry/,none,A,tigs101;tigs101_v2,https://www.mutoh-u.co.jp/,,
（有）村井染工場,https://edogawanavi.jp/monodukuri/kigyo/f1_murai.html,edogawanavi.jp,edogawa@edogawanavi.jp,https://edogawanavi.jp/search/,none,A,tigs101;tigs101_v2,https://edogawanavi.jp/monodukuri/kigyo/f1_murai.html,,
MURAO,https://www.murao.com/,murao.com,murao@corp.jp,https://www.murao.com/aboutus/contact.php,none,A,tigs101;tigs101_v2,https://www.murao.com/,,1
村上パイル（株）,https://m-pile.jp/,m-pile.jp,abcd@xxx.jp,https://m-pile.jp/contact.html,none,A,tigs101;tigs101_v2,https://m-pile.jp/,,1
メイア ファボリ,https://www.meilleur-favori.com/,meilleur-favori.com,mimura@meilleur-favori.com,,email,A,tigs101,,,
Makeblock Japan（株）,https://www.incom.co.jp/corporation/top.php?company_id=13100,incom.co.jp,rs@incom.co.jp,https://www.incom.co.jp/corporation/business_contact.php?company_id=13100,none,A,tigs101;tigs101_v2,https://www.incom.co.jp/corporation/top.php?company_id=13100,,
（株）明和窯金陶苑,https://www.kintouen.co.jp/,kintouen.co.jp,info@kintouen.co.jp,https://www.utsuwatatara.com/shop/shopbrand.html,none,A,tigs101;tigs101_v2,https://www.kintouen.co.jp/,,
「めぐる、手漉紙。」／コトブキ印刷,https://meguru-tesukigami.com/,meguru-tesukigami.com,,https://meguru-tesukigami.com/search,none,B,tigs101;tigs101_v2,,,
maison de mer,https://maisondemer.thebase.in/,maisondemer.thebase.in,,https://thebase.com/inquiry/maisondemer,form,B,tigs101,,,
metalyst,https://metalyst.jp/,metalyst.jp,,https://metalyst.jp/contact/,none,B,tigs101;tigs101_v2,,,
メタルバッジ,https://www.kayoh-tech.jp/metalbadge/,kayoh-tech.jp,,https://www.kayoh-tech.jp/contact/,form,B,tigs101,,,
（株）メディアパートメント,https://masakazusugino.com/about-us/,masakazusugino.com,masakazu.sugino@gmail.com,https://masakazusugino.com/contact-us/,email,A,tigs101,,1,
メビウス×ソニー・クリエイティブプロダクツ,https://www.scp.co.jp/,scp.co.jp,,https://www.scp.co.jp/contact,form,B,tigs101,,,
（有）メモリアルプラザたけや,http://mptakeya.co.jp/,mptakeya.co.jp,mail@mptakeya.co.jp,https://mptakeya.co.jp/contact/,none,A,tigs101;tigs101_v2,https://mptakeya.co.jp/,,
（株）メルシー,https://www.merci-net.co.jp/,merci-net.co.jp,support@rushrun.co.jp,https://www.merci-net.co.jp/support.php#contact,none,A,tigs101;tigs101_v2;lifestyle_880021;lifestyle_880026;fgs2025,https://www.merci-net.co.jp/,,1
モカルル「スマートキャッチャー」,https://newscast.jp/news/6982212,newscast.jp,support@newscast.jp,https://www.atpress.ne.jp/contact,none,A,tigs101;tigs101_v2,https://newscast.jp/news/6982212,,
木露-mokutsuyu-,https://mokutsuyu.shopselect.net/,mokutsuyu.shopselect.net,,https://thebase.com/inquiry/mokutsuyu-shopselect-net,form,B,tigs101,,,
moku to. by animacolle,https://animacolle.com/collections/moku-to?srsltid=AfmBOorlC7QwEQcXtsgSY_CCEgzJCZRCNNdYa_Uq16FwESyONfqQGO8X,animacolle.com,call-animacolle@nkc-j.co.jp,,email,A,tigs101,,,1
（株）杢美,https://mokuharu.jp/,mokuharu.jp,,https://mokuharu.jp/contact/,none,B,tigs101;tigs101_v2;lifestyle_880021;lifestyle_880026,,,
（株）モック,http://www.mokc.jp/,mokc.jp,,http://www.mokc.jp/contactus/,none,B,tigs101;tigs101_v2,,,
（株）MOTTERU,https://motteru.co.jp/,motteru.co.jp,,https://motteru.co.jp/contact/,form,B,tigs101,,,
モデナ,https://www.carsensor.net/usedcar/bFE/s008/index.html,carsensor.net,kume@truck123.co.jp,https://www.carsensor.net/member/login.html,none,A,tigs101;tigs101_v2,https://www.carsensor.net/usedcar/bFE/s008/index.html,,1
（株）モノファクトリー,http://www.monofactory.co.jp/,monofactory.co.jp,contact@monofactory.co.jp,http://www.monofactory.co.jp/contact.html,none,A,tigs101;tigs101_v2,https://www.monofactory.co.jp/,,
ものものや,https://monomonoya.com/,monomonoya.com,info@web.com,https://monomonoya.com/contact,email,A,tigs101,,,1
moments company,https://www.momentscompany.com/,momentscompany.com,info@momentscompany.com,,email,A,tigs101,,,
森川ゴム工業所,https://maruryo.com/,maruryo.com,info@maruryo.com,,none,A,tigs101;tigs101_v2,https://maruryo.com/,,
（株）森銀器製作所,https://moriginki.co.jp/,moriginki.co.jp,info@moriginki.co.jp,https://moriginki.co.jp/contact/,none,A,tigs101;tigs101_v2;ilt_direct,messe_frankfurt_exhibitor_api,,
（株）森三,https://www.morisun.net/,morisun.net,morisun@cty-net.ne.jp,,email,A,tigs101,,,1
もりさん 京都・西陣織,https://www.mori-san.com/,mori-san.com,mail_info@mori-san.com,https://www.mori-san.com/contact/,none,A,tigs101;tigs101_v2,https://www.mori-san.com/,,
森製綿所,https://moriseimenjo.com/,moriseimenjo.com,,https://moriseimenjo.com/inquiry/,none,B,tigs101;tigs101_v2,,,
（株）MORITA,https://morita.world/,morita.world,ex.moritaworld@gmail.com,https://morita.world/,none,A,tigs101;tigs101_v2,https://morita.world/,1,
守田漆器（株）,https://urusi.jp/,urusi.jp,,https://urusi.jp/contact/,none,B,tigs101;tigs101_v2,,,
森乃手仕事家,https://morinoteshigotoya.com/,morinoteshigotoya.com,info@morinoteshigotoya.com,https://morinoteshigotoya.com/contact/,none,A,tigs101;tigs101_v2,https://morinoteshigotoya.com/,,
森秀織物（株）,https://morihide.jp/,morihide.jp,morihidetextile@gmeil.com,https://morihide.jp/contact.php,none,A,tigs101;tigs101_v2,https://morihide.jp/,,1
森本産業（株）,https://www.morimotosangyo.co.jp/,morimotosangyo.co.jp,,https://www.morimotosangyo.co.jp/contact/,none,B,tigs101;tigs101_v2;lifestyle_880021,,,
森本物産（株）,https://moributsu.co.jp/,moributsu.co.jp,info@moributsu.co.jp,,email,A,tigs101,,,
守山商工会議所,https://moriyama-cci.or.jp/,moriyama-cci.or.jp,info@moriyama-cci.or.jp,https://moriyama-cci.or.jp/footermenu/inquiry/,email,A,tigs101;cci,,,
MOLZA美の紙工房（株）,https://www.molza.net/,molza.net,,,none,none,tigs101;tigs101_v2,,,
モルトアイス,https://maltice.jp/,maltice.jp,info@maltice.jp,https://maltice.jp/shop/customers/sign_in?customer_return_to=%2Flp?u=maltice_lp02_organic%26at=lp-form&on_failure_return_to=%2Flp?u=maltice_lp02_organic%26at=lp-form%26dv=login,none,A,tigs101;tigs101_v2,https://maltice.jp/,,
（株）モンブラン,https://mont.jp/,mont.jp,info@mont.jp,https://mont.jp/contact/,email,A,tigs101,,,
（株）YARD,https://www.yard-inc.com/,yard-inc.com,,https://www.yard-inc.com/contact,none,B,tigs101;tigs101_v2,,,
八木兵（株） カウメリ,https://caumeri.com/,caumeri.com,support@caumeri.com,https://caumeri.com/inquiry/note,email,A,tigs101,,,
やさしいノート,https://kakehashinote.stores.jp/items/64feca83816e61002aacfd63,kakehashinote.stores.jp,,,none,none,tigs101;tigs101_v2,,,
（株）ヤブシタ,https://www.yabushita-kikai.co.jp/,yabushita-kikai.co.jp,,https://www.yabushita-kikai.co.jp/contact,none,B,tigs101;tigs101_v2,,,
（株）ヤベツジャパン,https://www.jabez.jp/,jabez.jp,info@jabez.jp,,email,A,tigs101,,,
（株）山家漆器店,https://www.prinmail.com/,prinmail.com,yamaga-shikki@prinmail.com,https://www.prinmail.com/contact,none,A,tigs101;tigs101_v2,https://www.prinmail.com/,,
（一社）山形県国際経済振興機構,https://www.pref.yamagata.jp/110010/sangyo/shokogyo/kaigai/kikou.html,pref.yamagata.jp,,https://www.pref.yamagata.jp/search/result.html,none,B,tigs101;tigs101_v2,,,
ヤマカ陶料（株）,https://www.ymk-toryo.co.jp/,ymk-toryo.co.jp,,https://www.ymk-toryo.co.jp/%E3%81%8A%E5%95%8F%E3%81%84%E5%90%88%E3%82%8F%E3%81%9B/,none,B,tigs101;tigs101_v2,,,
（株）ヤマキイカイ,https://www.yamakiikai.co.jp/,yamakiikai.co.jp,,https://www.yamakiikai.co.jp/contact,none,B,tigs101;tigs101_v2,,,
山岸和紙店,https://washism.com/,washism.com,,,email,none,tigs101,,,
ヤマコー（株）,https://yamaco.jp/,yamaco.jp,fuu39g67k72r64l0o8tddb7uu4@group.calendar.google.com,https://yamaco.jp/contact,none,A,tigs101;tigs101_v2;oigs67;fgs2025;ilt_direct;ilt_v2,https://yamaco.jp/,,1
山﨑内装工業（株）,https://yamazaki-naisou.com/,yamazaki-naisou.com,,https://yamazaki-naisou.com/inquiry,none,B,tigs101;tigs101_v2,,,
（有）山崎又一商店,https://www.yamazaki-mataichi.com/,yamazaki-mataichi.com,,https://www.yamazaki-mataichi.com/contact/,none,B,tigs101;tigs101_v2,,,
（株）ヤマサン,https://www.yamasancorp.com/,yamasancorp.com,yamasan@yamasan.com,https://www.yamasancorp.com/type019_forms/post/1/form/0//#Block7_1,none,A,tigs101;tigs101_v2,https://www.yamasancorp.com/,,1
やまじ農園,https://www.ginzuru.jp/corporate.html,ginzuru.jp,y-nouen77@outlook.jp,,email,A,tigs101,,1,
（株）山神,https://hotate-yamajin.co.jp/,hotate-yamajin.co.jp,info@hotate-yamajin.co.jp,https://hotate-yamajin.co.jp/contact,none,A,tigs101;tigs101_v2;dainipponichi,https://hotate-yamajin.co.jp/,,
（株）ヤマタネ 常滑焼,https://www.yamataneshop.com/,yamataneshop.com,info.yamatane@gmail.com,,email,A,tigs101,,1,
山田英夫商店,https://www.takefuhamono.jp/shoplist/184,takefuhamono.jp,info@kkyamada.com,,email,A,tigs101,,,1
（有）山田木工所,https://yamadamokkou.com/,yamadamokkou.com,info@yamadamokkou.com,,email,A,tigs101,,,
山次製紙所,https://yamatsugi-seishi.com/,yamatsugi-seishi.com,info@yamatsugi-seishi.com,,email,A,tigs101,,,
ヤマトエスロン（株）,https://yamato-esulon.co.jp/,yamato-esulon.co.jp,,https://yamato-esulon.co.jp/contact/,none,B,tigs101;tigs101_v2,,,
（有）山中紙工所,http://www.yamanaka-shikosho.com/,yamanaka-shikosho.com,yamanaka.shikosho@gmail.com,,email,A,tigs101,,1,
山中漆器・山中商工会,https://yamanaka.shoko.or.jp/,yamanaka.shoko.or.jp,,https://shoko.or.jp/contact/sci/yamanaka/,none,B,tigs101;tigs101_v2,https://yamanaka.shoko.or.jp/,,
（株）山二,https://www.yamani-grp.com/,yamani-grp.com,,https://www.yamani-grp.com/contact/index.html,none,B,tigs101;tigs101_v2,,,
（株）ヤマニパッケージ,https://yamani-p.com/,yamani-p.com,,https://yamani-p.com/contact/,none,B,tigs101;tigs101_v2;oigs67,,,
ヤマハチケミカル（株）,https://yamahachi-chemical.co.jp/,yamahachi-chemical.co.jp,yamahachi@xxxx.com,https://yamahachi-chemical.co.jp/contact/,email,A,tigs101,,,1
（株）ヤマムラ,https://yj-co.com/,yj-co.com,,https://yj-co.com/contact/,none,B,tigs101;tigs101_v2,,,
（株）山本仁商店,https://www.yamamotojin.com/,yamamotojin.com,,https://www.yamamotojin.com/contact/,none,B,tigs101;tigs101_v2,,,
山本洋品雑貨（株）,http://ymg.co.jp/,ymg.co.jp,info@ymg.co.jp,http://ymg.co.jp/?page_id=580#wpcf7-f582-o1,none,A,tigs101;tigs101_v2,http://ymg.co.jp/,,
（株）山佳化成,https://yamayoshikasei.com/,yamayoshikasei.com,yamayoshi@peace.ocn.ne.jp,https://yamayoshikasei.com/contact,none,A,tigs101;tigs101_v2;omotenashi;fgs2025,https://yamayoshikasei.com/,,1
八女仏壇,https://yamebutsudan.or.jp/,yamebutsudan.or.jp,info@yamebutsudan.or.jp,https://yamebutsudan.or.jp/contact,email,A,tigs101,,,
（株）ユアーショップ,https://your-shop.info/?srsltid=AfmBOootiW_XKRD9o8B9_LjkVDnfp02ZmiUIYTPLECo_t8ZCgRj50556,your-shop.info,,https://your-shop.info/contact,none,B,tigs101;tigs101_v2;oigs67,,,
YOURSARMYWORLD,http://yoursarmyworld.co.jp/,yoursarmyworld.co.jp,kuroki@yoursarmyworld.co.jp,,none,A,tigs101;tigs101_v2;lifestyle_880021;lifestyle_880026;ilt_direct;ilt_v2,http://yoursarmyworld.co.jp/,,
ゆいまーる沖縄（株）,https://utaki.co.jp/,utaki.co.jp,info@utaki.co.jp,,email,A,tigs101,,,
U INCENSE,https://u-incense.com/,u-incense.com,,https://u-incense.com/contact/,none,B,tigs101;tigs101_v2,,,
ユーカリブルー「香りで相談室」,https://eb8p.net/,eb8p.net,eb8p.aroma@gmail.com,https://eb8p.net/,none,A,tigs101;tigs101_v2,https://eb8p.net/,1,
（株）ユーコ企画,https://gunmart.shop-pro.jp/?mode=f1,gunmart.shop-pro.jp,shop@gunmart.shop-pro.jp,https://gunmart.shop-pro.jp/,none,A,tigs101;tigs101_v2,https://gunmart.shop-pro.jp/?mode=f1,,
（株）ユージン,https://ujin-net.com/,ujin-net.com,osaka@ujin-net.com,http://ujin-net.com/wp/contact/,none,A,tigs101;tigs101_v2;oigs67,https://ujin-net.com/,,
（株）ユース,https://www.yus.co.jp/,yus.co.jp,,,none,none,tigs101;tigs101_v2,,,
（株）友膳,https://you-zen.co.jp/,you-zen.co.jp,info@you-zen.biz,,email,A,tigs101,,,1
Utukky,https://utukky.jp/collections/all?srsltid=AfmBOoqiSgqusPAWmRzxfseU97V2p-oP6F1R7CXbkLoW084pQa3hjFKf,utukky.jp,info@utukky.com,https://utukky.jp/pages/new-contact,none,A,tigs101;tigs101_v2,https://utukky.jp/collections/all?srsltid=AfmBOoqiSgqusPAWmRzxfseU97V2p-oP6F1R7CXbkLoW084pQa3hjFKf,,1
（株）釉陶,https://e-nendo.com/,e-nendo.com,seido@e-nendo.com,,email,A,tigs101,,,
（株）ユーパワー,https://u-power.jp/,u-power.jp,name@u-power.co.jp,https://u-power.jp/inquiry/,none,A,tigs101;tigs101_v2,https://u-power.jp/,,1
（株）優文,http://ybcn.jp/,ybcn.jp,music@ybcn.jp,https://ybcn.jp/smarty/demo/search.php,none,A,tigs101;tigs101_v2,http://ybcn.jp/,,
悠々庵／（有）吉創庵,https://youyouang.co.jp/ja/company/,youyouang.co.jp,info@youyouang.com,,email,A,tigs101,,,1
（株）優良國際,https://yuryo-kokusai.co.jp/,yuryo-kokusai.co.jp,lffdirect@yuryo-kokusai.co.jp,,none,A,tigs101;tigs101_v2,https://yuryo-kokusai.co.jp/,,
ure（同）,https://www.reddit.com/r/ENGLISH/comments/183ovi4/pronouncing_words_using_the_ure_sound/?tl=ja,reddit.com,,https://www.reddit.com/r/ENGLISH/comments/183ovi4/pronouncing_words_using_the_ure_sound/,none,B,tigs101;tigs101_v2,,,
ユーロポート（株）,https://europort.jp/?srsltid=AfmBOooaj_ZWv4EUvNVktEtZlrGNXZAgevSYS_g1VxPywlEBwulho_wu,europort.jp,,https://europort.jp/inquiry_support,none,B,tigs101;tigs101_v2,,,
yukino,https://www.yukinoshop.com/,yukinoshop.com,,https://thebase.com/inquiry/getumenlabo,form,B,tigs101,,,
ゆざわ小町商工会,https://yuzawakomati.com/,yuzawakomati.com,,https://yuzawakomati.com/?post_type=member,none,B,tigs101;tigs101_v2,,,
（有）湯島アート,https://yushima-art.co.jp/,yushima-art.co.jp,info@yushima-art.co.jp,https://yushima-art.co.jp/contact,none,A,tigs101;tigs101_v2;ilt_direct,messe_frankfurt_exhibitor_api,,
ユタカメイク ヘルスケアシリーズ,https://www.yutakamake-hk.com/,yutakamake-hk.com,info-e@yutakamake.co.jp,,email,A,tigs101,,,1
ユニバーサルエージェント（株）,http://www.universalagent.co.jp/,universalagent.co.jp,,http://www.universalagent.co.jp/contact/,none,B,tigs101;tigs101_v2,,,
夢工房,https://m.site777.jp/f/D0100.do?pmc=03032004,m.site777.jp,spchange-528718748-67164907@pn.d-deltanet.com,https://m.site777.jp/f/D0100.do?pmc=03032004,none,A,tigs101;tigs101_v2,https://m.site777.jp/f/D0100.do?pmc=03032004,,1
ゆめじん（有）,https://www.yumejin.jp/Page/company-profile.aspx,yumejin.jp,,https://www.yumejin.jp/Form/Inquiry/InquiryInput.aspx,form,B,tigs101,,,
（株）ユメミグサ,https://umemigusa.com/,umemigusa.com,,https://umemigusa.com/%E3%81%8A%E5%95%8F%E3%81%84%E5%90%88%E3%82%8F%E3%81%9B/#wpcf7-f2059-p2079-o1,none,B,tigs101;tigs101_v2,,,
（株）夢み屋,https://yumemiya.co.jp/,yumemiya.co.jp,,https://yumemiya.co.jp/contact/,none,B,tigs101;tigs101_v2;omotenashi,,,
YOJOTAPE ＋9P,https://www.yojotape.com/info/3935,yojotape.com,info@yojotape.com,,email,A,tigs101,,,
ヨコズナクリエーション（株）,https://www.yokozuna-cre.jp/,yokozuna-cre.jp,,https://www.yokozuna-cre.jp/contact/index.php,form,B,tigs101,,,
（有）ヨコタウッドワーク,https://yokotanodesk.com/,yokotanodesk.com,,https://yokotanodesk.com/slidew/,none,B,tigs101;tigs101_v2,,,
横浜マテリアル（株）,https://www.ymart.co.jp/,ymart.co.jp,,https://www.ymart.co.jp/contact/,none,B,tigs101;tigs101_v2,,,
（有）吉岡刃物製作所,https://www.yoshioka-hamono.com/,yoshioka-hamono.com,info@shokuninstore.com,https://www.yoshioka-hamono.com/contact.html,none,A,tigs101;tigs101_v2,https://www.yoshioka-hamono.com/,,1
（有）芳貴製作所,https://rugoods.jp/company06/,rugoods.jp,,https://rugoods.jp/contact/,none,B,tigs101;tigs101_v2,,,
（株）ヨシダ,https://www.yoshida-dental.co.jp/,yoshida-dental.co.jp,saiyo@yoshida-dental.co.jp,https://www.yoshida-dental.co.jp/contact,none,A,tigs101;tigs101_v2,https://www.yoshida-dental.co.jp/,,
ヨシダ検品（株）,http://www.hqtsgroup.jp/,hqtsgroup.jp,inquiry.jp@hqts.com,http://www.hqtsgroup.jp/contact-us,email,A,tigs101;lifestyle_880021,,,1
吉田産業（株）,https://www.yoshidasangyo.com/,yoshidasangyo.com,,,none,none,tigs101;tigs101_v2,,,
よしださんち。,https://yoshidasanchi.com/,yoshidasanchi.com,staff@yoshidasanchi.com,https://yoshidasanchi.com/index.php#Contact,none,A,tigs101;tigs101_v2,https://yoshidasanchi.com/,,
吉辰商店,http://yoshitatsu.net/,yoshitatsu.net,yositatu@kcn.ne.jp,http://www.kcn.ne.jp/cgi-bin/kcnform/fmail.cgi,none,A,tigs101;tigs101_v2,http://yoshitatsu.net/,,1
吉谷木工所,https://yoshitani-sanbou.com/,yoshitani-sanbou.com,info@yoshitani-sanbou.com,https://yoshitani-sanbou.com/wp-content/themes/%5B001%5Dyositani/form/send.cgi,none,A,tigs101;tigs101_v2,https://yoshitani-sanbou.com/,,
（株）吉徳,https://www.yoshitoku.co.jp/company,yoshitoku.co.jp,koho@yoshitoku.co.jp,,email,A,tigs101,,,
義春刃物(株),https://yoshiharu-h.xsrv.jp/,yoshiharu-h.xsrv.jp,,,none,none,tigs101;tigs101_v2,,,
（株）吉美商事,http://yosimi-sinen.co.jp/,yosimi-sinen.co.jp,jimei197955@gmail.com,http://yosimi-sinen.co.jp/index.php,none,A,tigs101;tigs101_v2;lifestyle_880021,http://yosimi-sinen.co.jp/,1,
（株）四津井,https://www.douzou-yotsui.com/,douzou-yotsui.com,,https://www.douzou-yotsui.com/contact,none,B,tigs101;tigs101_v2;omotenashi,,,
よもぎ蒸し専科POT,https://www.salon-pot.jp/,salon-pot.jp,,https://www.salon-pot.jp/contact/#access,none,B,tigs101;tigs101_v2,,,
Yolni,https://yolni.jp/,yolni.jp,,https://yolni.us17.list-manage.com/subscribe/post?u=0a39466a4ef151cd2d8a9e879&id=19e90b96b1,none,B,tigs101;tigs101_v2,,,
RATEL,https://ratel.games/,ratel.games,,,none,none,tigs101;tigs101_v2,,,
Ram Trading Japan,https://ramtrading.jp.net/,ramtrading.jp.net,rtj@email.plala.or.jp,,none,A,tigs101;tigs101_v2,https://ramtrading.jp.net/,,1
（有）ライ・イン・ストーン,https://www.laiinstone.com/,laiinstone.com,,https://www.laiinstone.com/contact,none,B,tigs101;tigs101_v2,,,
（一社）ライセンシングインターナショナルジャパン,https://licensing.or.jp/,licensing.or.jp,info@licensing.or.jp,https://licensing.or.jp/inquiry/,none,A,tigs101;tigs101_v2,https://licensing.or.jp/,,
（株）ライトスタッフ,https://www.right-net.co.jp/,right-net.co.jp,toiawase@right-net.co.jp,https://www.right-net.co.jp/contact.html,none,A,tigs101;tigs101_v2,https://www.right-net.co.jp/,,
ライフオンプロダクツ（株）,https://lifeonproducts.co.jp/,lifeonproducts.co.jp,,https://lifeonproducts.co.jp/contact,none,B,tigs101;tigs101_v2,,,
RIFLE PAPER CO.,https://www.fredelig.jp/?mode=grp&gid=1402507,fredelig.jp,support@fredelig.jp,,email,A,tigs101,,,
LIFELONG（株）,https://lifelong.co.jp/,lifelong.co.jp,,https://studio.design/?utm_source=/contact&utm_medium=STUDIO%20Banner&utm_campaign=STUDIO%20Banner,form,B,tigs101,,,
line-R／（株）丸進,http://line-r.jp/,line-r.jp,,http://line-r.jp/,none,B,tigs101;tigs101_v2,,,
（株）ラヴィングジャパン,https://www.lovingjapan.net/,lovingjapan.net,,https://www.lovingjapan.net/contact.html,none,B,tigs101;tigs101_v2,,,
LaQ（ラキュー）／ヨシリツ（株）,http://www.yoshiritsu.com/LaQ.html,yoshiritsu.com,support@yoshiritsu.com,http://www.yoshiritsu.com/corp_contact.html,none,A,tigs101;tigs101_v2,http://www.yoshiritsu.com/LaQ.html,,
Lakshimi,https://www.lakshimi.online/?srsltid=AfmBOorNN4nvoKxRP_89ZBjiLzuL42BTIJpXRf-ZqXuJXGlc-0NVKC_r,lakshimi.online,nbqxy@ujtbqrvr.sy,https://www.lakshimi.online/?srsltid=AfmBOorNN4nvoKxRP_89ZBjiLzuL42BTIJpXRf-ZqXuJXGlc-0NVKC_r#makeshop-common-contact-url,none,A,tigs101;tigs101_v2,https://www.lakshimi.online/?srsltid=AfmBOorNN4nvoKxRP_89ZBjiLzuL42BTIJpXRf-ZqXuJXGlc-0NVKC_r,,1
ラッキー工業（株）,https://lucky-industries.jp/,lucky-industries.jp,nennelatte.jp@modu.jp,,email,A,tigs101,,,1
ラバースタンプコレクション,https://www.tokyo-seihan.co.jp/,tokyo-seihan.co.jp,,https://www.tokyo-seihan.co.jp/contact,none,B,tigs101;tigs101_v2,,,
（有）ラ・パレット,https://www.lapalette.jp/,lapalette.jp,info@lapalette.jp,https://www.lapalette.jp/contact/,email,A,tigs101,,,
（株）ラビット／AXCIS,https://www.rabbit-bag.com/onlinestore/,rabbit-bag.com,info@sub.rabbit-bag.com,https://www.rabbit-bag.com/contact/,none,A,tigs101;tigs101_v2,https://www.rabbit-bag.com/onlinestore/,,
La Fabrique CREVON,https://lfcrevon.com/,lfcrevon.com,info@lfcrevon.com,,email,A,tigs101,,,
（株）ラブ・ラボ,https://www.rub-lab.com/,rub-lab.com,info@rub-lab.com,https://www.rub-lab.com/request/contact/,email,A,tigs101;lifestyle_880021,,,
（株）ラボシステム,https://labosystem.net/,labosystem.net,labosystem4214@gmail.com,,email,A,tigs101;lifestyle_880021;lifestyle_880026,,1,
LA MINAH BOUTIQUE,https://laminah.company.site/ja/,laminah.company.site,laminahboutique@gmail.com,,email,A,tigs101,,1,
Lallia Mu,https://lallia-mu.com/?srsltid=AfmBOop4fm7neW2NCn40pYzdcpJPwdLHhHexsYA-BFQr6jtOzIAkUHz3,lallia-mu.com,info@lallia-mu.jp,https://lallia-mu.com/pages/contact/,none,A,tigs101;tigs101_v2,https://lallia-mu.com/?srsltid=AfmBOop4fm7neW2NCn40pYzdcpJPwdLHhHexsYA-BFQr6jtOzIAkUHz3,,1
（株）ラルジュ,http://kk-large.co.jp/,kk-large.co.jp,kobayashi@kk-large.co.jp,http://kk-large.co.jp/contact/,none,A,tigs101;tigs101_v2,http://kk-large.co.jp/,,
（株）ラングスジャパン,https://www.rangsjapan.co.jp/,rangsjapan.co.jp,support@rangsjapan.co.jp,,none,A,tigs101;tigs101_v2,https://www.rangsjapan.co.jp/,,
ranto,https://sheena.ranran.co.jp/ranto/,sheena.ranran.co.jp,info@ranran.co.jp,https://sheena.ranran.co.jp/ranto/contact/,none,A,tigs101;tigs101_v2,https://sheena.ranran.co.jp/ranto/,,1
（有）ランニングメイトサービス,https://polepolefactory.com/,polepolefactory.com,hp-contact@polepolefactory.com,,email,A,tigs101,,,
ランパス（株）,https://lampas.jp/,lampas.jp,info@lampas.jp,https://lampas.jp/contact/,none,A,tigs101;tigs101_v2,https://lampas.jp/,,
Reach Will魔法瓶（株）,https://reach-will.com/,reach-will.com,,https://reach-will.com/contact/,none,B,tigs101;tigs101_v2;lifestyle_880021,,,
（株）リード,https://www.lead.co.jp/,lead.co.jp,,https://www.lead.co.jp/contact,form,B,tigs101,,,
Levi's®,https://levi.jp/?srsltid=AfmBOoocYRo1BuS6UO_ToPurrME65Lj-HWxc0zVWZiO1cd5m9kIi01Ja,levi.jp,,https://levi.jp/search,none,B,tigs101;tigs101_v2,https://levi.jp/?srsltid=AfmBOoocYRo1BuS6UO_ToPurrME65Lj-HWxc0zVWZiO1cd5m9kIi01Ja,,
（株）リーブコーポレーション,https://lieb.co.jp/,lieb.co.jp,,https://lieb.co.jp/type019-forms/post/1/form/0?step=form&type_no=0&url=pages/5/#section-list,none,B,tigs101;tigs101_v2,,,
RieGlassGarden,https://aji-glass.jp/,aji-glass.jp,mail@aji-glass.jp,,email,A,tigs101,,,
（株）リオグループホールディングス,https://rio-jp.com/,rio-jp.com,info@rio.co.jp,https://rio-jp.com/recruit/sys/#wpcf7-f2418-p2415-o1,none,A,tigs101;tigs101_v2,https://rio-jp.com/,,1
リカシツ（株）,http://www.rikashitsu.jp/profile.html,rikashitsu.jp,rikashitsu.workshop@gmail.com,https://www.rikashitsu.jp/contact.html,none,A,tigs101;tigs101_v2,https://www.rikashitsu.jp/profile.html,1,
リス（株）,https://www.risu.co.jp/group/company/risu/,risu.co.jp,jinji@risu.co.jp,https://www.risu.co.jp/contact/,none,A,tigs101;tigs101_v2,https://www.risu.co.jp/group/company/risu/,,
RI-CO,https://the-continue.com/comcept/,the-continue.com,info@the-continue.com,https://the-continue.com/contact/,email,A,tigs101,,,
立風製陶（株）,https://rippu.com/,rippu.com,gifu@rippu.com,https://rippu.com/contact/,email,A,tigs101,,,
リトルプリンセス,https://eiga.com/movie/50674/,eiga.com,,https://eiga.com/help/contact/?report_target=6127337&report_type=eiga_review,none,B,tigs101;tigs101_v2,,,
renew,https://renew-career.com/,renew-career.com,contact@renew-career.com,https://renew-career.com/contact,email,A,tigs101,,,
（株）リブインコンフォート,https://liveincomfort.co.jp/,liveincomfort.co.jp,info@liveincomfort.co.jp,https://liveincomfort.co.jp/contact/?customers=%E6%B3%95%E4%BA%BA%E3%81%AE%E3%81%8A%E5%AE%A2%E6%A7%98&category-corporate=WEB%E3%82%AB%E3%82%BF%E3%83%AD%E3%82%B0%E8%AB%8B%E6%B1%82,none,A,tigs101;tigs101_v2,https://liveincomfort.co.jp/,,
（株）りぶはあと,https://livheart.jp/,livheart.jp,m.konuma@livheart.co.jp,https://livheart.jp/shop/shopbrand.html,none,A,tigs101;tigs101_v2;lifestyle_880021,https://livheart.jp/,,1
リブミンピ（株）,https://www.ribumimpi.com/,ribumimpi.com,info@ribumimpi.com,,email,A,tigs101,,,
（株）リベロワールド,http://www.libero-w.co.jp/,libero-w.co.jp,info@libero-w.co.jp,http://www.libero-w.co.jp/shop/login.php,none,A,tigs101;tigs101_v2,http://www.libero-w.co.jp/,,
Repose／TAKAHASHI SEKIZAI,https://www.instagram.com/p/DUPVklrD4u0/,instagram.com,info@seikoyoshimura.com,,none,A,tigs101;tigs101_v2;oigs67;twf2025;lifestyle_880021;cci;cci_v2;omotenashi;satofull;dainipponichi;ilt_direct,messe_frankfurt_exhibitor_api,,1
リボントレーディング（株）,https://ribbontrading.com/,ribbontrading.com,,https://ribbontrading.com/#contact,none,B,tigs101;tigs101_v2,,,
（株）LeMix,https://www.lemix.co.jp/,lemix.co.jp,,https://www.lemix.co.jp/contact,none,B,tigs101;tigs101_v2,,,
（株）リメイユ,http://rimeiue.co.jp/,rimeiue.co.jp,,http://rimeiue.co.jp/contact/,none,B,tigs101;tigs101_v2,,,
琉球びんがた事業協同組合,http://www.ryukyu-bingata.com/,ryukyu-bingata.com,ryubi@woody.ocn.ne.jp,,email,A,tigs101,,,1
寝つきがよくなる寝具「pasima®」の龍宮（株）,https://pasima.com/,pasima.com,,https://pasima.com/contact,form,B,tigs101,,,
龍田貿易（株）,http://ryuuden.co.jp/,ryuuden.co.jp,,http://ryuuden.co.jp/contact,none,B,tigs101;tigs101_v2,,,
lilia,https://liliapottery.stores.jp/,liliapottery.stores.jp,,,none,none,tigs101;tigs101_v2,,,
LILO+LILY,https://privemaison.com/collections/lilou-lily?srsltid=AfmBOoq6Mls-b8o1MnrF-4KZFbKFd1mOGV_fboJ5juSv5Wcml99sSGaL,privemaison.com,shop@localmaison.com,https://privemaison.com/pages/inquiry,none,A,tigs101;tigs101_v2,https://privemaison.com/collections/lilou-lily?srsltid=AfmBOoq6Mls-b8o1MnrF-4KZFbKFd1mOGV_fboJ5juSv5Wcml99sSGaL,,1
（株）リンケージジャパン,https://www.linkage-j.com/,linkage-j.com,,https://www.linkage-j.com/contact/,none,B,tigs101;tigs101_v2,,,
"Louis Co., Ltd. Harajuku.",https://acc.louis-nouvelle.com/,acc.louis-nouvelle.com,tanaka-r@louis-nouvelle.com,https://acc.louis-nouvelle.com/contact/,none,A,tigs101;tigs101_v2,https://acc.louis-nouvelle.com/,,1
（株）Luna,https://luna-company.com/,luna-company.com,info@luna-matching.com,,none,A,tigs101;tigs101_v2,https://luna-company.com/,,1
（株）LE FOON,https://www.lefoon.jp/,lefoon.jp,service@lefoon.jp,,email,A,tigs101;oigs67;ilt_direct,,,
Leapepe,https://www.aming.co.jp/c/amingbaby/babybrand/leapepe,aming.co.jp,a.netshop@aming.co.jp,https://www.aming.co.jp/contact,none,A,tigs101;tigs101_v2,https://www.aming.co.jp/c/amingbaby/babybrand/leapepe,,
（株）レイアウト,https://www.layout.co.jp/,layout.co.jp,,https://www.layout.co.jp/contact/,none,B,tigs101;tigs101_v2,,,
Rays Farm,https://raysfarm.jp/,raysfarm.jp,nikoniko.raysfarm@gmail.com,https://raysfarm.jp/question/#wpcf7-f67-p208-o2,none,A,tigs101;tigs101_v2,https://raysfarm.jp/,1,
Leshy forest,https://leshyforest.jp/,leshyforest.jp,info@leshyforest.jp,,email,A,tigs101,,,
レザーシティジャパン（株）,http://www.leathercity.co.jp/,leathercity.co.jp,ubbox1026@gmail.com,http://www.leathercity.co.jp/%E3%81%8A%E5%95%8F%E3%81%84%E5%90%88%E3%82%8F%E3%81%9B/,none,A,tigs101;tigs101_v2,http://www.leathercity.co.jp/,1,
LEATHERECTION,https://leatherection.com/,leatherection.com,admin@leatherection.com,https://leatherection.com/contact/,none,A,tigs101;tigs101_v2,https://leatherection.com/,,
（株）レッツラッピング,https://www.lets-wrapping.jp/,lets-wrapping.jp,info@sasagawa-brand.co.jp,https://www.lets-wrapping.jp/,none,A,tigs101;tigs101_v2,https://www.lets-wrapping.jp/,,1
（株）レップ,https://rep.co.jp/,rep.co.jp,,https://rep.co.jp/pages/contact,none,B,tigs101;tigs101_v2,,,
（有）レトロバンク,https://www.retrobank.co.jp/,retrobank.co.jp,info@retrobank.co.jp,,email,A,tigs101,,,
RELIVER®,https://www.satofull.jp/products/detail.php?product_id=1613149,satofull.jp,,,none,none,tigs101;tigs101_v2;satofull,,,
（株）REN,https://reninc.jp/,reninc.jp,,https://reninc.jp/contact/,none,B,tigs101;tigs101_v2,,,
レンジメート プロ,https://muk-store.com/lp?u=rangematepro-lp&srsltid=AfmBOoo0bG98SXzIuCxNZlRAxp7n9hQjkFT4W9ujs3hZyFA3xPvwJi77,muk-store.com,support@muk-inc.com,https://muk-store.com/shop/contact,none,A,tigs101;tigs101_v2,https://muk-store.com/lp?u=rangematepro-lp&srsltid=AfmBOoo0bG98SXzIuCxNZlRAxp7n9hQjkFT4W9ujs3hZyFA3xPvwJi77,,1
（株）LENZ DX,https://lenzdx.co.jp/,lenzdx.co.jp,privacy@tohshin.co.jp,https://lenzdx.co.jp/contact/,none,A,tigs101;tigs101_v2,https://lenzdx.co.jp/,,1
（株）ロア,https://roa-estate.com/,roa-estate.com,info@roa-estate.com,https://roa-estate.com/contact/,none,A,tigs101;tigs101_v2,https://roa-estate.com/,,
Loato,https://zozo.jp/brand/loato/?srsltid=AfmBOoojlceBpQRQA2B0OPd8rUPLviPGVhG7iL3nbJxTrsdo-3q6OEKo,zozo.jp,,,none,none,tigs101;tigs101_v2,,,
（株）Raw Create,https://www.rawcreate.net/,rawcreate.net,,,none,none,tigs101;tigs101_v2,,,
ローズピヴォイン（同）,https://rosepivoine.net/,rosepivoine.net,,https://rosepivoine.net/#wpcf7-f69-p46-o1,none,B,tigs101;tigs101_v2,,,
ロータスガーデン,https://e-akane.com/facilities/lotus-garden,e-akane.com,,https://e-akane.com/contact,none,B,tigs101;tigs101_v2,,,
（株）ロータリー・ヒロ,http://www.rotary-hero.co.jp/,rotary-hero.co.jp,info@rotary-hero.co.jp,,email,A,tigs101,,,
ローランド ディー.ジー.（株）,https://www.rolanddg.com/,rolanddg.com,,https://www.rolanddg.com/ja/contact-us,none,B,tigs101;tigs101_v2;fgs2025,,,
（株）ローレル・ジャパン,http://laurel-japan.com/,laurel-japan.com,,http://laurel-japan.com/html/contact.html,none,B,tigs101;tigs101_v2,,,
ログハウスのビックボックス,https://www.fin-bigbox.com/,fin-bigbox.com,info@fin-bigbox.com,https://www.fin-bigbox.com/?page_id=52942,none,A,tigs101;tigs101_v2,https://www.fin-bigbox.com/,,
（株）ロット,https://rot-group.com/,rot-group.com,,https://studio.design/?utm_source=/contact&utm_medium=STUDIO%20Banner&utm_campaign=STUDIO%20Banner,form,B,tigs101,,,
（株）ROBOTIME JAPAN,https://www.robotime.jp/,robotime.jp,service_jp@robotime.com,https://www.robotime.jp/search,none,A,tigs101;tigs101_v2,https://www.robotime.jp/,,1
（株）ロマン,https://www.loman.co.jp/,loman.co.jp,,https://www.loman.co.jp/contact/,none,B,tigs101;tigs101_v2,,,
（株）ワールドエリアネットワークス,https://wan-hiroshima.jp/,wan-hiroshima.jp,,https://wan-hiroshima.jp/contact/,form,B,tigs101,,,
（株）ワールド・クリエイト,https://www.world-create.co.jp/,world-create.co.jp,info@world-create.co.jp,https://www.world-create.co.jp/contact/,none,A,tigs101;tigs101_v2,https://www.world-create.co.jp/,,
（株）ワールドジャパン,https://www.worldjapan.jp/,worldjapan.jp,,https://www.worldjapan.jp/contact/,none,B,tigs101;tigs101_v2,,,
（株）ワールド商事,https://www.fieldpoint.jp/,fieldpoint.jp,info@fieldpoint.jp,,none,A,tigs101;tigs101_v2,https://www.fieldpoint.jp/,,
（有）ワイ・アール・ティ,https://www.shucode.com/,shucode.com,,https://www.shucode.com/contact/,form,B,tigs101,,,
（株）YSC,https://www.y-s-c-co.jp/,y-s-c-co.jp,info@y-s-c-co.jp,https://www.y-s-c-co.jp/contact,none,A,tigs101;tigs101_v2,https://www.y-s-c-co.jp/,,
（有）ワイズスペース,https://ysspace.com/,ysspace.com,ys@ysspace.com,https://ysspace.com/,none,A,tigs101;tigs101_v2,https://ysspace.com/,,
益子焼 わかさま陶芸,https://wakasama-mashiko.com/?srsltid=AfmBOopPwN-tCWjkq3YidWeEuY2c7rgUqqwDqMCdnYzlXDXxdOK13usA,wakasama-mashiko.com,,https://www.wakasama-mashiko.com/shop/shopbrand.html,none,B,tigs101;tigs101_v2,,,
（株）若兆,https://wakacho.net/,wakacho.net,info@wakacho.net,https://wakacho.net/contact,none,A,tigs101;tigs101_v2;omotenashi;ilt_direct;ilt_v2,https://wakacho.net/,,
（公財）わかやま産業振興財団,https://yarukiouendan.or.jp/,yarukiouendan.or.jp,,https://yarukiouendan.or.jp/contact/,none,B,tigs101;tigs101_v2,,,
ワクイ,https://www.kwakui.co.jp/,kwakui.co.jp,shop@kwakui.co.jp,,none,A,tigs101;tigs101_v2,https://www.kwakui.co.jp/,,
和光（株）,https://www.wacohkk.co.jp/,wacohkk.co.jp,,https://www.wacohkk.co.jp/contact.html,none,B,tigs101;tigs101_v2,,,
和光電気（株）,https://www.wako-dnk.co.jp/,wako-dnk.co.jp,,https://www.wako-dnk.co.jp/contact/,none,B,tigs101;tigs101_v2,,,
和光電研商事（株）,https://wakohdenken.co.jp/,wakohdenken.co.jp,,https://wakohdenken.co.jp/contact/,form,B,tigs101,,,
わさびや,https://www.wasabiya.co/,wasabiya.co,wasabiya@zeus.eonet.ne.jp,https://www.wasabiya.co/contact,email,A,tigs101,,,1
和田彫金工房,https://www.wadachoukin.com/,wadachoukin.com,,https://www.wadachoukin.com/contact-4,none,B,tigs101;tigs101_v2,,,
（株）ワタナベ,https://www.wata-nabe.com/,wata-nabe.com,info@wata-nabe.com,https://www.wata-nabe.com/publics/search/,none,A,tigs101;tigs101_v2,https://www.wata-nabe.com/,,
渡辺久七商店,https://watanabe-urushi.com/watanabeq7/,watanabe-urushi.com,watanabe@watanabe-urushi.com,https://watanabe-urushi.com/contact/,none,A,tigs101;tigs101_v2,https://watanabe-urushi.com/watanabeq7/,,
（有）渡辺合金鋳造所,https://waf1937.com/,waf1937.com,mail@waf1937.com,,email,A,tigs101;oigs67;fgs2025,,,
渡部製材所,http://watanabe-sawmill.info/,watanabe-sawmill.info,,http://watanabe-sawmill.info/#contact,none,B,tigs101;tigs101_v2,,,
（株）ワンギフト,https://www.onegift.jp/,onegift.jp,info@onegift.jp,https://www.onegift.jp/main/application2,none,A,tigs101;tigs101_v2,https://www.onegift.jp/,,
1CO FOOD／広川町商工会,https://www.giftshow.co.jp/tigs/101tigs/pdf/list.pdf,giftshow.co.jp,,,none,none,tigs101;tigs101_v2,,,
（株）ONE・STEP,https://www.onestep-baibai.co.jp/,onestep-baibai.co.jp,,https://www.onestep-baibai.co.jp/contact/,none,B,tigs101;tigs101_v2,,,
WANSE,https://www.softbank.jp/support/faq/view/10250,softbank.jp,,https://www.softbank.jp/support/faq/search/,none,B,tigs101;tigs101_v2,,,
（株）ONETREE,https://onetree.co.jp/,onetree.co.jp,,https://onetree.co.jp/contact/,none,B,tigs101;tigs101_v2,,,
（株）わんピース,https://www.onepi.co.jp/,onepi.co.jp,,https://www.onepi.co.jp/contact/,none,B,tigs101;tigs101_v2,,,
アールデザインスタイル,https://rdesignstyle.com/,rdesignstyle.com,,,none,none,oigs67,,,
(有)アイ・シー・アイデザイン研究所,https://www.ici-design.co.jp/,ici-design.co.jp,,https://www.ici-design.co.jp/inquiry/inquiry.html,form,B,oigs67,,,
浅野撚糸(株),https://asanen.co.jp/,asanen.co.jp,shop@airkaol.jp,https://asanen.co.jp/inquiry/,form,A,oigs67;omotenashi,,,1
(株)朝日化成,http://www.kk-asahi-kasei.co.jp/,kk-asahi-kasei.co.jp,,http://www.kk-asahi-kasei.co.jp/contact/,form,B,oigs67,,,
(株)アソポリ,https://www.asopori.co.jp/,asopori.co.jp,info@asopori.co.jp,,email,A,oigs67,,,
アップルーズ,https://a-pelouse.com/,a-pelouse.com,,https://a-pelouse.com/contact/,form,B,oigs67,,,
アトムプリント,https://www.atom-print.com/,atom-print.com,,,none,none,oigs67,,,
(株)EX.あおば クオリティシリーズ事業部,https://quality-series.jp/,quality-series.jp,,https://quality-series.jp/contact/,form,B,oigs67,,,
(株)印友舎,https://inyusha.com/,inyusha.com,,https://inyusha.com/pages/contact,form,B,oigs67,,,
ウェーブクリップス,https://waveclips.jp/,waveclips.jp,,https://waveclips.jp/#contact,form,B,oigs67;ilt_direct;ilt_v2,,,
戎水産(有),http://park5.wakwak.com/~osakana.net/,park5.wakwak.com,,,none,none,oigs67,,,
Evoon,https://www.evoon.store/?srsltid=AfmBOopsDnj1QKLl0H0o5_d4ghz08tZ00wY3QNagWEbx3m73QXmMC6pd,evoon.store,,https://www.evoon.store/?srsltid=AfmBOopsDnj1QKLl0H0o5_d4ghz08tZ00wY3QNagWEbx3m73QXmMC6pd/pages/contact,form,B,oigs67,,,
enko,https://enko.co.jp/,enko.co.jp,,https://enko.co.jp/inquiry/,form,B,oigs67,,,
(株)奥田又右衛門膏本舗,https://geroko.jp/,geroko.jp,netshop1@geroko.jp,,email,A,oigs67,,,
KA-KU 大阪,https://ka-ku.jp/?srsltid=AfmBOoogMBjEXgNlrOMtQFLxu_uIbSKYv88Nq5DuJbxhsPbVANpp5AWW,ka-ku.jp,osaka@ka-ku.jp,,email,A,oigs67,,,
神河町商工会,https://www.kamikawa-scic.jp/,kamikawa-scic.jp,,,none,none,oigs67,,,
嘉美商事(株),https://kamisyoji.co.jp/,kamisyoji.co.jp,,https://kamisyoji.co.jp/contact/,form,B,oigs67,,,
瓦工房YOU家,https://www.kawarakoubou-y.com/,kawarakoubou-y.com,,,none,none,oigs67;lifestyle_880026,,,
韓国ナチュラルセレクトショップ KAKAZOO,https://www.kakazoo.jp/,kakazoo.jp,,,none,none,oigs67,,,
神田印刷工業(株),https://www.kanda-p.co.jp/,kanda-p.co.jp,,https://www.kanda-p.co.jp/contact/,form,B,oigs67,,,
京都シルク(株),https://www.kyotosilk.co.jp/,kyotosilk.co.jp,,https://www.kyotosilk.co.jp/#makeshop-common-contact-url,form,B,oigs67,,,
(株)ケンセン35,https://kensen35.com/,kensen35.com,info@kensen35.com,,email,A,oigs67,,,
ケンプリア(株),https://www.kenpria.com/,kenpria.com,,https://www.kenpria.com/contact/,form,B,oigs67,,,
(公財)高知県産業振興センター,https://www.joho-kochi.or.jp/,joho-kochi.or.jp,,https://req.qubo.jp/joho-kochi/form/inquiry,form,B,oigs67,,,
(株)香寺ハーブ・ガーデン,https://www.koudera-herb.jp/,koudera-herb.jp,,,none,none,oigs67,,,
宏和産業(株),https://www.beads-shop-j4.com/,beads-shop-j4.com,,,none,none,oigs67,,,
(株)こもりコーポレーション,https://www.komori-corp.co.jp/,komori-corp.co.jp,,https://www.komori-corp.co.jp/contact/,form,B,oigs67,,,
サイバール(株),https://www.cyberl.jp/,cyberl.jp,,,none,none,oigs67,,,
(株)サウンドスパイス,https://soundspice.co.jp/wp/,soundspice.co.jp,,https://soundspice.co.jp/wp//contact/,form,B,oigs67,,,
(有)サム企画,https://www.rakuten.co.jp/leather-rin/info.html,rakuten.co.jp,rakuten-videre@the-trk.com,https://ask.step.rakuten.co.jp/inquiry-form/?ms=500&shop_id=424773,form,A,oigs67;lifestyle_880021;satofull,,,1
(株)サンオー 縁起物ふくふく亭,http://www.san-o.co.jp/engimono/,san-o.co.jp,engimono@san-o.co.jp,,email,A,oigs67,,,
(株)三陽‐寧波浩田進出口有限公司,https://www.pref.hiroshima.lg.jp/uploaded/attachment/649746.pdf,pref.hiroshima.lg.jp,,,none,none,oigs67,,,
しまんと百笑かんぱに(株),https://shimantodomeki.localinfo.jp/,shimantodomeki.localinfo.jp,shimantodomekicompany@gmail.com,,email,A,oigs67,,1,
下諏訪商工会議所,https://cci.shimosuwa.nagano.jp/,cci.shimosuwa.nagano.jp,,https://cci.shimosuwa.nagano.jp/contact/,form,B,oigs67;cci,,,
(株)スタジオ・ビーアンドエム,https://www.st-bm.com/,st-bm.com,,https://www.st-bm.com/f-Contact.html#map,form,B,oigs67,,,
STOQue,https://stoque.info/,stoque.info,,https://stoque.info/contact/,form,B,oigs67,,,
スパーク,https://sparkmodel.co.jp/,sparkmodel.co.jp,,,none,none,oigs67,,,
SLICK(株),https://www.slick-inc.jp/,slick-inc.jp,,https://slick-inc.jp/contact/,form,B,oigs67,,,
(有)セントラルパシフィックトレーディング,https://cptjapan.co.jp/,cptjapan.co.jp,,https://cptjapan.co.jp/contact/,form,B,oigs67,,,
せんねん灸発売元 セネファ(株),https://www.sennenq.co.jp/,sennenq.co.jp,,https://www.sennenq.co.jp/contact/,form,B,oigs67,,,
タートルプランニング,https://turtle-planning.com/?cat=2,turtle-planning.com,,,none,none,oigs67,,,
多賀町大滝地域里づくり協議会,https://www.ootaki-svn.net/,ootaki-svn.net,,,none,none,oigs67,,,
高取町商工会,http://www5.kcn.ne.jp/~taka-sho/,www5.kcn.ne.jp,,,none,none,oigs67,,,
チアフル(株),https://cheerful-kaigo.com/,cheerful-kaigo.com,,https://cheerful-kaigo.com/./contact.html,form,B,oigs67,,,
(株)dLab,https://dlab-co.jp/,dlab-co.jp,,https://dlab-co.jp/contact,form,B,oigs67,,,
(株)デコバブー,https://decobaboo.com/,decobaboo.com,,https://decobaboo.com/#contact,form,B,oigs67,,,
デザインストア タカジン,http://artistic-design.jp/,artistic-design.jp,,http://artistic-design.jp/contact/,form,B,oigs67,,,
(株)TOFUKUトレーディング,https://www.tofukutrade.co.jp/,tofukutrade.co.jp,,,none,none,oigs67,,,
(有)土佐通信,https://boating.co.jp/,boating.co.jp,,https://boating.co.jp/contact/,form,B,oigs67,,,
DREAMBEER,https://dreambeer.jp/,dreambeer.jp,,,none,none,oigs67,,,
和,https://keisan.casio.jp/exec/system/1166593007,keisan.casio.jp,,,none,none,oigs67,,,
西垣靴下(株),https://www.nishikutu.co.jp/,nishikutu.co.jp,,https://www.nishikutu.co.jp/contact/,form,B,oigs67,,,
ニューハッタン・ジャパン,https://newhattan.jp/,newhattan.jp,,https://newhattan.jp/contact/,form,B,oigs67,,,
ニヨド印刷(株),https://www.niyodo-press.co.jp/,niyodo-press.co.jp,,https://www.niyodo-press.co.jp/contact/,form,B,oigs67;fgs2025,,,
塗り工房ふじい,http://www.nuri-koubou.com/,nuri-koubou.com,,http://www.nuri-koubou.com/#contact,form,B,oigs67;fgs2025,,,
ノスタルジックニューネス,https://nostalgicnews.net/,nostalgicnews.net,,,none,none,oigs67,,,
(株)ケントク,https://www.kentoku.co.jp/,kentoku.co.jp,,https://www.kentoku.co.jp/./contact,form,B,oigs67,,,
花水土香,https://hanamizuka.com/,hanamizuka.com,,,none,none,oigs67,,,
ハリマウス(株),http://harimouse.jp/,harimouse.jp,,,none,none,oigs67,,,
ひのき屋,https://hinokiya.com/,hinokiya.com,,https://hinokiya.com/inquiry/,form,B,oigs67,,,
姫路市商工会,https://himeji-shoko.jp/,himeji-shoko.jp,,https://himeji-shoko.jp/contact/,form,B,oigs67,,,
(株)ひよこカンパニー,https://www.oenosato.com/?srsltid=AfmBOoqrfiU1EMDWfOzboJ6a8TJm2qez6h27rxVv64Jrgb_VQJ3s43aO,oenosato.com,,,none,none,oigs67,,,
フジゲン(株),https://www.fujigen.co.jp/index.html,fujigen.co.jp,,https://www.fujigen.co.jp/index.html/contact.html,form,B,oigs67,,,
(株)プランドゥ,https://plan-d.co.jp/,plan-d.co.jp,,https://plan-d.co.jp/contact?type=support,form,B,oigs67;lifestyle_880021,,,
(株)プロミスドランド,http://www.promisedlandjp.com/,promisedlandjp.com,,,none,none,oigs67,,,
ベル食品工業(株),https://www.bellsyokuhin.co.jp/,bellsyokuhin.co.jp,,https://www.bellsyokuhin.co.jp/contact/,form,B,oigs67,,,
訪日観光客用のお土産Ｔシャツ Sparkle,https://sparkle-tee.com/,sparkle-tee.com,shop@kanetomi.tokyo,,email,A,oigs67,,,1
(株)マナプラス,https://manaplus.co.jp/,manaplus.co.jp,,https://manaplus.co.jp/contact,form,B,oigs67,,,
Manu Mobiles,https://www.manumobiles.com/,manumobiles.com,,https://www.manumobiles.com/contact,form,B,oigs67;dainipponichi,,,
萬松香芸堂,https://gomyoho.co.jp/,gomyoho.co.jp,,https://gomyoho.co.jp/contact/,form,B,oigs67;fgs2025,,,
柳井紙工(株),https://www.package-yanai.co.jp/,package-yanai.co.jp,,https://www.package-yanai.co.jp/contact/,form,B,oigs67;fgs2025,,,
YAMAKIN(株),https://www.yamakin-gold.co.jp/,yamakin-gold.co.jp,,,none,none,oigs67,,,
(株)山のくじら舎,https://yamanokujira.jp/,yamanokujira.jp,info@yamanokujira.jp,,email,A,oigs67;fgs2025,,,
YaYaパール,https://www.yayapearl.com/,yayapearl.com,cfd.yaya.2005@me.com,,email,A,oigs67,,,1
(株)ユメギフト,http://yumegift.jp/,yumegift.jp,,,none,none,oigs67,,,
楽プリ(株),https://www.rakupuri.net/,rakupuri.net,,https://www.rakupuri.net/contact/,form,B,oigs67,,,
(株)リブラ,https://www.re-blast.com/,re-blast.com,info@re-blast.com,,email,A,oigs67,,,
(株)るいす,https://laluice.com/,laluice.com,,https://laluice.com/contact.html,form,B,oigs67,,,
レインボーオフィスサポート,https://www.rainbowos.co.jp/,rainbowos.co.jp,,https://www.rainbowos.co.jp/contact,form,B,oigs67;fgs2025,,,
輪島塗つたや,https://wajima-tutaya.jp/,wajima-tutaya.jp,,https://wajima-tutaya.jp/contact/,form,B,twf2025,,,
輪島塗 田谷漆器店,https://www.wajimanuri.co.jp/,wajimanuri.co.jp,contact@wajimanuri.co.jpntt,,email,A,twf2025,,,1
うるしアートはりや,https://urushiarthariya.com/,urushiarthariya.com,info@urushiarthariya.com,,email,A,twf2025,,,
錫光,https://www.takumi-suzukou.com/,takumi-suzukou.com,,https://www.takumi-suzukou.com/_ga/FORM/contact.cgi,form,B,twf2025,,,
福岡県 あがの焼 庚申窯,https://aganoyaki.net/,aganoyaki.net,,https://aganoyaki.net/contact/,form,B,twf2025,,,
福岡県 上野焼 守窯,https://mamorugama.thebase.in/,mamorugama.thebase.in,,,none,none,twf2025,,,
福岡県 うつわ工房,https://utsuwakoubou.com/?srsltid=AfmBOopu65Pdyl-qVq3IvRkguTmnOH-YjdLFLV2FSJSpERJQcJRH2gvF,utsuwakoubou.com,,,none,none,twf2025,,,
ディ ターフェル,https://www.d-department.com/?srsltid=AfmBOopfLKJCff8sfb4yld4GWFH_MD0n9RF2pcsvzAtN5tLw4OBqrxAF,d-department.com,,https://www.d-department.com/ext/contact.html,form,B,twf2025,,,
ルッカ,https://lucca.jp/,lucca.jp,,https://lucca.jp/contactus.html,form,B,twf2025,,,
京都 一布や,https://www.ippuya.co.jp/?srsltid=AfmBOoph9hLanzqGV7S2sfMmu2ZQYGzz1VvapRl9OEOgzvI8N12ZzPwY,ippuya.co.jp,,,none,none,twf2025,,,
輪島 大崎庄右衛門,https://osakisyoemon.jp/,osakisyoemon.jp,,https://osakisyoemon.jp/contact/,form,B,twf2025,,,
輪島 吉田漆器工房,https://hiroyuki-yoshida.com/,hiroyuki-yoshida.com,,https://hiroyuki-yoshida.com/contact/,form,B,twf2025,,,
有限会社池端漆香堂 わじま龍作,https://www.wajimaryusaku.jp/,wajimaryusaku.jp,,https://www.wajimaryusaku.jp/contact/,form,B,twf2025,,,
創作漆器 瑾齋（きんさい）,https://www.kinsai-online.com/,kinsai-online.com,,,none,none,twf2025,,,
漆工房 大島,https://crafts-oshima.co.jp/,crafts-oshima.co.jp,,https://crafts-oshima.co.jp/contact/,form,B,twf2025,,,
秋田・川連塗 寿次郎,https://jujiro.jp/,jujiro.jp,,https://jujiro.jp/contact/,form,B,twf2025,,,
かごのアンドユウ,https://www.andyu.jp/,andyu.jp,,https://www.andyu.jp/contact/,form,B,twf2025,,,
アンティーク アーカイヴ,http://archiv.jp/index.html,archiv.jp,,http://archiv.jp/index.html/contact.html,form,B,twf2025,,,
ANTIQUE 五（itsu） 京都,https://itsu-art.co.jp/,itsu-art.co.jp,,,none,none,twf2025,,,
アンティーク MJQ,https://antique-mjq.com/?srsltid=AfmBOor0EHfDs2uCiWxcE0xchIL82iSLamBDDl7dJTSyvQREz7Xe0ykl,antique-mjq.com,,https://antique-mjq.com/?srsltid=AfmBOor0EHfDs2uCiWxcE0xchIL82iSLamBDDl7dJTSyvQREz7Xe0ykl/pages/contact,form,B,twf2025,,,
木と漆の仕事・輪島キリモト,http://kirimoto.net/,kirimoto.net,office@kirimoto.net,http://kirimoto.net/inquiry_jpn.html,form,A,twf2025;omotenashi,,,
津軽塗 有限会社イシオカ工芸,https://ishiokakougei.com/,ishiokakougei.com,,https://ishiokakougei.com/contact,form,B,twf2025,,,
会津塗 福西惣兵衛商店,https://aizunuri-fukunishi.co.jp/,aizunuri-fukunishi.co.jp,,,none,none,twf2025,,,
木曽漆器,http://kiso.shikkikumiai.com/,kiso.shikkikumiai.com,,,none,none,twf2025,,,
有限会社 栗久,https://www.kurikyu.jp/,kurikyu.jp,,https://www.kurikyu.jp/contact.html,form,B,twf2025,,,
備前焼若宮窯 太田富夫,http://wakamiya-bizen.com/,wakamiya-bizen.com,info@wakamiya-bizen.com,,email,A,twf2025,,,
備前焼 出井 潔晴・隆,https://touyuukai.jp/artist/%E5%87%BA%E4%BA%95%E3%80%80%E9%9A%86.html,touyuukai.jp,,https://touyuukai.jp/contact.html,form,B,twf2025,,,
漆陶そう吉 宗山窯,https://www.soukichi.com/,soukichi.com,,,none,none,twf2025,,,
夢商人,https://yumeakindo.jp/,yumeakindo.jp,,,none,none,twf2025,,,
アンティークティアドロップ,https://www.antiqueteardrop.com/,antiqueteardrop.com,antiqueteardrop@hotmail.co.jp,,email,A,twf2025,,,1
金沢ひがし茶屋街 大国洞,https://kanazawa-daikokudou.com/,kanazawa-daikokudou.com,,,none,none,twf2025,,,
有限会社宮本工芸,https://www.miyamoto-akebikougei.com/,miyamoto-akebikougei.com,mikougei@fork.ocn.ne.jp,,email,A,twf2025,,,1
伊万里鍋島焼窯元,https://imari-ookawachiyama.com/,imari-ookawachiyama.com,,https://imari-ookawachiyama.com/contact/,form,B,twf2025,,,
越前塗 光琳堂,https://shitsurindo-onlinestore.com/,shitsurindo-onlinestore.com,,,none,none,twf2025,,,
角館・香月（かづき）/ 樺細工の冨岡,https://shop.ac-kazuki.jp/,shop.ac-kazuki.jp,,,none,none,twf2025,,,
南部鉄器 幸工芸,https://www.koukougei.com/,koukougei.com,,,none,none,twf2025,,,
現川焼・臥牛窯,https://gagyu.shop-pro.jp/,gagyu.shop-pro.jp,,,none,none,twf2025,,,
有限会社辻与製陶所 与山窯,https://yozan-tsujiyo.jp/,yozan-tsujiyo.jp,,https://yozan-tsujiyo.jp/wp_home/contact/,form,B,twf2025,,,
イタリア工房 ボッテガ・エッセ,https://www.bottega-esse.jp/,bottega-esse.jp,9722mail@bottega-esse.jp,,email,A,twf2025,,,
ディエクリュデザイン,https://d-ecrudesign.jp/,d-ecrudesign.jp,,https://d-ecrudesign.jp/contact/,form,B,twf2025,,,
山崎金属工業株式会社,https://www.yamazakitableware.co.jp/,yamazakitableware.co.jp,,,error,none,twf2025,,,
スリランカ BAREFOOT ランカ,https://barefootceylon.com/?srsltid=AfmBOopLI8xKt5H1Rbf1wLJNr2Pub8O9a8voIehn9cEJXpVPWPN-7Tn6,barefootceylon.com,,https://barefootceylon.com/?srsltid=AfmBOopLI8xKt5H1Rbf1wLJNr2Pub8O9a8voIehn9cEJXpVPWPN-7Tn6/pages/contact-us,form,B,twf2025,,,
上田銀器工芸 ～cuillere en 925～,http://cuillere-en-925.com/,cuillere-en-925.com,,http://cuillere-en-925.com/contact,form,B,twf2025,,,
Atelier Junko,https://www.atelier-junko.com/,atelier-junko.com,,https://atelier-junko.com/news/contact,form,B,twf2025,,,
古谷製陶所 信楽,https://furutani.handcrafted.jp/,furutani.handcrafted.jp,,,none,none,twf2025,,,
島津薩摩切子,https://satsumakiriko.co.jp/?srsltid=AfmBOop8OzJUQ04bjr0W9b6IWXs9eLpBEKkwId5_aFA-0UoMew8ec2sp,satsumakiriko.co.jp,,https://satsumakiriko.co.jp/?srsltid=AfmBOop8OzJUQ04bjr0W9b6IWXs9eLpBEKkwId5_aFA-0UoMew8ec2sp/pages/contact,form,B,twf2025,,,
窯元伊兵衛 有田焼,https://www.ihyoei.jp/,ihyoei.jp,,,none,none,twf2025,,,
有田焼 陶房 惣次郎窯,https://www.soujirougama.com/,soujirougama.com,,,none,none,twf2025,,,
武雄焼 辻修窯,https://tsujiosamu-gama.wixsite.com/website,tsujiosamu-gama.wixsite.com,items.tsujiosamugama@gmail.comtel,,email,A,twf2025,,,1
信楽焼 土ごよみ（ヤマ庄陶器）,https://yamasho-touki.co.jp/,yamasho-touki.co.jp,,,none,none,twf2025;lifestyle_880021;lifestyle_880026,,,
奥田 章 / TSUBO-BUN,https://www.tsubo-bun.com/,tsubo-bun.com,,https://www.tsubo-bun.com/contact.html,form,B,twf2025,,,
メゾン エ クレアシオン,https://www.maisonetcreation.jp/,maisonetcreation.jp,,https://www.maisonetcreation.jp/#makeshop-common-contact-url,form,B,twf2025,,,
buzan おかみさんの器,https://www.buzan-kama.com/,buzan-kama.com,0572-59-8901nishitake@buzan-kama.comreport,,email,A,twf2025,,,1
EAST table,https://www.t-east.jp/,t-east.jp,,https://www.t-east.jp/f/contact,form,B,twf2025,,,
ムラエ商事株式会社,https://muraei.jp/,muraei.jp,,https://muraei.jp/pages/contact,form,B,twf2025,,,
土岐美濃焼工芸会 知山窯,https://www.chizangama.com/,chizangama.com,info@chizangama.com,,email,A,twf2025,,,
快山窯,http://www.kaizan.net/,kaizan.net,,http://www.kaizan.net/contact.html,form,B,twf2025,,,
九谷焼 (有)沢田商店,https://www.kutani-sawada.com/,kutani-sawada.com,,,none,none,twf2025,,,
武雄焼窯元 宝寿窯（Bunga Yamamoto),https://houjugama.jp/,houjugama.jp,by-houju@jupiter.ocn.ne.jp,,email,A,twf2025,,,1
信楽ギャラリー 草 土,https://sohdo.com/,sohdo.com,,https://sohdo.com/contact,form,B,twf2025,,,
土本製陶所,https://tsuchimotoseitousho.stores.jp/,tsuchimotoseitousho.stores.jp,,,none,none,twf2025,,,
螢窯 吉見螢石,https://hotarugama.com/,hotarugama.com,,https://hotarugama.com/#contact,form,B,twf2025,,,
株式会社かじ新 Emerg ファブリック事業部,https://kajishin.co.jp/,kajishin.co.jp,,https://kajishin.co.jp/contact/,form,B,twf2025,,,
三川内焼 嘉泉窯,https://www.mikawachiware.or.jp/information/kilns/kasen_kiln/,mikawachiware.or.jp,info@kasengama.com,,email,A,twf2025,,,1
玉峰窯 里峰,https://gyokuhougama.jp/work,gyokuhougama.jp,,https://gyokuhougama.jp/contact,form,B,twf2025,,,
萩焼 あらせ ~Hagind,https://hagind.jp/,hagind.jp,,,none,none,twf2025,,,
伊賀焼 ましの窯,https://www.thebecos.com/collections/mashino-kiln?srsltid=AfmBOoqGOtzdT-WGH5cRrENbGopBBnKSbwhX_iY-aaMW7KP5sDi1r9WU,thebecos.com,,https://www.thebecos.com/collections/mashino-kiln?srsltid=AfmBOoqGOtzdT-WGH5cRrENbGopBBnKSbwhX_iY-aaMW7KP5sDi1r9WU/pages/contact,form,B,twf2025,,,
鹿児島県特産品協会,https://www.k-p-a.jp/,k-p-a.jp,,https://www.k-p-a.jp/inquiry/,form,B,twf2025,,,
大谷焼＋藍 徳島,https://www.pref.tokushima.lg.jp/kenseijoho/tokushimakennitsuite/tokushimakennosangyo/dentosangyo/otaniyaki,pref.tokushima.lg.jp,,,none,none,twf2025,,,
漆・津軽塗・青森県,https://www.tsugarunuri.org/,tsugarunuri.org,,https://www.tsugarunuri.org/contact,form,B,twf2025,,,
ロイヤルクラウンダービー日本総代理店,https://royal-crown-derby.jp/,royal-crown-derby.jp,info@british-trade.jptel,,email,A,twf2025,,,1
源右衛門窯,https://www.shop-gen.com/,shop-gen.com,,https://www.shop-gen.com/contact,form,B,twf2025,,,
京焼・清水焼 あかね屋,https://akaneya-kyoto.jp/,akaneya-kyoto.jp,,https://akaneya-kyoto.jp/contact,form,B,twf2025,,,
ゴールド クラフト（香川県）,https://gold-craft.jp/,gold-craft.jp,,https://gold-craft.jp/contact/,form,B,twf2025,,,
宗山窯,https://soukichi.official.ec/,soukichi.official.ec,,,none,none,twf2025,,,
有田焼 八右衛門窯（株）大慶,https://daikei-arita.jp/,daikei-arita.jp,,https://daikei-arita.jp/contact,form,B,twf2025,,,
辻修窯,https://tsujiosamugama.stores.jp/,tsujiosamugama.stores.jp,,,none,none,twf2025,,,
釉美屋,https://www.yubiya.jp/,yubiya.jp,,https://www.yubiya.jp/contact,form,B,twf2025,,,
〈あらせ〉萩焼協同組合〈天龍窯〉,https://www.tenryu.net/,tenryu.net,,https://www.tenryu.net/contact/,form,B,twf2025,,,
つきの虫,https://tukinomusi.jimdofree.com/,tukinomusi.jimdofree.com,,,none,none,twf2025,,,
サラグレース,https://www.zakka-sara.com/?srsltid=AfmBOoqsx8cN6hrdyrHKvyA5f7Qxz7qMQxGedTgRGFbM3NxqIMWz0M3_,zakka-sara.com,,https://www.zakka-sara.com/blog/contact/,form,B,twf2025,,,
YUKA FABRIC,https://yukafabric.base.shop/,yukafabric.base.shop,,,none,none,twf2025,,,
*花緒 HANAO*,https://hanao.ihplanning.com/,hanao.ihplanning.com,,,none,none,lifestyle_880021;lifestyle_880026,,,
1956レストラン・サプライ 株式会社,https://www.1956direct.jp/,1956direct.jp,info@1956direct.jp,,email,A,lifestyle_880021,,,
AIPA株式会社,https://aipa.or.jp/,aipa.or.jp,,https://aipa.or.jp/contact-2/,form,B,lifestyle_880021;lifestyle_880026,,,
"AMAZE PLUS CO.,LTD.",https://amaze-plus.com/,amaze-plus.com,info@amaze-plus.com,,email,A,lifestyle_880021,,,
"Anhui Beishi New Material Technology Co., Ltd.",https://www.lifestyle-expo.jp/summer/en-gb/search/2025/directory/exhibitor-details.anhui%20beishi%20new%20material%20technology%20co%20ltd.org-70c29ed3-d7af-47c5-a463-bd8b9fa4ceca.html,lifestyle-expo.jp,,,none,none,lifestyle_880021;lifestyle_880026,,,
Baby alpaca fuwari,https://baby-alpaca-fuwari.stores.jp/,baby-alpaca-fuwari.stores.jp,,,none,none,lifestyle_880021,,,
"BESTONETECH Co., Ltd",https://bestonetech.kr/default/index_eng.php,bestonetech.kr,master@bestonetech.kr,,email,A,lifestyle_880021,,,
"BionTech Co., Ltd.",https://www.biontech.com/int/en/home.html,biontech.com,service@biontech.de,,email,A,lifestyle_880021,,,1
CARBON-izm,https://www.carbon-izm.com/,carbon-izm.com,,https://www.carbon-izm.com/contact/,form,B,lifestyle_880021,,,
Coolish Music 株式会社,https://coolish-music.com/,coolish-music.com,,https://coolish-music.com/contact-us/,form,B,lifestyle_880021,,,
CRAFT HOUSE,https://crafthouse.jp/,crafthouse.jp,,,none,none,lifestyle_880021,,,
CTX HONGKONG LIMITED,https://www.ctx-risks.com/,ctx-risks.com,,,none,none,lifestyle_880021,,,
CUA Inc.,https://www.cua.com/en/personal,cua.com,alerts@cua.com,,email,A,lifestyle_880021,,,
DAE YANG,https://dae-yang.online/ja?srsltid=AfmBOoruyXfKIfz9hzRoCv8Q8zcJhukPmEhBV1keIiTNadZJlWMHjqPv,dae-yang.online,,,none,none,lifestyle_880021,,,
DEVOTE Corporation,https://www.devote.co.jp/,devote.co.jp,,,none,none,lifestyle_880021,,,
"DONG TANG INTERNATIONAL CO., LTD.",https://dong-tang.com/ja/,dong-tang.com,,,none,none,lifestyle_880021,,,
"Dongyang Global Wall Art Co.,Ltd.",https://www.boardglobe.com/,boardglobe.com,henry.ma@boardglobe.com,,email,A,lifestyle_880021,,,
EVERICH COMMERCE GROUP LIMITED,https://www.everich.com/ja/,everich.com,info@everich.com,,email,A,lifestyle_880021,,,
GANGES JUTE PVT LTD (ANGES BAGS),https://www.angesbags.com/,angesbags.com,,,none,none,lifestyle_880021,,,
GOURMANDISE INC.,https://www.gourmandise.jp/?srsltid=AfmBOorOVVSC2ER7yFNlYntB4-2jxV1JnLZbFr2Kp77hXye3QsAHbDEx,gourmandise.jp,,https://www.gourmandise.jp/?srsltid=AfmBOorOVVSC2ER7yFNlYntB4-2jxV1JnLZbFr2Kp77hXye3QsAHbDEx/#makeshop-common-contact-url,form,B,lifestyle_880021,,,
"GUANGDONG GUANGLONG KNIFE AND SCISSORS CO.,LTD",https://gldj.en.alibaba.com/ja_JP/,gldj.en.alibaba.com,,,none,none,lifestyle_880021,,,
H&S株式会社,https://hscare.jp/ja-jp,hscare.jp,,https://hscare.jp/ja-jp/ja-jp/contact-us,form,B,lifestyle_880021,,,
hikiZAN,https://www.hikizan-titan.jp/,hikizan-titan.jp,contact@hikizan-titan.jp,https://www.hikizan-titan.jp/contact,form,A,lifestyle_880021;lifestyle_880026;dainipponichi;ilt_direct,https://www.hikizan-titan.jp/,,
Hoco Lights Limited,http://nbheke.jp.chnirm.com/,nbheke.jp.chnirm.com,,,none,none,lifestyle_880021,,,
IGM合同会社,https://www.igmbiz.com/,igmbiz.com,,https://www.igmbiz.com/contact/,form,B,lifestyle_880021;lifestyle_880026,,,
"INNOPIA CO., LTD.",https://www.innopia.co.kr/jp/,innopia.co.kr,,,none,none,lifestyle_880021,,,
"JIANGXI MEILV TOURISM PRODUCTS CO.,LTD.",http://jiangximeilv.com/,jiangximeilv.com,,,none,none,lifestyle_880021,,,
"JIANGXI RED GOLDEN CARP LUGGAGE CO.,LTD.",http://sunvelocityblog.com/new-arrival/1721,sunvelocityblog.com,choules582@gmail.com,,email,A,lifestyle_880021,,1,
"JIAXING JOY STIR ELECTRONIC TECHNOLOGY CO., LTD.",https://www.exhibition-booth-design.com/en/lifestyle-week-tokyo-15/pdf/LS24smr_MAP_JE.pdf,exhibition-booth-design.com,,,error,none,lifestyle_880021,,,
"JINGDEZHEN CERAMIC GROUP CO.,LTD.",https://www.ceramicsj.com/,ceramicsj.com,clare@ceramicsj.com,,email,A,lifestyle_880021,,,
"JINGDEZHEN TAOXICHUAN CULTURAL AND CREATIVE OPERATION CO.,LTD.",http://www.jingdezhenstudio.com/a/About_us/About_Taoxichuan/,jingdezhenstudio.com,,http://www.jingdezhenstudio.com/a/About_us/About_Taoxichuan/?a/About_us/Contact_us/,form,B,lifestyle_880021,,,
"Jinhua HOAE paper products Co., LTD",,,,,none,none,lifestyle_880021,,,
JOHNAN DMS 株式会社,https://www.johnan.com/dms/,johnan.com,,https://www.johnan.com/dms/dms/contact/,form,B,lifestyle_880021,,,
ju:tale,https://jutale-shop.seibidou-ehon.com/,jutale-shop.seibidou-ehon.com,,,none,none,lifestyle_880021;lifestyle_880026,,,
KAYU開発 合同会社,https://www.kayullc.com/,kayullc.com,,,none,none,lifestyle_880021,,,
Ken-Trading,https://www.kentrading.net/,kentrading.net,,https://www.kentrading.net/contact,form,B,lifestyle_880021,,,
KINDSGUT JAPAN,https://www.kindsgut.jp/?srsltid=AfmBOooBw3qdWK7RZaVUcXTtNRLpAkDK9_nWkz2VJxXWcaELNXZsmjly,kindsgut.jp,,https://www.kindsgut.jp/?srsltid=AfmBOooBw3qdWK7RZaVUcXTtNRLpAkDK9_nWkz2VJxXWcaELNXZsmjly/pages/contact,form,B,lifestyle_880021,,,
"KOWABO CO.,LTD.",https://www.kowabo.co.jp/,kowabo.co.jp,,,none,none,lifestyle_880021,,,
La Bella 株式会社,https://cicibella.jp/,cicibella.jp,,https://cicibella.jp/shop/contact/draft,form,B,lifestyle_880021,,,
LALA&MORE,https://www.qoo10.jp/shop/lalanmore,qoo10.jp,,,none,none,lifestyle_880021,,,
"Linyi Aiqi daily necessities Co.,LTD",,,,,none,none,lifestyle_880021,,,
LIVINGCARE,https://livingcare.jp/,livingcare.jp,,https://livingcare.jp/contact/,form,B,lifestyle_880021,,,
Mamilleco -マミレコ-（東谷）,,,,,none,none,lifestyle_880021,,,
mamoruco,http://swanglove.co.jp/product_mamoruco.html,swanglove.co.jp,,,none,none,lifestyle_880021,,,
"Market Union Co., Ltd",https://ja.marketunion.com/,ja.marketunion.com,,,none,none,lifestyle_880021;fgs2025,,,
MAULOA BEAUTÉ マウロアボーテ,https://mauloabeaute.studio.site/,mauloabeaute.studio.site,,,none,none,lifestyle_880021,,,
moimois株式会社,https://www.moimois.co.jp/,moimois.co.jp,,https://www.moimois.co.jp/contact/,form,B,lifestyle_880021,,,
Nama Candle,https://namacandle.com/?srsltid=AfmBOop5dwJGX-8uYKMnHCOiBRnWlAPZ5ccujtfhQSHONbLbXhLCZiHc,namacandle.com,support@starapps.studio,https://namacandle.com/pages/company?srsltid=AfmBOopYOmLJ2AtsEXOJRSQeHVbXqiC4xF3a3s_vyCSGCAedwLhdd1T2,none,A,lifestyle_880021;lifestyle_880026;omotenashi,,,1
"Ningbo Andaman Plastic Co.,ltd",http://www.nbtisen.com/,nbtisen.com,,,none,none,lifestyle_880021,,,
"NINGBO BI-WAY DAILY-USED PRODUCTS CO.,LTD",https://bi-way.en.alibaba.com/,bi-way.en.alibaba.com,,,none,none,lifestyle_880021,,,
"NINGBO JIANGBEI GOLDEN MATE IMP&EXP.CO.,LTD.",https://sourcing.hktdc.com/en/Supplier-Store/Home/Ningbo-Jiangbei-Golden-Mate-Imp-Exp-Co-Ltd-/1X05M48G,sourcing.hktdc.com,,,none,none,lifestyle_880021,,,
"NINGBO MEIDA PLASTIC PRODUCTS CO.,LTD",https://japanese.meidapest.com/,japanese.meidapest.com,rita@meidapest.com,,email,A,lifestyle_880021,,,1
"OGISO CO.,LTD.",https://www.k-ogiso.co.jp/,k-ogiso.co.jp,,https://www.k-ogiso.co.jp/contact/,form,B,lifestyle_880021;lifestyle_880026,,,
Powerful X,https://www.konami.com/pawa/2024-2025/powerful,konami.com,,https://www.konami.com/pawa/2024-2025/powerful/games/inquiry/,form,B,lifestyle_880021,,,
Prozy株式会社,https://prozy.jp/,prozy.jp,,https://prozy.jp/contact/,form,B,lifestyle_880021,,,
RISING TECHNOLOGY株式会社,http://www.rising-t.com/,rising-t.com,,http://www.rising-t.com/contact/contact.html,form,B,lifestyle_880021,,,
RX Japan 株式会社,https://www.rxjapan.jp/,rxjapan.jp,,https://www.rxjapan.jp/contact,form,B,lifestyle_880021,,,
SCENTMATIC株式会社,https://scentmatic.co.jp/,scentmatic.co.jp,,,none,none,lifestyle_880021,,,
"Shijiazhuang Bin Yi Import and Export Trade Co., Ltd",https://www.binyitrade.com/,binyitrade.com,,,none,none,lifestyle_880021,,,
STORES 株式会社,https://www.st.inc/,st.inc,,https://www.st.inc/contact,form,B,lifestyle_880021;lifestyle_880026,,,
"TAIZHOU HANGON IMP. & EXP. CO., LTD.",https://www.wako-pallet.co.jp/cms/wp-content/uploads/2024/10/dd59fcc2b873e5135d36c8ee5e61d223.pdf,wako-pallet.co.jp,,,none,none,lifestyle_880021,,,
"Taizhou Qiming Plastic Co.,Ltd.",http://www.qmplastic.com/,qmplastic.com,coco@qmplastic.com,,email,A,lifestyle_880021,,,
TINY PRO,https://www.tinypro.jp/about,tinypro.jp,,,none,none,lifestyle_880021,,,
Tomorrow Fabric (for Tomorrow株式会社),https://www.tomorrowfabric.com/,tomorrowfabric.com,,,none,none,lifestyle_880021;lifestyle_880026,,,
"Top Green World Packaging Co., Ltd.",http://www.tgp-solution.com/,tgp-solution.com,sales@tgp-solution.com,,email,A,lifestyle_880021,,,
"WEIFANG QUANXIN ALUMINUM FOIL CO., LTD",http://www.quanxin-alu.com/,quanxin-alu.com,qx-foil@outlook.com,,email,A,lifestyle_880021,,1,
"Wenzhou Jinya Bags Co., Ltd.",https://ja.jinyabag.com/,ja.jinyabag.com,,,none,none,lifestyle_880021,,,
"Xiamen Hanin Co.,Ltd.",https://jp.hprt.com/,jp.hprt.com,,https://jp.hprt.com/ContactHPRT.html,form,B,lifestyle_880021,,,
"Xiamen Huipeng Imp.&Exp Co.,Ltd.",https://xmhpfz.en.alibaba.com/,xmhpfz.en.alibaba.com,,,none,none,lifestyle_880021,,,
"XINGAN COUNTY TRAVEL DIARY LUGGAGE CO.,LTD.",https://lxrj.m.en.alibaba.com/,lxrj.m.en.alibaba.com,,,none,none,lifestyle_880021,,,
"XINGAN XINGHUA LEATHER CO., LTD.",https://www.cnverify.com/company/Xingan-County-Xinghua-Leather-Co-Ltd,cnverify.com,,,none,none,lifestyle_880021,,,
"XINGAN YONGSHENG LUGGAGE LEATHER CO.,LTD.",https://www.ysluggage.com/,ysluggage.com,,,none,none,lifestyle_880021,,,
Xuân Thị HandMade Crafts,https://xuanthihandmade.com/,xuanthihandmade.com,xuanthi.matchmaker@gmail.com,,email,A,lifestyle_880021,,1,
"YAMATO PRINTING CO.,LTD.",https://ty-print.co.jp/,ty-print.co.jp,,https://ty-print.co.jp/contact/,form,B,lifestyle_880021;lifestyle_880026,,,
"Yantai Bagmart Packaging Co., Ltd.",http://jp.bagmart.cn/,jp.bagmart.cn,,,none,none,lifestyle_880021,,,
"Yiwu Shuangxin Paper Products Co.,Ltd",https://hengxinchina.en.alibaba.com/,hengxinchina.en.alibaba.com,,,none,none,lifestyle_880021,,,
"Yiwu UKI Jewelry Co.,Ltd",https://ywyoko.en.alibaba.com/ja_JP/company_profile.html,ywyoko.en.alibaba.com,,,none,none,lifestyle_880021,,,
"Yiwu Zhihua Packing Box Co.,Ltd.",http://cnzhihua.com/,cnzhihua.com,,http://cnzhihua.com/./Contact/,form,B,lifestyle_880021,,,
YONEOKA RIBBON（株式会社米岡）,https://r-yoneoka.jp/?srsltid=AfmBOopMc9bVfGFkdiAJlz68gGb-K-kgUH_ijbfh6UIIAJe-UylQdyeB,r-yoneoka.jp,,https://r-yoneoka.jp/?srsltid=AfmBOopMc9bVfGFkdiAJlz68gGb-K-kgUH_ijbfh6UIIAJe-UylQdyeB/pages/contact,form,B,lifestyle_880021;lifestyle_880026,,,
Younghome Houseware,https://www.younghometw.com/,younghometw.com,,https://www.younghometw.com/contact.asp,form,B,lifestyle_880021,,,
"Zhejiang JF Commodity Co.,Ltd.",https://jfshangpinmulu.com/,jfshangpinmulu.com,,,none,none,lifestyle_880021,,,
"Zhejiang Mingjia New Material Co.,Ltd",https://zjmingjia.en.alibaba.com/ja_JP/index.html,zjmingjia.en.alibaba.com,,,none,none,lifestyle_880021,,,
"Zibo Uni-shine Industry Co., Ltd.",http://ja.uni-shine.com/,ja.uni-shine.com,,,none,none,lifestyle_880021;lifestyle_880026,,,
うなぎ屋かわすい(川口水産),https://www.kawasui.co.jp/,kawasui.co.jp,,,none,none,lifestyle_880021;lifestyle_880026,,,
お香・お線香の梅栄堂,https://www.baieido.co.jp/,baieido.co.jp,,https://www.baieido.co.jp/jp/contact.php,form,B,lifestyle_880021;lifestyle_880026,,,
アイグッズ 株式会社,https://www.i-goods.co.jp/,i-goods.co.jp,info@i-goods.co.jp,,email,A,lifestyle_880021,,,
アイム株式会社,https://www.imx.co.jp/,imx.co.jp,,https://www.imx.co.jp/contact,form,B,lifestyle_880021;lifestyle_880026,,,
アカツキコーポレーション 株式会社,https://www.akatsuki.com/,akatsuki.com,,https://www.akatsuki.com/contact/,form,B,lifestyle_880021,,,
アクリサンデー 株式会社,https://www.acrysunday.co.jp/,acrysunday.co.jp,,https://www.acrysunday.co.jp/contact,form,B,lifestyle_880021,,,
アッシュ 株式会社,https://a-sh.co.jp/,a-sh.co.jp,,https://a-sh.co.jp/contact,form,B,lifestyle_880021,,,
イー・エム・デザイン 株式会社,https://em-grp-company.com/,em-grp-company.com,,https://em-grp-company.com/contact,form,B,lifestyle_880021,,,
ウェイリン・ジャパン株式会社,https://weilinjapan.com/,weilinjapan.com,,https://weilinjapan.com/contact_us/,form,B,lifestyle_880021,,,
エンチーム 株式会社,https://enzym.jp/,enzym.jp,,https://enzym.jp/contact,form,B,lifestyle_880021;lifestyle_880026,,,
カクケイ株式会社,https://www.kakukei.co.jp/,kakukei.co.jp,info10@kakukei.co.jp,,email,A,lifestyle_880021,,,
カタニ産業 株式会社,https://www.katani.co.jp/,katani.co.jp,,https://www.katani.co.jp/contact/,form,B,lifestyle_880021,,,
クリロン化成 株式会社,https://www.kurilon.co.jp/,kurilon.co.jp,,https://www.kurilon.co.jp/contact,form,B,lifestyle_880021,,,
コイズミファニテック 株式会社,https://furnitech.koizumi.co.jp/,furnitech.koizumi.co.jp,,https://furnitech.koizumi.co.jp/contact,form,B,lifestyle_880021;lifestyle_880026,,,
コシオカ産業株式会社,https://www.koshioka.co.jp/,koshioka.co.jp,,https://www.koshioka.co.jp/contact/,form,B,lifestyle_880021,,,
コンビ株式会社,https://www.combi.co.jp/?srsltid=AfmBOooWbFn9jOFzMeln-iMHo1nIPu5D74i_3dLUnJ07OT-MGdP5y4jz,combi.co.jp,,https://www.combi.co.jp/?srsltid=AfmBOooWbFn9jOFzMeln-iMHo1nIPu5D74i_3dLUnJ07OT-MGdP5y4jz/soudan/contact,form,B,lifestyle_880021,,,
サンエックス 株式会社,https://www.san-x.co.jp/ja/,san-x.co.jp,,,none,none,lifestyle_880021,,,
サンベルム 株式会社,https://www.sanbelm.com/,sanbelm.com,,https://www.sanbelm.com/contact/,form,B,lifestyle_880021,,,
シーフォース 株式会社,https://www.seaforce.co.jp/,seaforce.co.jp,,https://www.seaforce.co.jp/contact.html,form,B,lifestyle_880021,,,
ジャパン・プラス 株式会社,https://www.j-p.co.jp/,j-p.co.jp,,https://www.j-p.co.jp/contact/,form,B,lifestyle_880021,,,
ジョブプロジェクト株式会社,https://job-project.com/,job-project.com,,,none,none,lifestyle_880021;lifestyle_880026,,,
スナオジャパン 株式会社,http://www.sunaocorp.jp/,sunaocorp.jp,info@sunaocorp.jp,,email,A,lifestyle_880021,,,
スバル株式会社,https://www.subaru.jp/,subaru.jp,,,none,none,lifestyle_880021;lifestyle_880026,,,
タイヘイ化成 株式会社,https://taihei-kasei.co.jp/,taihei-kasei.co.jp,,https://taihei-kasei.co.jp/contact/,form,B,lifestyle_880021;lifestyle_880026,,,
ダイキョーオータ 株式会社,https://www.daikyo-ohta.co.jp/,daikyo-ohta.co.jp,,,none,none,lifestyle_880021,,,
デリットテック（DERIT TECH）,https://store.dreast.jp/shop/pages/derittech.aspx?srsltid=AfmBOopuF4aUmeh9uA2e6FG8NXmyDB35nTzNAr8XB75PFOUg6LCMH81K,store.dreast.jp,,https://store.dreast.jp/shop/pages/derittech.aspx?srsltid=AfmBOopuF4aUmeh9uA2e6FG8NXmyDB35nTzNAr8XB75PFOUg6LCMH81K/shop/contact/contact.aspx,form,B,lifestyle_880021,,,
ナンセンジャパン 株式会社,https://www.namsunjapan.co.jp/,namsunjapan.co.jp,,,none,none,lifestyle_880021,,,
ヒカリ紙工株式会社,https://www.hikarishikou.co.jp/,hikarishikou.co.jp,,https://www.hikarishikou.co.jp/contact/contact.html,form,B,lifestyle_880021,,,
ヒルトップ 株式会社,https://hilltop21.co.jp/,hilltop21.co.jp,info@hilltop21.co.jp,,email,A,lifestyle_880021,,,
ビーイング 株式会社,https://www.beingcorp.co.jp/,beingcorp.co.jp,,https://www.beingcorp.co.jp/contact/,form,B,lifestyle_880021,,,
ピックハイブ株式会社,https://pichive.com/,pichive.com,,https://pichive.com/contact/,form,B,lifestyle_880021,,,
ピュアネクサス株式会社 玄点,https://pure-nexus.com/,pure-nexus.com,,https://pure-nexus.com/media_contact.html,form,B,lifestyle_880021,,,
マイマイクの ペンタトニック,https://pentatonic.base.shop/,pentatonic.base.shop,,,none,none,lifestyle_880021,,,
ムアー食品 株式会社,https://www.moorfood.co.jp/,moorfood.co.jp,,https://www.moorfood.co.jp/contact/,form,B,lifestyle_880021;lifestyle_880026,,,
ユニファイン株式会社,https://unifine-jp.com/,unifine-jp.com,,https://unifine-jp.com/contact/,form,B,lifestyle_880021;lifestyle_880026,,,
ヨシタ手工業デザイン室,https://yoshitadesign.com/,yoshitadesign.com,info@yoshitadesign.com,,email,A,lifestyle_880021;lifestyle_880026,,,
一般財団法人 ボーケン品質評価機構,https://www.boken.or.jp/,boken.or.jp,,https://www.boken.or.jp/contact_us/,form,B,lifestyle_880021,,,
三条商工会議所,https://www.sanjo-cci.or.jp/,sanjo-cci.or.jp,info@sanjo-cci.or.jp,https://www.sanjo-cci.or.jp/contact/,form,A,lifestyle_880021;lifestyle_880026;cci;ambiente_direct,,,
三郷陶器 株式会社,https://sango-toki.co.jp/,sango-toki.co.jp,,https://sango-toki.co.jp/enterprise/#contact,form,B,lifestyle_880021;lifestyle_880026,,,
中村精工(株),https://nakamuraseiko.co.jp/,nakamuraseiko.co.jp,,https://nakamuraseiko.co.jp/contact/,form,B,lifestyle_880021;lifestyle_880026,,,
中野BC株式会社,https://www.nakano-group.co.jp/,nakano-group.co.jp,,https://www.nakano-group.co.jp/contact/,form,B,lifestyle_880021,,,
共同印刷株式会社,https://tmwl.kyodoprinting.co.jp/,tmwl.kyodoprinting.co.jp,,https://tmwl.kyodoprinting.co.jp/inquiry/,form,B,lifestyle_880021;lifestyle_880026,,,
千陶 千賀陶器株式会社,https://noren-net.jp/collections/sentosengatoki?srsltid=AfmBOooZ_XJftfAG7Y1SciiFPs_g3DW2tly6zeV5VMOefxuEdjCDAY6m,noren-net.jp,,https://noren-net.jp/collections/sentosengatoki?srsltid=AfmBOooZ_XJftfAG7Y1SciiFPs_g3DW2tly6zeV5VMOefxuEdjCDAY6m/pages/contact,form,B,lifestyle_880021;lifestyle_880026,,,
合同会社エイアンドジェイ,https://www.a-and-j.co.jp/,a-and-j.co.jp,,https://www.a-and-j.co.jp/contact,form,B,lifestyle_880021;lifestyle_880026,,,
同意の優先設定を管理する,https://www.itreview.jp/categories/cmp,itreview.jp,,https://www.itreview.jp/categories/cmp/inquiry/new,form,B,lifestyle_880021;lifestyle_880026,,,
和歌山湯浅ワイナリー,https://yuasa-winery.jp/,yuasa-winery.jp,,,none,none,lifestyle_880021,,,
和泉化成 株式会社,https://www.izumi-plastic.co.jp/,izumi-plastic.co.jp,,https://www.izumi-plastic.co.jp/contact/,form,B,lifestyle_880021,,,
大洋技研 株式会社,https://taiyo-chemicals.co.jp/giken/,taiyo-chemicals.co.jp,,https://taiyo-chemicals.co.jp/giken/contact/,form,B,lifestyle_880021,,,
大阪シーリング印刷 株式会社,https://www.osp.co.jp/,osp.co.jp,,https://www.osp.co.jp/forms/inquiry/,form,B,lifestyle_880021,,,
大黒工業株式会社,https://daikoku-com.jp/,daikoku-com.jp,,http://daikoku-com.jp/form/contact.php,form,B,lifestyle_880021;lifestyle_880026,,,
岩間園製茶本舗,http://www.new-sensyu.jp/iwamaen/,new-sensyu.jp,,,none,none,lifestyle_880021;lifestyle_880026;fgs2025,,,
市場(株),https://ichiba-web.com/,ichiba-web.com,,https://ichiba-web.com/contact/,form,B,lifestyle_880021,,,
日本華爾科技株式会社(NEU INK),https://neuink-japan.com/,neuink-japan.com,,https://neuink-japan.com/shop/contact/draft,form,B,lifestyle_880021,,,
日本電業工作株式会社,https://www.den-gyo.com/,den-gyo.com,,https://www.den-gyo.com/contact/,form,B,lifestyle_880021;lifestyle_880026,,,
日硝実業 株式会社,https://www.njco.co.jp/,njco.co.jp,,https://go.njco.co.jp/contact01,form,B,lifestyle_880021,,,
有限会社 ハーモニー,https://harmonyinc.jp/,harmonyinc.jp,,https://harmonyinc.jp/contact/,form,B,lifestyle_880021;lifestyle_880026,,,
(有)人形のひなせい,https://hinaninngyou.com/?srsltid=AfmBOopwhsWqfFQIf4C0_lYiMb0Mb7dnX2uy_ueG5gjEs8ODDSxSvMte,hinaninngyou.com,,https://hinasei2.myshopify.com/pages/contact,form,B,lifestyle_880021;lifestyle_880026,,,
有限会社小堀加工所,http://kobori-print.com/,kobori-print.com,info@kobori-print.com,,email,A,lifestyle_880021,,,
東京都雛人形工業協同組合,http://www.hina-ko.jp/,hina-ko.jp,,,none,none,lifestyle_880021,,,
松村工芸株式会社,https://mkaa.co.jp/,mkaa.co.jp,,,none,none,lifestyle_880021;lifestyle_880026,,,
株式会社 3rd Place,https://3rdplace-setouchi.com/,3rdplace-setouchi.com,,https://3rdplace-setouchi.com/contact/,form,B,lifestyle_880021,,,
株式会社 CMF Design Lab,https://www.cmfdesignlab.com/,cmfdesignlab.com,,,none,none,lifestyle_880021;lifestyle_880026,,,
株式会社 G-CREWS,https://g-crews.com/,g-crews.com,,https://g-crews.com/#CommonContact,form,B,lifestyle_880021,,,
株式会社JALUXSTYLE,https://www.jaluxstyle.com/,jaluxstyle.com,pr@jaluxstyle.com,,email,A,lifestyle_880021,,,
株式会社 kyogoku,https://www.kyogokupro.com/,kyogokupro.com,,https://www.kyogokupro.com/contact,form,B,lifestyle_880021,,,
株式会社LUSIA,http://lusia.tokyo/,lusia.tokyo,,,none,none,lifestyle_880021,,,
株式会社 MASSHU,https://masshu.net/,masshu.net,,,none,none,lifestyle_880021,,,
株式会社 MDC,https://mdcjapan.com/,mdcjapan.com,,https://mdcjapan.com/contact.html,form,B,lifestyle_880021,,,
株式会社 MSJ,http://www.msj-net.jp/,msj-net.jp,,http://www.msj-net.jp/contact/index.html,form,B,lifestyle_880021,,,
株式会社 Nez reflet,https://www.nez-reflet.com/,nez-reflet.com,11-1mailinfo@nez-reflet.comtel,,email,A,lifestyle_880021;lifestyle_880026,,,1
株式会社 on the bakery,https://www.onthebakery.co.jp/,onthebakery.co.jp,,https://www.onthebakery.co.jp/#contact,form,B,lifestyle_880021,,,
株式会社ROKI,https://www.roki-jp.com/,roki-jp.com,,https://www.roki-jp.com/contact/,form,B,lifestyle_880021;lifestyle_880026,,,
株式会社 TTS,https://ttcf.co.jp/?srsltid=AfmBOorY7nUKN9wdBudYJw0Ji9-u2nBojiBPEA0ZF5feJ9HxjNX3YMf3,ttcf.co.jp,,https://ttcf.co.jp/?srsltid=AfmBOorY7nUKN9wdBudYJw0Ji9-u2nBojiBPEA0ZF5feJ9HxjNX3YMf3/pages/contact,form,B,lifestyle_880021,,,
株式会社しまうまプリント,https://www.n-pri.jp/?srsltid=AfmBOopSdNmuERcmL0ysKsP9tPnoGaiX2FVxCy6WOH0TBRkugbSiajy8,n-pri.jp,,,none,none,lifestyle_880021;lifestyle_880026,,,
株式会社 アート・ラボ,https://www.artlab.co.jp/,artlab.co.jp,,https://www.artlab.co.jp/contact,form,B,lifestyle_880021;omotenashi,,,
株式会社アオバ,https://www.aoba-brand.co.jp/,aoba-brand.co.jp,,https://www.aoba-brand.co.jp/contact/,form,B,lifestyle_880021;lifestyle_880026,,,
株式会社 アクセサリーマルタカ,https://ac-marutaka.co.jp/,ac-marutaka.co.jp,,https://ac-marutaka.co.jp/contact/,form,B,lifestyle_880021,,,
株式会社 アトリエ童夢,https://info.atoriedoumu.com/,info.atoriedoumu.com,,,none,none,lifestyle_880021,,,
株式会社 アルチザン,https://artisan-web.jp/,artisan-web.jp,,https://artisan-web.jp/contact/,form,B,lifestyle_880021;lifestyle_880026,,,
株式会社 アレン,https://www.alen.co.jp/,alen.co.jp,,http://www.alen.co.jp/contact/contact.html,form,B,lifestyle_880021;lifestyle_880026,,,
株式会社 イーガルド,https://www.e-garde.co.jp/,e-garde.co.jp,,https://www.e-garde.co.jp/contact/,form,B,lifestyle_880021,,,
株式会社 イケックス工業,https://www.ikex.co.jp/,ikex.co.jp,,https://www.ikex.co.jp/contact/,form,B,lifestyle_880021,,,
株式会社イトウ,http://cds-ito.co.jp/,cds-ito.co.jp,,http://cds-ito.co.jp/contact,form,B,lifestyle_880021,,,
株式会社 エール,https://yell-world.jp/,yell-world.jp,,https://yell-world.jp/contact/,form,B,lifestyle_880021,,,
株式会社エムズ,http://ms2007.jp/,ms2007.jp,,,none,none,lifestyle_880021,,,
株式会社 オーテック,https://www.o-tec.co.jp/,o-tec.co.jp,,https://www.o-tec.co.jp/contact/,form,B,lifestyle_880021,,,
株式会社 カジテック,https://www.kajitech.jp/,kajitech.jp,,https://www.kajitech.jp/contact,form,B,lifestyle_880021,,,
株式会社カツマタ,https://www.kk-katsumata.co.jp/,kk-katsumata.co.jp,,https://www.kk-katsumata.co.jp/contact/,form,B,lifestyle_880021,,,
株式会社 カミーノ,https://ca-mi-no.jp/,ca-mi-no.jp,info@ca-mi-no.jp,https://ca-mi-no.jp/contact,form,A,lifestyle_880021;lifestyle_880026;ilt_direct,messe_frankfurt_exhibitor_api,,
㈱カワダ,https://www.kawada-toys.com/,kawada-toys.com,,https://www.kawada-toys.com/support/#inquiry,form,B,lifestyle_880021;lifestyle_880026,,,
株式会社 ガリバー,https://221616.com/,221616.com,,https://221616.com/inquiry/,form,B,lifestyle_880021,,,
株式会社 キヤメル鉛筆製作所,http://www.camel-pencil.co.jp/,camel-pencil.co.jp,,,none,none,lifestyle_880021,,,
株式会社 キュリエ,https://qrie.jp/,qrie.jp,,https://qrie.jp/contact/,form,B,lifestyle_880021,,,
株式会社 クーザ,https://kooza.co.jp/,kooza.co.jp,,https://kooza.co.jp/contact/,form,B,lifestyle_880021,,,
株式会社 クラデンジャパン,https://www.curaden.co.jp/,curaden.co.jp,,https://www.curaden.co.jp/select_contact/,form,B,lifestyle_880021,,,
株式会社 クレコ・ラボ,https://creco-lab.co.jp/,creco-lab.co.jp,,https://creco-lab.co.jp/contact/contact.html,form,B,lifestyle_880021;lifestyle_880026,,,
株式会社 ゲンソン,https://www.genson.co.jp/,genson.co.jp,,https://www.genson.co.jp/contact,form,B,lifestyle_880021,,,
株式会社 コンテンツ,https://www.contents.gr.jp/,contents.gr.jp,,,none,none,lifestyle_880021,,,
株式会社ショータイム,http://shotime.co.jp/,shotime.co.jp,,http://shotime.co.jp/contact/,form,B,lifestyle_880021;lifestyle_880026,,,
株式会社 ジャストケアコミュニケーションズ,https://jc-communications.co.jp/,jc-communications.co.jp,,https://jc-communications.co.jp/contact,form,B,lifestyle_880021,,,
株式会社 ジュート,https://corporate.jute.jp/,corporate.jute.jp,,https://corporate.jute.jp/contact,form,B,lifestyle_880021,,,
株式会社 ジュリア,https://www.juliacorp.jp/,juliacorp.jp,,,none,none,lifestyle_880021,,,
株式会社 タキガワ・コーポレーション・ジャパン,https://www.takigawa-corp.com/,takigawa-corp.com,,https://www.takigawa-corp.com/contact/,form,B,lifestyle_880021;lifestyle_880026,,,
株式会社 ダイバーシティ,https://d-sity.jp/,d-sity.jp,,https://d-sity.jp/contact/,form,B,lifestyle_880021;lifestyle_880026,,,
株式会社 ツインズ,https://twins-corp.com/,twins-corp.com,,https://twins-corp.com/contact/,form,B,lifestyle_880021;lifestyle_880026,,,
株式会社 テルーボ･インターナショナル,https://www.teru-bo.com/,teru-bo.com,,,none,none,lifestyle_880021,,,
株式会社 ディアラ BayuFactory,https://diara.co.jp/bayufactory.html,diara.co.jp,,https://diara.co.jp/bayufactory.html/contact.html,form,B,lifestyle_880021;lifestyle_880026;omotenashi,,,
株式会社トーヨ,https://toyo-paper.co.jp/,toyo-paper.co.jp,,https://toyo-paper.co.jp/contact/,form,B,lifestyle_880021,,,
株式会社 トランス,https://www.trans.co.jp/,trans.co.jp,,https://www.trans.co.jp/contact/,form,B,lifestyle_880021,,,
株式会社トリニティ,https://trinity.jp/,trinity.jp,,https://trinity.jp/contact/,form,B,lifestyle_880021,,,
株式会社 ナガクラ,http://www.nagakura-gs.co.jp/,nagakura-gs.co.jp,,,none,none,lifestyle_880021,,,
株式会社 ナルシマ,https://narushima.co.jp/,narushima.co.jp,,https://narushima.co.jp/contact/,form,B,lifestyle_880021;lifestyle_880026,,,
株式会社 ニール,https://neil-inc.com/,neil-inc.com,,,none,none,lifestyle_880021;lifestyle_880026,,,
株式会社 ニマペル･インターナショナル,https://www.nimapel.com/,nimapel.com,4yoshida.nimapel@gmail.com,,email,A,lifestyle_880021,,1,
株式会社 ハナヤマ,https://www.hanayamatoys.co.jp/,hanayamatoys.co.jp,,https://www.hanayamatoys.co.jp/contact,form,B,lifestyle_880021,,,
株式会社 パンジー,https://www.pansy.co.jp/,pansy.co.jp,info-01@pansy.co.jp,https://www.pansy.co.jp/inquiry/,form,A,lifestyle_880021;omotenashi;ilt_direct,messe_frankfurt_exhibitor_api,,
株式会社 ビクセン,https://www.vixen.co.jp/,vixen.co.jp,,https://www.vixen.co.jp/contact/,form,B,lifestyle_880021;lifestyle_880026,,,
株式会社ビューティー・セレクト,https://b-select.jp/,b-select.jp,,https://b-select.jp/contact.html,form,B,lifestyle_880021,,,
株式会社ファンデクセル,https://fundexcell.com/?srsltid=AfmBOorvoIt-987Xby5bZaE1eYCTzRRKtTz2ZPj_VM19wDHmq-KgcFN8,fundexcell.com,,https://fundexcell.com/?srsltid=AfmBOorvoIt-987Xby5bZaE1eYCTzRRKtTz2ZPj_VM19wDHmq-KgcFN8/pages/contact,form,B,lifestyle_880021,,,
株式会社 フェイス,https://www.faith.co.jp/,faith.co.jp,,https://www.faith.co.jp/contact,form,B,lifestyle_880021,,,
株式会社 フジシール,https://www.fujiseal.com/jp/,fujiseal.com,,https://www.fujiseal.com/jp/contact/index.html,form,B,lifestyle_880021;lifestyle_880026,,,
株式会社 ホワイトハウス,https://www.whitehouse.co.jp/,whitehouse.co.jp,,https://www.whitehouse.co.jp/contact/,form,B,lifestyle_880021;lifestyle_880026,,,
株式会社 マーガレットジョセフィン,http://www.margaret-jj.co.jp/,margaret-jj.co.jp,,,none,none,lifestyle_880021;lifestyle_880026,,,
株式会社 マースプランニング,https://www.mars-planning.co.jp/,mars-planning.co.jp,,,none,none,lifestyle_880021;lifestyle_880026;omotenashi,,,
株式会社モリオト,https://morioto.co.jp/,morioto.co.jp,,,none,none,lifestyle_880021;lifestyle_880026,,,
株式会社モルディア,https://www.moldea.co.jp/,moldea.co.jp,,,none,none,lifestyle_880021;lifestyle_880026,,,
株式会社ユニオンキャップ,https://www.unioncap.co.jp/,unioncap.co.jp,,https://www.unioncap.co.jp/contact/,form,B,lifestyle_880021;lifestyle_880026,,,
株式会社ユニカ,https://www.yunika.co.jp/,yunika.co.jp,,https://www.yunika.co.jp/contactform,form,B,lifestyle_880021,,,
株式会社 ヨシカワ,https://www.yoshikawa-lifestyle.com/shop/,yoshikawa-lifestyle.com,,https://www.yoshikawa-lifestyle.com/contact/,form,B,lifestyle_880021;omotenashi,,,
株式会社ライズ,https://www.rise-jms.jp/,rise-jms.jp,,https://www.rise-jms.jp/contact.html,form,B,lifestyle_880021,,,
株式会社 ラッキー,https://lucky-tokyo.com/,lucky-tokyo.com,,https://lucky-tokyo.com/contact.html,form,B,lifestyle_880021;lifestyle_880026,,,
株式会社 リボーンカンパニー,https://reborn-co.com/,reborn-co.com,,https://reborn-co.com/contact.php,form,B,lifestyle_880021,,,
株式会社リューエ,https://www.lvrui.net/,lvrui.net,,,none,none,lifestyle_880021,,,
株式会社ワイズマン,https://www.wiseman.co.jp/,wiseman.co.jp,,https://www.wiseman.co.jp/inquiry/,form,B,lifestyle_880021,,,
株式会社 ヴィットハート,https://www.sanyopleasure-group.jp/group/vitheart/,sanyopleasure-group.jp,,https://www.sanyopleasure-group.jp/group/vitheart/contact/,form,B,lifestyle_880021,,,
（株）丸モ高木陶器,https://www.marumo1887.com/,marumo1887.com,,https://www.marumo1887.com/contact/,form,B,lifestyle_880021;omotenashi;minkougei,,,
株式会社 丸井,https://www.0101.co.jp/,0101.co.jp,,,none,none,lifestyle_880021,,,
株式会社 今井技巧,https://www.imaigikou.co.jp/,imaigikou.co.jp,,https://www.imaigikou.co.jp/contact/,form,B,lifestyle_880021;lifestyle_880026,,,
株式会社今村紙工,http://imamurashiko.co.jp/,imamurashiko.co.jp,,https://imamurashiko.co.jp/contact/,form,B,lifestyle_880021;lifestyle_880026,,,
株式会社 伊藤美藝社製版所,https://www.bigei.co.jp/,bigei.co.jp,,https://www.bigei.co.jp/contact/,form,B,lifestyle_880021;lifestyle_880026,,,
株式会社 典,https://www.edgingcasting.com/gywm,edgingcasting.com,business@edgingcasting.com,,email,A,lifestyle_880021,,,
株式会社 兼由,https://www.kaneyoshi.jp/,kaneyoshi.jp,,https://www.kaneyoshi.jp/./contact.php,form,B,lifestyle_880021;fgs2025,,,
株式会社 宇奥ジャパン,https://www.yuohk-japan.com/,yuohk-japan.com,,https://www.yuohk-japan.com/contact,form,B,lifestyle_880021,,,
株式会社富士印刷,https://www.fuji-print.jp/,fuji-print.jp,,,none,none,lifestyle_880021;lifestyle_880026,,,
株式会社富士高圧プロダクツ,https://fuji-koatsu.com/,fuji-koatsu.com,,https://fuji-koatsu.com/contact/index.html,form,B,lifestyle_880021;lifestyle_880026,,,
株式会社島精機製作所,https://www.shimaseiki.co.jp/,shimaseiki.co.jp,n-shima@crux.ocn.ne.jp,https://www.shimaseiki.co.jp/inquiry/,form,A,lifestyle_880021;ilt_direct;ilt_v2,https://www.shimaseiki.co.jp/,,1
株式会社 慶進社,https://www.keishinsha.co.jp/,keishinsha.co.jp,,https://www.keishinsha.co.jp/contact.html,form,B,lifestyle_880021;lifestyle_880026,,,
株式会社日本ビジネス開発,http://www.jbd.co.jp/,jbd.co.jp,,http://www.jbd.co.jp/contact/index.html,form,B,lifestyle_880021,,,
株式会社 明治維新商店,https://ais-trading.co.jp/,ais-trading.co.jp,,https://www.ais-trading.co.jp/contact.html,form,B,lifestyle_880021;lifestyle_880026,,,
(株)有本製作所,https://www.as-arimoto.co.jp/,as-arimoto.co.jp,info@as-arimoto.co.jp,https://www.as-arimoto.co.jp/company/,none,A,lifestyle_880021;lifestyle_880026;omotenashi;ilt_direct;ilt_v2,https://www.as-arimoto.co.jp/,,
株式会社本田洋行,https://www.hondayoko.co.jp/,hondayoko.co.jp,,https://www.hondayoko.co.jp/inquiry/,form,B,lifestyle_880021;lifestyle_880026,,,
株式会社 東具PLAS,http://togu-plas.jp/,togu-plas.jp,,,none,none,lifestyle_880021;lifestyle_880026,,,
株式会社 東昇商事,https://www.toushou-japan.com/,toushou-japan.com,,https://www.toushou-japan.com/contact/,form,B,lifestyle_880021,,,
株式会社松崎人形,https://www.koikko.com/,koikko.com,,https://www.koikko.com/#makeshop-common-contact-url,form,B,lifestyle_880021,,,
株式会社 松永,http://matsu-naga.co.jp/,matsu-naga.co.jp,,,none,none,lifestyle_880021;lifestyle_880026,,,
株式会社 江戸てん,https://edoten.com/,edoten.com,info@edoten.jp,,email,A,lifestyle_880021;lifestyle_880026,,,1
株式会社清衛産業,https://www.kiyoe.co.jp/,kiyoe.co.jp,,https://www.kiyoe.co.jp/inquiry/,form,B,lifestyle_880021,,,
株式会社熊谷鉄工所,https://kajiya.me/,kajiya.me,,,none,none,lifestyle_880021;lifestyle_880026,,,
株式会社瓦粋,http://www.ka-wa-ra.jp/,ka-wa-ra.jp,info@ka-wa-ra.jp,http://www.ka-wa-ra.jp/contact/index.html,email,A,lifestyle_880021;lifestyle_880026;omotenashi,,,
株式会社真多呂,https://www.mataro.co.jp/,mataro.co.jp,s.k@mataro.co.jp,https://www.mataro.co.jp/pages/contact,form,A,lifestyle_880021;ilt_direct,messe_frankfurt_exhibitor_api,,
株式会社 絆工房,https://kizunakobo.jp/,kizunakobo.jp,,http://kizunakobo.jp/contact/,form,B,lifestyle_880021;lifestyle_880026,,,
株式会社 茅,https://kaya-inc.co.jp/,kaya-inc.co.jp,,https://kaya-inc.co.jp/contact/,form,B,lifestyle_880021,,,
株式会社 西村庄治商店,http://wa-project.com/,wa-project.com,,http://wa-project.com/contact/,form,B,lifestyle_880021;lifestyle_880026,,,
株式会社ＲＶ東陽,https://rv-toyo.jp/,rv-toyo.jp,,https://rv-toyo.jp/contact/,form,B,lifestyle_880021,,,
江南ラミネート株式会社,https://www.kounanlaminate.co.jp/,kounanlaminate.co.jp,,https://www.kounanlaminate.co.jp/contact.html,form,B,lifestyle_880021;lifestyle_880026,,,
清原 株式会社,https://www.kiyohara.co.jp/,kiyohara.co.jp,,https://www.kiyohara.co.jp/contact,form,B,lifestyle_880021,,,
犬飼タオル 株式会社,https://inukaitowel.co.jp/,inukaitowel.co.jp,,https://inukaitowel.co.jp/contact/,form,B,lifestyle_880021;lifestyle_880026,,,
白山印刷 株式会社,https://hakusan-p.co.jp/,hakusan-p.co.jp,,,none,none,lifestyle_880021,,,
竹野株式会社,https://www.ta-ke-no.co.jp/,ta-ke-no.co.jp,,https://www.ta-ke-no.co.jp/contact,form,B,lifestyle_880021,,,
花山開発株式会社,https://hanayamaonsen.bsj.jp/,hanayamaonsen.bsj.jp,,,error,none,lifestyle_880021;lifestyle_880026,,,
葛飾ブランド 葛飾町工場物語,https://katsushika-brand.jp/,katsushika-brand.jp,,,none,none,lifestyle_880021;lifestyle_880026,,,
西巻印刷株式会社,http://nishimaki.co.jp/,nishimaki.co.jp,,http://nishimaki.co.jp/contact,form,B,lifestyle_880021;lifestyle_880026,,,
重光商事 株式会社,https://shigemitsu-shoji.co.jp/,shigemitsu-shoji.co.jp,info@shigemitsu-shoji.co.jp,https://shigemitsu-shoji.co.jp/contact/,form,A,lifestyle_880021;fgs2025,,,
Garasha Design,https://www.garasha.net/,garasha.net,shop@garasha.net,,email,A,lifestyle_880026,,,
Information Architects 株式会社,https://ia.net/ja,ia.net,tokyo@ia.net,,none,A,lifestyle_880026;ilt_direct,messe_frankfurt_exhibitor_api,,
LiL,https://jp.iqos.com/discover/lil-hybrid,jp.iqos.com,,https://jp.iqos.com/support#contact,form,B,lifestyle_880026,,,
LUNAKA,https://naillunaka.com/page-2DltS,naillunaka.com,info@naillunaka.com,https://naillunaka.com/bussiness,email,A,lifestyle_880026;omotenashi,,,
memorab［メモラブ］,https://www.memorab.jp/,memorab.jp,inc.contact@memorab.jpnameemailmessagesend,,email,A,lifestyle_880026,,,1
SHIP株式会社,https://ship.inc/,ship.inc,,https://ship.inc/contact/,form,B,lifestyle_880026,,,
UPPER VILLAGE株式会社,https://www.upper-village.com/,upper-village.com,,https://www.upper-village.com/contact,form,B,lifestyle_880026,,,
wackwack creative株式会社,https://www.wackwack.jp/,wackwack.jp,,,none,none,lifestyle_880026,,,
"YANGJIANG GANG RONG CO., LTD.",https://www.yjgangrong.com/,yjgangrong.com,,,none,none,lifestyle_880026,,,
Zhejiang Yifudelun Medical Apparatus Co. Ltd.,https://jp.yfdl.com/news/company-news/,jp.yfdl.com,,,none,none,lifestyle_880026,,,
つつみ屋工房,https://tsutsumiya.com/,tsutsumiya.com,,https://tsutsumiya.com/contactform/,form,B,lifestyle_880026,,,
グリンティーナ株式会社,https://greentena.studio.site/about,greentena.studio.site,,,none,none,lifestyle_880026,,,
コスメテックスローランド 株式会社,https://www.c-roland.co.jp/,c-roland.co.jp,contact@c-roland.co.jp,https://www.c-roland.co.jp/mailto:contact@c-roland.co.jp?subject=【WEB】コスメテックスローランドへのお問い合わせ,form,A,lifestyle_880026;omotenashi,,,
丸富製紙株式会社,https://www.marutomi-seishi.co.jp/,marutomi-seishi.co.jp,info@marutomi-seishi.co.jp,https://www.marutomi-seishi.co.jp/inquiry/,form,A,lifestyle_880026;omotenashi,,,
合同会社かつらぎ町あんぽ柿加工組合,http://www.wakayama-anpo.com/,wakayama-anpo.com,,,none,none,lifestyle_880026,,,
多羅富來和紙,https://tarafuku-washi.com/,tarafuku-washi.com,,,none,none,lifestyle_880026,,,
市原製陶 株式会社,https://www.ichihara-st.co.jp/,ichihara-st.co.jp,,https://www.ichihara-st.co.jp/inquiry,form,B,lifestyle_880026,,,
文字のしおり(運営:株式会社 正文社印刷所）,https://www.seibunsha.com/service/mojinoshiori/,seibunsha.com,,https://www.seibunsha.com/contact/,form,B,lifestyle_880026,,,
日王 株式会社,https://nichiou.co.jp/?srsltid=AfmBOoooCPrYrFdArzeIsay_UTPvAww0guVOrHkHcVW83nC4nE-91wgd,nichiou.co.jp,info@nichiou.co.jp,,email,A,lifestyle_880026,,,
有限会社FRACTION,https://www.f-fraction.com/,f-fraction.com,,,none,none,lifestyle_880026,,,
有限会社 エムアンドジーキタデ,https://www.mgkitade.com/,mgkitade.com,,https://www.mgkitade.com/contact/,form,B,lifestyle_880026,,,
東京ベッド 株式会社,https://www.tokyo-bed.co.jp/,tokyo-bed.co.jp,,https://www.tokyo-bed.co.jp/contact/,form,B,lifestyle_880026,,,
東洋ケース 株式会社,https://www.toyo-case.co.jp/,toyo-case.co.jp,,https://www.toyo-case.co.jp/contact,form,B,lifestyle_880026,,,
株式会社 HARU,https://www.haru-shop.jp/?srsltid=AfmBOoqrVAir76sCj5bPL6GPyh30_kkmybG7epmVmbcKT7jIzHSWm_dT,haru-shop.jp,,,none,none,lifestyle_880026,,,
株式会社 KASAMA,http://kasama-jp.com/,kasama-jp.com,,http://kasama-jp.com/contact/,form,B,lifestyle_880026,,,
株式会社 Mama&Me.,https://www.ma-ma-me.com/,ma-ma-me.com,,,none,none,lifestyle_880026,,,
株式会社 なかよしライブラリー,https://wooden-toy.net/?srsltid=AfmBOoo2i_g_OMSOCse3-dTdx4vzokCke3jXNTb9qfsxqTCztEumoM_x,wooden-toy.net,,,none,none,lifestyle_880026,,,
株式会社やよいディライト,https://yayoi-living.jp/,yayoi-living.jp,,,none,none,lifestyle_880026,,,
株式会社オリジン,https://www.origin.co.jp/,origin.co.jp,,https://www.origin.co.jp/contact/,form,B,lifestyle_880026,,,
株式会社 コーベヤ,https://kobeya-sp.co.jp/,kobeya-sp.co.jp,,https://kobeya-sp.co.jp/contact,form,B,lifestyle_880026,,,
株式会社シュワン,https://shuwan.jp/,shuwan.jp,,https://shuwan.jp/contact_business/,form,B,lifestyle_880026,,,
株式会社ハイブリッド,https://www.hybridfirm.net/,hybridfirm.net,,https://www.hybridfirm.net/inquiry/,form,B,lifestyle_880026,,,
株式会社 ヒロショウ,https://hiroshow.co.jp/,hiroshow.co.jp,,http://hiroshow.co.jp/contact/index.php,form,B,lifestyle_880026,,,
株式会社ミヨシ,https://www.miyosi.co.jp/ja/,miyosi.co.jp,,https://www.miyosi.co.jp/contact/,form,B,lifestyle_880026,,,
株式会社ヤツクラ,https://yatsukura.com/,yatsukura.com,,https://yatsukura.com/contact,form,B,lifestyle_880026,,,
株式会社 ヤマタネ,https://www.yamatane.co.jp/,yamatane.co.jp,,https://www.yamatane.co.jp/inquiry/,form,B,lifestyle_880026,,,
株式会社一秀,http://www.isshu-hina.com/,isshu-hina.com,,,none,none,lifestyle_880026,,,
株式会社三渓産業,https://sankei-sk.co.jp/,sankei-sk.co.jp,,https://sankei-sk.co.jp/contact-1.html,form,B,lifestyle_880026,,,
株式会社共和スタイル,https://kyowa-style.co.jp/,kyowa-style.co.jp,info@kyowa-style.co.jp,,email,A,lifestyle_880026,,,
株式会社 金正陶器,https://www.kanesho.co.jp/,kanesho.co.jp,,,none,none,lifestyle_880026,,,
株式会社黒木織物,https://www.kurokiorimono.com/,kurokiorimono.com,kurokiorimono@yahoo.co.jp,,email,A,lifestyle_880026,,1,
江戸下町工房,https://edoshitamachi.jp/?srsltid=AfmBOoriNGCnpw5pPb1M0EfHIBezeH5pfwPJ5uWRHTPXrW4iiwvZseBs,edoshitamachi.jp,,,none,none,lifestyle_880026,,,
羽衣シヤツ株式会社,https://hagoromoshirts-tokyo.amebaownd.com/,hagoromoshirts-tokyo.amebaownd.com,hagoromo-s@msa.biglobe.ne.jp,,email,A,lifestyle_880026,,,1
ｃｈｉｋｏ ｌｔｄ．,https://chikochouchou.com/?srsltid=AfmBOoq7cwdQGNOOfFx3Z4KD3f8az97l62xciI3XlcM4F9eC265p9h0K,chikochouchou.com,,https://chikochouchou.com/?srsltid=AfmBOoq7cwdQGNOOfFx3Z4KD3f8az97l62xciI3XlcM4F9eC265p9h0K/pages/inquiry,form,B,lifestyle_880026,,,
商工会議所名,http://www.wakkanai-cci.or.jp/about/soshiki,wakkanai-cci.or.jp,,http://www.wakkanai-cci.or.jp/contact,form,B,cci,,,
函館商工会議所,https://www.hakodate.cci.or.jp/,hakodate.cci.or.jp,hako-kan1@city.hakodate.hokkaido.jp,https://www.hakodate.cci.or.jp/contact,both,A,cci,,,1
小樽商工会議所,https://otarucci.jp/,otarucci.jp,otaru@otarucci.jp,http://otarucci.jp/contact/,both,A,cci,,,
札幌商工会議所,https://www.sapporo-cci.or.jp/,sapporo-cci.or.jp,,https://www.sapporo-cci.or.jp/web/purpose/01/contact.html,form,B,cci,,,
旭川商工会議所,https://www.ccia.or.jp/,ccia.or.jp,keisou@ccia.or.jp,,none,A,cci;cci_v2,https://www.ccia.or.jp/,,
室蘭商工会議所,https://www.murocci.or.jp/,murocci.or.jp,,https://www.murocci.or.jp/inquiry/,form,B,cci,,,
釧路商工会議所,https://www.kuhcci.or.jp/,kuhcci.or.jp,kccifi@kuhcci.or.jp,https://www.kuhcci.or.jp/,none,A,cci;cci_v2,https://www.kuhcci.or.jp/,,
帯広商工会議所,https://www.occi.or.jp/,occi.or.jp,,https://www.occi.or.jp/contact,form,B,cci,,,
北見商工会議所,https://kitamicci.or.jp/,kitamicci.or.jp,,https://kitamicci.or.jp/contact/,form,B,cci,,,
岩見沢商工会議所,https://www.iwamizawacci.or.jp/,iwamizawacci.or.jp,info@iwamizawacci.or.jp,https://www.iwamizawacci.or.jp/contact/,both,A,cci,,,
留萌商工会議所,https://www.rumoi.or.jp/,rumoi.or.jp,,https://www.rumoi.or.jp/form.html,form,B,cci,,,
網走商工会議所,https://www.a-cci.or.jp/,a-cci.or.jp,info@a-cci.or.jp,https://www.a-cci.or.jp/contact.html,both,A,cci,,,
根室商工会議所,https://www.necci.or.jp/,necci.or.jp,,,none,none,cci;cci_v2,,,
滝川商工会議所,http://takikawacci.or.jp/,takikawacci.or.jp,info@takikawacci.or.jp,,email,A,cci,,,
深川商工会議所,http://www.fukagawa.server-shared.com/wordpress/,fukagawa.server-shared.com,fukagawa@seagreen.ocn.ne.jp,,email,A,cci,,,1
栗山商工会議所,https://www.kuriyama-cci.or.jp/,kuriyama-cci.or.jp,asahi-kenshu@smrj.go.jp,,email,A,cci,,,1
美唄商工会議所,https://bibai-cci.or.jp/,bibai-cci.or.jp,bibaicci@gray.plala.or.jp,,none,A,cci;cci_v2,https://bibai-cci.or.jp/,,1
砂川商工会議所,https://sunagawa-cci.or.jp/,sunagawa-cci.or.jp,,https://sunagawa-cci.or.jp/,none,B,cci;cci_v2,,,
紋別商工会議所,https://www.mon-cci.or.jp/,mon-cci.or.jp,,https://www.mon-cci.or.jp/latest_information/202209053664/,form,B,cci,,,
森商工会議所,http://moricci.or.jp/,moricci.or.jp,iwamura@hoteikaki.com,http://www.google.com/search,none,A,cci;cci_v2,http://moricci.or.jp/,,1
士別商工会議所,http://www.shibetsu.ne.jp/,shibetsu.ne.jp,,,none,none,cci;cci_v2,,,
富良野商工会議所,https://www.furano-cci.or.jp/,furano-cci.or.jp,sohmu-ka@city.furano.hokkaido.jp,https://www.furano-cci.or.jp/,none,A,cci;cci_v2,https://www.furano-cci.or.jp/,,1
名寄商工会議所,https://nayorocci.or.jp/,nayorocci.or.jp,nayocci@hokkai.or.jp,https://nayorocci.or.jp/publics/search,none,A,cci;cci_v2,https://nayorocci.or.jp/,,1
遠軽商工会議所,https://engaru-cci.jp/,engaru-cci.jp,,https://engaru-cci.jp/category/information/,form,B,cci,,,
江別商工会議所,https://www.ebetsu-cci.or.jp/,ebetsu-cci.or.jp,,https://www.ebetsu-cci.or.jp/protected/?comeFrom=https%3A%2F%2Fwww.ebetsu-cci.or.jp%2Fshinchiku-reform-fair%2F&,form,B,cci,,,
倶知安商工会議所,https://kutchan-cci.com/,kutchan-cci.com,,http://kutchan-cci.com/contact/,form,B,cci,,,
芦別商工会議所,https://ashibetsu-cci.or.jp/,ashibetsu-cci.or.jp,ashicci@cocoa.ocn.ne.jp,,email,A,cci,,,1
夕張商工会議所,https://yubaricci.sakura.ne.jp/,yubaricci.sakura.ne.jp,yubari@cocoa.ocn.ne.jp,,email,A,cci,,,1
美幌商工会議所,https://bihorocci.jp/,bihorocci.jp,hayashi@bihorocci.jp,,none,A,cci;cci_v2,https://bihorocci.jp/,,
歌志内商工会議所,http://www.msknet.ne.jp/~utacci/,msknet.ne.jp,kamiscci@msknet.ne.jp,,none,A,cci;cci_v2,,,
赤平商工会議所,https://www.akabiracci.or.jp/,akabiracci.or.jp,acci@cocoa.ocn.ne.jp,,email,A,cci,,,1
浦河商工会議所,http://www.net-urakawa.com/cci/,net-urakawa.com,,http://www.net-urakawa.com/cci/index.php,none,B,cci;cci_v2,,,
伊達商工会議所,https://www.date-cci.or.jp/,date-cci.or.jp,info@date-cci.or.jp,,email,A,cci,,,
苫小牧商工会議所,https://tomakomaicci.jp/,tomakomaicci.jp,jigyo@cci.tomakomai.or.jp,https://tomakomaicci.jp/publics/search/,none,A,cci;cci_v2,https://tomakomaicci.jp/,,1
留辺蘂商工会議所,http://rubeshibe-cci.org/,rubeshibe-cci.org,,http://rubeshibe-cci.org/,none,B,cci;cci_v2,,,
岩内商工会議所,https://iwanai-cci.com/,iwanai-cci.com,,https://iwanai-cci.com/contact.html,form,B,cci,,,
余市商工会議所,https://www.yoichi-cci.com/,yoichi-cci.com,info@yoichi-cci.com,,email,A,cci,,,
千歳商工会議所,https://www.chitose-cci.or.jp/,chitose-cci.or.jp,,https://www.chitose-cci.or.jp/contact.html,form,B,cci,,,
登別商工会議所,https://noboribetsucci.jimdofree.com/,noboribetsucci.jimdofree.com,info@noboribetsu.cci.or.jp,https://noboribetsucci.jimdofree.com/メンバーホーム/,none,A,cci;cci_v2,https://noboribetsucci.jimdofree.com/,,1
恵庭商工会議所,https://eniwa-cci.or.jp/,eniwa-cci.or.jp,eniwacci@eniwa-cci.or.jp,https://eniwa-cci.or.jp/contact/,both,A,cci,,,
石狩商工会議所,https://www.ishikari-cci.or.jp/,ishikari-cci.or.jp,,https://www.ishikari-cci.or.jp/inquiry,form,B,cci,,,
青森商工会議所,https://www.acci.or.jp/,acci.or.jp,,https://www.acci.or.jp/contact/,form,B,cci,,,
八戸商工会議所,https://www.8cci.or.jp/,8cci.or.jp,,https://www.8cci.or.jp/utility/contact.html,form,B,cci,,,
十和田商工会議所,https://www.towada.or.jp/,towada.or.jp,,,none,none,cci;cci_v2,,,
黒石商工会議所,https://k-cci.or.jp/,k-cci.or.jp,kuroishi@k-cci.or.jp,https://k-cci.or.jp/inquiry/,both,A,cci,,,
五所川原商工会議所,https://www.gocci.or.jp/,gocci.or.jp,cci-info@gocci.or.jp,https://www.gocci.or.jp/contacts.html,both,A,cci,,,
むつ商工会議所,https://www.mutsucci.or.jp/,mutsucci.or.jp,,https://www.mutsucci.or.jp/inquiry/,form,B,cci,,,
盛岡商工会議所,https://www.ccimorioka.or.jp/,ccimorioka.or.jp,,https://www.ccimorioka.or.jp/contact/,form,B,cci,,,
釜石商工会議所,https://kamaishi-cci.or.jp/,kamaishi-cci.or.jp,info@kamaishi-cci.or.jp,https://kamaishi-cci.or.jp/management_support/,both,A,cci,,,
一関商工会議所,https://ichinoseki-cci.com/,ichinoseki-cci.com,,https://ichinoseki-cci.com/contact/index.html,form,B,cci,,,
宮古商工会議所,http://www.miyacci.or.jp/,miyacci.or.jp,daihyo@miyacci.or.jp,,email,A,cci,,,
花巻商工会議所,https://hanamaki-cci.or.jp/,hanamaki-cci.or.jp,,https://hanamaki-cci.or.jp/information/,form,B,cci,,,
奥州商工会議所,https://www.oshucci.com/,oshucci.com,info@oshucci.com,https://www.oshucci.com/search.php,none,A,cci;cci_v2,https://www.oshucci.com/,,
北上商工会議所,https://www.kitakamicci.jp/,kitakamicci.jp,info@kitakamicci.jp,https://www.kitakamicci.jp/contact/,both,A,cci,,,
大船渡商工会議所,https://ofunatocci.or.jp/,ofunatocci.or.jp,ofunato@chive.ocn.ne.jp,,email,A,cci,,,1
久慈商工会議所,https://www.kujicci-iwate.jp/,kujicci-iwate.jp,kuji@kujicci-iwate.jp,,email,A,cci,,,
仙台商工会議所,https://www.sendaicci.or.jp/,sendaicci.or.jp,,https://www.sendaicci.or.jp/contact-all.html,form,B,cci,,,
塩釜商工会議所,https://www.shiogamacci.jp/,shiogamacci.jp,info@siog-cci.or.jp,,email,A,cci,,,1
石巻商工会議所,https://ishinomaki.or.jp/,ishinomaki.or.jp,,https://ishinomaki.or.jp/contact,form,B,cci,,,
気仙沼商工会議所,https://www.kesennuma.or.jp/,kesennuma.or.jp,,https://www.kesennuma.or.jp/contact/,form,B,cci,,,
古川商工会議所,https://www.furukawa-cci.or.jp/,furukawa-cci.or.jp,alata@sangyo-osaki.com,https://furukawa-cci.or.jp/latest_information/2025120111934/,both,A,cci,,,1
白石商工会議所,https://www.shiroishicci.or.jp/,shiroishicci.or.jp,info@shiroishicci.or.jp,,email,A,cci,,,
秋田商工会議所,https://www.akitacci.or.jp/,akitacci.or.jp,,https://www.akitacci.or.jp/inquiry/,form,B,cci,,,
能代商工会議所,https://noshiro-cci.jp/,noshiro-cci.jp,,https://noshiro-cci.jp/contact/,form,B,cci,,,
大館商工会議所,https://www.odatecci.or.jp/,odatecci.or.jp,info@odatecci.or.jp,,email,A,cci,,,
横手商工会議所,https://www.yokotecci.or.jp/,yokotecci.or.jp,,https://www.yokotecci.or.jp/mailform/,form,B,cci,,,
湯沢商工会議所,https://www.yuzawacci.or.jp/,yuzawacci.or.jp,info@yuzawacci.or.jp,https://www.yuzawacci.or.jp/mailform/,both,A,cci,,,
大曲商工会議所,https://www.omagari-cci.com/,omagari-cci.com,,,none,none,cci;cci_v2,,,
山形商工会議所,https://www.yamagata-cci.or.jp/,yamagata-cci.or.jp,soumu@yamagata-cci.or.jp,https://www.yamagata-cci.or.jp/onlinesodan/contact_ck.cgi,none,A,cci;cci_v2,https://www.yamagata-cci.or.jp/,,
酒田商工会議所,http://sakata-cci.or.jp/,sakata-cci.or.jp,,http://sakata-cci.or.jp/contact.html,form,B,cci,,,
鶴岡商工会議所,https://www.trcci.or.jp/,trcci.or.jp,,https://www.trcci.or.jp/contact/contact.php,form,B,cci,,,
米沢商工会議所,http://www.ycci.or.jp/,ycci.or.jp,,https://www.ycci.or.jp/,none,B,cci;cci_v2,,,
新庄商工会議所,https://sjcci.or.jp/,sjcci.or.jp,shinjyou@sjcci.or.jp,https://sjcci.or.jp/#contact-area,both,A,cci,,,
長井商工会議所,https://www.nagai-cci.or.jp/,nagai-cci.or.jp,,,none,none,cci;cci_v2,,,
天童商工会議所,http://www.tendocci.com/,tendocci.com,,,none,none,cci;cci_v2,,,
福島商工会議所,https://www.fukushima-cci.or.jp/,fukushima-cci.or.jp,,https://www.fukushima-cci.or.jp/contact/form.html,form,B,cci,,,
郡山商工会議所,https://www.ko-cci.or.jp/,ko-cci.or.jp,admin@entre.gr.jp,https://www.ko-cci.or.jp/contact/,both,A,cci,,,1
会津若松商工会議所,https://www.aizu-cci.or.jp/,aizu-cci.or.jp,,https://www.aizu-cci.or.jp/inquiry/,form,B,cci,,,
いわき商工会議所,http://www.iwakicci.or.jp/,iwakicci.or.jp,web@iwakicci.or.jp,http://www.iwakicci.or.jp/toiawase.html,both,A,cci,,,
白河商工会議所,https://shirakawa-cci.or.jp/,shirakawa-cci.or.jp,,https://shirakawa-cci.or.jp/category/keieis-support/,both,B,cci,,,
原町商工会議所,https://www.haracci.com/,haracci.com,,,none,none,cci;cci_v2,,,
会津喜多方商工会議所,http://www.aizukitakatacci.or.jp/,aizukitakatacci.or.jp,info@aizukitakatacci.or.jp,,email,A,cci,,,
相馬商工会議所,http://www.somacci.com/,somacci.com,,,none,none,cci;cci_v2,,,
須賀川商工会議所,https://www.sukagawacci.or.jp/,sukagawacci.or.jp,,https://www.sukagawacci.or.jp/contact/,form,B,cci,,,
二本松商工会議所,https://www.nihonmatsu-cci.or.jp/,nihonmatsu-cci.or.jp,ncci@nihonmatsu-cci.or.jp,https://www.nihonmatsu-cci.or.jp/,none,A,cci;cci_v2,https://www.nihonmatsu-cci.or.jp/,,
新潟商工会議所,https://www.niigata-cci.or.jp/,niigata-cci.or.jp,office@niigata-cci.or.jp,https://www.niigata-cci.or.jp/business-support,both,A,cci,,,
上越商工会議所,https://www.jocci.jp/,jocci.jp,jocci@joetsu.ne.jp,https://www.jocci.jp/contact/,both,A,cci,,,1
長岡商工会議所,https://www.nagaokacci.or.jp/,nagaokacci.or.jp,info@nagaokacci.or.jp,https://www.nagaokacci.or.jp/contact/,both,A,cci,,,
柏崎商工会議所,https://kashiwazakicci.or.jp/,kashiwazakicci.or.jp,soudan@kashiwazakicci.or.jp,https://kashiwazakicci.or.jp/hanrokakudai-pr/shyogyoshien/business-meet-support/,both,A,cci,,,
新発田商工会議所,http://www.shibata-cci.or.jp/,shibata-cci.or.jp,cci@shibata-cci.or.jp,,email,A,cci,,,
新津商工会議所,https://niitsu.or.jp/,niitsu.or.jp,n-cci@fsinet.or.jp,,email,A,cci,,,1
燕商工会議所,https://tsubame-cci.or.jp/,tsubame-cci.or.jp,info@and-seren.com,https://tsubame-cci.or.jp/contact/,both,A,cci,,,1
小千谷商工会議所,https://www.ojiyacci.org/,ojiyacci.org,mail@ojiyacci.org,,email,A,cci,,,
糸魚川商工会議所,https://www.itoigawa-cci.or.jp/,itoigawa-cci.or.jp,,https://www.itoigawa-cci.or.jp/contact/,form,B,cci,,,
村上商工会議所,https://www.mu-cci.or.jp/,mu-cci.or.jp,cci@mu-cci.or.jp,https://www.mu-cci.or.jp/cci-info/contact/,both,A,cci,,,
十日町商工会議所,https://www.tokamachi-cci.or.jp/,tokamachi-cci.or.jp,info@tokamachi-cci.or.jp,https://www.tokamachi-cci.or.jp/business-support,both,A,cci,,,
新井商工会議所,https://www.araicci.jp/,araicci.jp,,https://www.araicci.jp/contact/,form,B,cci,,,
加茂商工会議所,http://www.kamocci.or.jp/,kamocci.or.jp,info@kamocci.or.jp,,email,A,cci,,,
五泉商工会議所,https://www.gosencci.or.jp/,gosencci.or.jp,,https://www.gosencci.or.jp/contact,form,B,cci,,,
亀田商工会議所,https://www.kameda-cci.or.jp/,kameda-cci.or.jp,info@kameda-cci.or.jp,,email,A,cci,,,
富山商工会議所,https://toyama.ccis-toyama.or.jp/,toyama.ccis-toyama.or.jp,,https://toyama.ccis-toyama.or.jp/contact/,form,B,cci,,,
高岡商工会議所,https://www.ccis-toyama.or.jp/takaoka/,ccis-toyama.or.jp,takaoka@ccis-toyama.or.jp,https://takaoka.ccis-toyama.or.jp/contact-form/,both,A,cci,,,
射水商工会議所,https://imizucci.jp/,imizucci.jp,,https://imizucci.jp/inquiry/,form,B,cci,,,
魚津商工会議所,https://uozu.ccis-toyama.or.jp/,uozu.ccis-toyama.or.jp,,https://uozu.ccis-toyama.or.jp/development-support-plan/,form,B,cci,,,
砺波商工会議所,https://tonami.ccis-toyama.or.jp/,tonami.ccis-toyama.or.jp,,https://tonami.ccis-toyama.or.jp/contact,form,B,cci,,,
滑川商工会議所,https://namerikawa.ccis-toyama.or.jp/,namerikawa.ccis-toyama.or.jp,,https://namerikawa.ccis-toyama.or.jp/contact/,form,B,cci,,,
黒部商工会議所,https://kurobe.ccis-toyama.or.jp/,kurobe.ccis-toyama.or.jp,,https://kurobe.ccis-toyama.or.jp/contact.html,form,B,cci,,,
金沢商工会議所,https://www.kanazawa-cci.or.jp/,kanazawa-cci.or.jp,,https://www.kanazawa-cci.or.jp/contact/index.html,form,B,cci,,,
小松商工会議所,https://komatsu-cci.or.jp/,komatsu-cci.or.jp,komatcci@komatcci.or.jp,https://komatsu-cci.or.jp/contact,both,A,cci,,,1
七尾商工会議所,https://nanao-cci.or.jp/,nanao-cci.or.jp,office@nanao-cci.or.jp,https://nanao-cci.or.jp/contact/,both,A,cci,,,
輪島商工会議所,https://wajimacci.or.jp/,wajimacci.or.jp,1960wajimacci@gmail.com,https://wajimacci.or.jp/,none,A,cci;cci_v2,https://wajimacci.or.jp/,1,
加賀商工会議所,https://kagaworld.or.jp/,kagaworld.or.jp,kaga@kagaworld.or.jp,,email,A,cci,,,
珠洲商工会議所,https://www.suzu.co.jp/,suzu.co.jp,,https://www.suzu.co.jp/contact.html,form,B,cci,,,
白山商工会議所,https://hakusancci.or.jp/,hakusancci.or.jp,info@hakusancci.or.jp,https://hakusancci.or.jp/contact/,both,A,cci,,,
上田商工会議所,https://www.ucci.or.jp/,ucci.or.jp,,https://www.ucci.or.jp/contact/,form,B,cci,,,
長野商工会議所,https://www.nagano-cci.or.jp/,nagano-cci.or.jp,,https://www.nagano-cci.or.jp/bissupport,form,B,cci,,,
松本商工会議所,https://www.mcci.jp/,mcci.jp,mcci@mcci.or.jp,https://www.mcci.jp/contact/,both,A,cci,,,1
飯田商工会議所,https://www.iidacci.or.jp/,iidacci.or.jp,,https://www.iidacci.or.jp/profile/contact/,form,B,cci,,,
岡谷商工会議所,http://www.okayacci.or.jp/,okayacci.or.jp,info@okayacci.or.jp,https://www.b-mall.ne.jp/okaya/companysearch,none,A,cci;cci_v2,http://www.okayacci.or.jp/,,
諏訪商工会議所,https://www.suwacci.or.jp/,suwacci.or.jp,info@suwacci.or.jp,https://www.suwacci.or.jp/business_support/,both,A,cci,,,
須坂商工会議所,https://www.suzaka.or.jp/,suzaka.or.jp,,https://www.suzaka.or.jp/contact/,form,B,cci,,,
伊那商工会議所,https://www.inacci.or.jp/,inacci.or.jp,,https://www.inacci.or.jp/development-support-project/,form,B,cci,,,
塩尻商工会議所,https://www.shiojiri.or.jp/,shiojiri.or.jp,,https://www.shiojiri.or.jp/announce-category/support/,form,B,cci,,,
小諸商工会議所,https://www.kcci.komoro.org/,kcci.komoro.org,kcci@komoro.org,https://www.kcci.komoro.org/information/8421,both,A,cci,,,1
信州中野商工会議所,https://nakanocci.or.jp/,nakanocci.or.jp,,https://nakanocci.or.jp/otoiawase/,form,B,cci,,,
駒ヶ根商工会議所,http://www.komacci.or.jp/,komacci.or.jp,info@komacci.or.jp,http://www.komacci.or.jp/inq2.php,none,A,cci;cci_v2,http://www.komacci.or.jp/,,
大町商工会議所,https://occi.jp/,occi.jp,,https://occi.jp/contact/,form,B,cci,,,
茅野商工会議所,https://chinocci.or.jp/,chinocci.or.jp,,https://chinocci.or.jp/about/contact,form,B,cci,,,
佐久商工会議所,https://www.sakucci.or.jp/,sakucci.or.jp,,https://www.sakucci.or.jp/inquiry/,form,B,cci,,,
飯山商工会議所,https://www.iiyamacci.jp/,iiyamacci.jp,9@2c.ph,,email,A,cci,,,1
千曲商工会議所,https://chikumacci.jp/,chikumacci.jp,,https://chikumacci.jp/,none,B,cci;cci_v2,,,
水戸商工会議所,https://mito.inetcci.or.jp/,mito.inetcci.or.jp,,https://mito.inetcci.or.jp/contact/,form,B,cci,,,
土浦商工会議所,https://www.tcci.jp/,tcci.jp,igyoushu2026@tsukuba-cci.or.jp,https://www.tcci.jp/,none,A,cci;cci_v2,https://www.tcci.jp/,,1
古河商工会議所,https://www.kogacci.or.jp/,kogacci.or.jp,hayakawa_kei@jcci.or.jp,https://www.kogacci.or.jp/contact/,both,A,cci,,,1
日立商工会議所,https://www.hitachicci.or.jp/,hitachicci.or.jp,gj-soumu@ml.ibaraki.ac.jp,https://www.hitachicci.or.jp/contact/,both,A,cci,,,1
石岡商工会議所,https://www.ishioka.or.jp/,ishioka.or.jp,,,none,none,cci;cci_v2,,,
下館商工会議所,https://www.shimodate-cci.or.jp/,shimodate-cci.or.jp,,https://www.shimodate-cci.or.jp/wp/category/latest_information/,form,B,cci,,,
結城商工会議所,https://yuuki.inetcci.or.jp/,yuuki.inetcci.or.jp,yuuki@inetcci.or.jp,https://yuuki.inetcci.or.jp/contact/,both,A,cci,,,1
ひたちなか商工会議所,https://www.hcci.jp/,hcci.jp,info@globizz.net,,none,A,cci;cci_v2,https://www.hcci.jp/,,1
栃木商工会議所,https://www.tochigi-cci.or.jp/,tochigi-cci.or.jp,tcci@t-cnet.or.jp,,email,A,cci,,,1
宇都宮商工会議所,https://www.u-cci.or.jp/,u-cci.or.jp,,https://www.u-cci.or.jp/category/information_kanrendantai/,form,B,cci,,,
足利商工会議所,https://www.ashikaga.info/,ashikaga.info,acci@watv.ne.jp,https://www.ashikaga.info/contact_form,both,A,cci,,,1
鹿沼商工会議所,https://www.kanumacci.org/,kanumacci.org,info@kanumacci.org,https://www.kanumacci.org/contact,both,A,cci,,,
小山商工会議所,https://www.oyama-cci.or.jp/,oyama-cci.or.jp,,https://www.oyama-cci.or.jp/contact/,form,B,cci,,,
日光商工会議所,https://nikkocci.or.jp/,nikkocci.or.jp,,https://nikkocci.or.jp/contact/,form,B,cci,,,
大田原商工会議所,http://www.ohtawaracci.or.jp/,ohtawaracci.or.jp,info@ohtawaracci.or.jp,http://www.ohtawaracci.or.jp/contact-us/,both,A,cci,,,
佐野商工会議所,https://www.sanocci.or.jp/,sanocci.or.jp,s-cci@sanocci.or.jp,,email,A,cci,,,
真岡商工会議所,https://www.moka-cci.or.jp/,moka-cci.or.jp,,https://www.moka-cci.or.jp/business_support,form,B,cci,,,
高崎商工会議所,https://www.takasakicci.or.jp/,takasakicci.or.jp,,https://www.takasakicci.or.jp/inquiry/,form,B,cci,,,
前橋商工会議所,https://maebashi-cci.or.jp/,maebashi-cci.or.jp,soumu@maebashi-cci.or.jp,,none,A,cci;cci_v2,https://maebashi-cci.or.jp/,,
桐生商工会議所,https://www.kiryucci.or.jp/,kiryucci.or.jp,,https://www.kiryucci.or.jp/html/00_contact.html,form,B,cci;minkougei_v3,,,
館林商工会議所,https://www.tatebayashi-cci.or.jp/,tatebayashi-cci.or.jp,azalea@tatebayashi-cci.or.jp,https://www.tatebayashi-cci.or.jp/publics/search/,none,A,cci;cci_v2,https://www.tatebayashi-cci.or.jp/,,
伊勢崎商工会議所,http://isesaki-cci.or.jp/,isesaki-cci.or.jp,,http://isesaki-cci.or.jp/contact/,form,B,cci,,,
太田商工会議所,https://www.otacci.or.jp/,otacci.or.jp,info@staff.otacci.or.jp,http://www.google.com/search,none,A,cci;cci_v2,https://www.otacci.or.jp/,,
沼田商工会議所,https://www.numata-cci.or.jp/,numata-cci.or.jp,rousai@numata-cci.or.jp,https://www.numata-cci.or.jp/%E4%BC%9A%E5%93%A1%E4%BA%8B%E6%A5%AD%E6%89%80%E7%B4%B9%E4%BB%8B/%E6%8E%B2%E8%BC%89%E7%94%B3%E8%BE%BC%E3%81%BF/#wpcf7-f207-p208-o1,none,A,cci;cci_v2,https://www.numata-cci.or.jp/,,
富岡商工会議所,https://www.tomiokacci.or.jp/,tomiokacci.or.jp,,https://www.tomiokacci.or.jp/contact/,form,B,cci,,,
渋川商工会議所,https://shibukawacci.or.jp/,shibukawacci.or.jp,,https://shibukawacci.or.jp/contact.html,form,B,cci,,,
藤岡商工会議所,http://www.fujioka-cci.or.jp/,fujioka-cci.or.jp,fcci@fujioka-cci.or.jp,,email,A,cci,,,
川越商工会議所,https://www.kawagoe.or.jp/,kawagoe.or.jp,chiikishinko@kawagoe.or.jp,https://www.kawagoe.or.jp/automotive-leasing-information/,both,A,cci,,,
川口商工会議所,https://kawaguchicci.or.jp/,kawaguchicci.or.jp,kcci@kawaguchicci.or.jp,https://kawaguchicci.or.jp/management_support,both,A,cci,,,
熊谷商工会議所,https://www.kumagayacci.or.jp/,kumagayacci.or.jp,,https://www.kumagayacci.or.jp/category/ear_information/,form,B,cci,,,
さいたま商工会議所,https://www.saitamacci.or.jp/,saitamacci.or.jp,jinken-seisaku-danjo-kyodo@city.saitama.lg.jp,,none,A,cci;cci_v2,https://www.saitamacci.or.jp/,,1
秩父商工会議所,https://www.chichibu-cci.or.jp/,chichibu-cci.or.jp,info@chichibu-cci.or.jp,,email,A,cci,,,
行田商工会議所,https://www.gyoda-cci.or.jp/,gyoda-cci.or.jp,,https://www.gyoda-cci.or.jp/contact/,form,B,cci,,,
本庄商工会議所,https://www.honjocci.or.jp/,honjocci.or.jp,hcci@honjocci.or.jp,,email,A,cci,,,
深谷商工会議所,https://www.fukaya-cci.or.jp/,fukaya-cci.or.jp,,https://www.fukaya-cci.or.jp/contact/,form,B,cci,,,
所沢商工会議所,https://www.tokorozawa-cci.or.jp/,tokorozawa-cci.or.jp,,https://www.tokorozawa-cci.or.jp/form/,form,B,cci,,,
蕨商工会議所,https://www.warabicci.org/,warabicci.org,,https://www.warabicci.org/contact/,form,B,cci,,,
飯能商工会議所,https://www.hanno-cci.or.jp/,hanno-cci.or.jp,sod_gr@hanno-cci.or.jp,https://www.hanno-cci.or.jp/,none,A,cci;cci_v2,https://www.hanno-cci.or.jp/,,
上尾商工会議所,https://www.ageocci.or.jp/,ageocci.or.jp,,https://www.ageocci.or.jp/chusho-support/,form,B,cci,,,
狭山商工会議所,https://www.sayama-cci.or.jp/,sayama-cci.or.jp,,https://www.sayama-cci.or.jp/contact/,form,B,cci,,,
草加商工会議所,https://www.sokacity.or.jp/,sokacity.or.jp,,https://www.sokacity.or.jp/contact/,form,B,cci,,,
春日部商工会議所,https://www.kasukabe-cci.or.jp/,kasukabe-cci.or.jp,info@kasukabe-cci.or.jp,https://www.kasukabe-cci.or.jp/contact.html,both,A,cci,,,
越谷商工会議所,https://www.koshigaya-cci.or.jp/,koshigaya-cci.or.jp,,https://www.koshigaya-cci.or.jp/contact.php,form,B,cci,,,
銚子商工会議所,https://www.cho-cci.or.jp/,cho-cci.or.jp,,https://www.cho-cci.or.jp/contact.html,form,B,cci,,,
千葉商工会議所,https://chiba-cci.or.jp/,chiba-cci.or.jp,,https://chiba-cci.or.jp/pressreleasesupport/,form,B,cci,,,
船橋商工会議所,https://www.e-funabashi.com/,e-funabashi.com,,http://www.e-funabashi.com/contact,form,B,cci,,,
木更津商工会議所,https://www.kisarazu-cci.or.jp/,kisarazu-cci.or.jp,info@kisarazu-cci.or.jp,https://www.kisarazu-cci.or.jp/form-2/,both,A,cci,,,
市川商工会議所,https://www.ichikawa-cci.or.jp/,ichikawa-cci.or.jp,,https://www.ichikawa-cci.or.jp/category/latest_information/,form,B,cci,,,
松戸商工会議所,https://matsudo-cci.com/,matsudo-cci.com,,,none,none,cci;cci_v2,,,
佐原商工会議所,http://www.sawara-cci.or.jp/,sawara-cci.or.jp,naa-bouon@naa.jp,,none,A,cci;cci_v2,http://www.sawara-cci.or.jp/,,1
茂原商工会議所,https://mobara-cci.or.jp/,mobara-cci.or.jp,,https://mobara-cci.or.jp/contact.html,form,B,cci,,,
野田商工会議所,https://www.nodacci.or.jp/,nodacci.or.jp,sangyo-c@mz.pref.chiba.lg.jp,https://www.nodacci.or.jp/cgi-bin/postmail.cgi,none,A,cci;cci_v2,https://www.nodacci.or.jp/,,1
館山商工会議所,https://tateyamacity.or.jp/,tateyamacity.or.jp,info@tateyamacity.or.jp,https://tateyamacity.or.jp/toiawase,both,A,cci,,,
八街商工会議所,https://www.8cci.jp/,8cci.jp,,,none,none,cci,,,
東金商工会議所,https://www.togane-cci.or.jp/,togane-cci.or.jp,info@togane-cci.or.jp,https://www.togane-cci.or.jp/contactform/,both,A,cci,,,
柏商工会議所,https://www.kashiwa-cci.or.jp/,kashiwa-cci.or.jp,info@kashiwa-cci.or.jp,https://www.kashiwa-cci.or.jp/contact,both,A,cci,,,
市原商工会議所,https://www.i-cci.or.jp/,i-cci.or.jp,magazine@i-cci.or.jp,https://www.i-cci.or.jp/mailmagazine/postmail.cgi,none,A,cci;cci_v2,https://www.i-cci.or.jp/,,
習志野商工会議所,https://www.narashino-cci.or.jp/,narashino-cci.or.jp,,https://www.narashino-cci.or.jp/contact/,form,B,cci,,,
成田商工会議所,https://naritacci.or.jp/,naritacci.or.jp,,,none,none,cci;cci_v2,,,
佐倉商工会議所,https://www.sakura-cci.or.jp/,sakura-cci.or.jp,enjoysakura@sakura-cci.or.jp,http://www.sakura-cci.or.jp/others-information/,both,A,cci,,,
八千代商工会議所,https://yachiyocci.jp/,yachiyocci.jp,yamada@yachiyo-shoji.co.jp,https://yachiyocci.jp/contact/,both,A,cci,,,1
浦安商工会議所,https://www.urayasu-cci.or.jp/,urayasu-cci.or.jp,admin@urayasu-cci.or.jp,https://www.urayasu-cci.or.jp/contact,both,A,cci,,,
君津商工会議所,https://www.kimitsucci.or.jp/,kimitsucci.or.jp,,https://www.kimitsucci.or.jp/contact/,form,B,cci,,,
流山商工会議所,https://nagareyama.or.jp/,nagareyama.or.jp,,https://nagareyama.or.jp/mailform,form,B,cci,,,
東京商工会議所,https://www.tokyo-cci.or.jp/,tokyo-cci.or.jp,seisansei@tokyo-cci.or.jp,https://www.tokyo-cci.or.jp/contact/,both,A,cci,,,
八王子商工会議所,https://hachioji.or.jp/,hachioji.or.jp,,https://hachioji.or.jp/contact,form,B,cci,,,
青梅商工会議所,https://www.omecci.jp/,omecci.jp,,https://www.omecci.jp/contact/index.html,form,B,cci,,,
立川商工会議所,https://tachikawa.or.jp/,tachikawa.or.jp,t.rouho@tachikawa.or.jp,https://tachikawa.or.jp/,none,A,cci;cci_v2,https://tachikawa.or.jp/,,
むさし府中商工会議所,https://www.tama5cci.or.jp/,tama5cci.or.jp,info@tama5cci.or.jp,https://www.tama5cci.or.jp/chamber/contact/,both,A,cci,,,
町田商工会議所,https://machida-cci.or.jp/,machida-cci.or.jp,,https://machida-cci.or.jp/contact/,form,B,cci,,,
多摩商工会議所,https://www.tamacci.or.jp/,tamacci.or.jp,sysope@tamacci.or.jp,,email,A,cci,,,
横浜商工会議所,https://www.yokohama-cci.or.jp/,yokohama-cci.or.jp,,https://www.yokohama-cci.or.jp/contact/,form,B,cci,,,
横須賀商工会議所,https://yokosukacci.com/,yokosukacci.com,,https://yokosukacci.com/contact.html,form,B,cci,,,
川崎商工会議所,https://www.kawasaki-cci.or.jp/,kawasaki-cci.or.jp,,https://www.kawasaki-cci.or.jp/kaiin/press_support/,form,B,cci,,,
小田原箱根商工会議所,https://www.odawara-cci.or.jp/,odawara-cci.or.jp,sodan@odawara-cci.or.jp,https://www.odawara-cci.or.jp/contact2/,both,A,cci,,,
平塚商工会議所,https://hiratuka-cci.or.jp/,hiratuka-cci.or.jp,hiratuka@hiratuka-cci.or.jp,https://hiratuka-cci.or.jp/index.php?d=kensaku,none,A,cci;cci_v2,https://hiratuka-cci.or.jp/,,
藤沢商工会議所,https://www.fujisawa-cci.or.jp/,fujisawa-cci.or.jp,okamura@fujisawa-cci.or.jp,https://www.fujisawa-cci.or.jp/kaikan-applicationform/,both,A,cci,,,
茅ヶ崎商工会議所,https://www.chigasaki-cci.or.jp/,chigasaki-cci.or.jp,,https://www.chigasaki-cci.or.jp/contact/,form,B,cci,,,
厚木商工会議所,https://www.atsugicci.or.jp/,atsugicci.or.jp,,https://www.atsugicci.or.jp/category/latest_information/,form,B,cci,,,
秦野商工会議所,https://www.hadano-cci.or.jp/,hadano-cci.or.jp,,https://www.hadano-cci.or.jp/mg-support/,form,B,cci,,,
鎌倉商工会議所,https://www.kamakura-cci.or.jp/,kamakura-cci.or.jp,info@kamakura-cci.or.jp,https://www.kamakura-cci.or.jp/contact/,both,A,cci,,,
三浦商工会議所,https://www.miura-cci.com/,miura-cci.com,,https://www.miura-cci.com/mtcoms/mt-search.cgi,none,B,cci;cci_v2,,,
相模原商工会議所,https://www.sagamihara-cci.or.jp/,sagamihara-cci.or.jp,keieisien@sagamihara-cci.or.jp,https://www.sagamihara-cci.or.jp/archives/category/information,both,A,cci,,,
大和商工会議所,https://www.yamatocci.or.jp/,yamatocci.or.jp,yamatocci@yamatocci.or.jp,,email,A,cci,,,
海老名商工会議所,http://www.ecci.or.jp/htdocs/,ecci.or.jp,,http://www.ecci.or.jp/htdocs/index.php,none,B,cci;cci_v2,,,
甲府商工会議所,https://kofucci.or.jp/,kofucci.or.jp,,https://kofucci.or.jp/about/contact/,form,B,cci,,,
富士吉田商工会議所,https://www.fyoshidacci.or.jp/,fyoshidacci.or.jp,,https://www.fyoshidacci.or.jp/inquiry/,form,B,cci,,,
静岡商工会議所,https://www.shizuoka-cci.or.jp/,shizuoka-cci.or.jp,,,none,none,cci,,,
浜松商工会議所,https://www.hamamatsu-cci.or.jp/,hamamatsu-cci.or.jp,info@hamamatsu-cci.or.jp,https://www.hamamatsu-cci.or.jp/inquiry/,none,A,cci;cci_v2,https://www.hamamatsu-cci.or.jp/,,
沼津商工会議所,https://numazu-cci.or.jp/,numazu-cci.or.jp,,https://numazu-cci.or.jp/contact.html,form,B,cci,,,
三島商工会議所,https://www.mishima-cci.or.jp/,mishima-cci.or.jp,,https://www.mishima-cci.or.jp/contact/,form,B,cci,,,
富士宮商工会議所,https://www.fujinomiya-cci.or.jp/,fujinomiya-cci.or.jp,,https://www.fujinomiya-cci.or.jp/#toiawase,form,B,cci,,,
富士商工会議所,https://www.fuji-cci.or.jp/,fuji-cci.or.jp,key@fuji-cci.or.jp,https://www.fuji-cci.or.jp/business_support/,both,A,cci,,,
下田商工会議所,https://www.shimoda-cci.or.jp/,shimoda-cci.or.jp,info@shimoda-cci.or.jp,,email,A,cci,,,
磐田商工会議所,https://www.iwata-cci.or.jp/,iwata-cci.or.jp,iwata@iwata-cci.or.jp,https://www.iwata-cci.or.jp/inquiry/,both,A,cci,,,
伊東商工会議所,https://ito-cci.or.jp/,ito-cci.or.jp,ito@email.com,https://ito-cci.or.jp/contact/,both,A,cci,,,1
熱海商工会議所,http://www.atamicci.or.jp/,atamicci.or.jp,e-mail.info@atamicci.or.jp,http://www.atamicci.or.jp/about-atami-cci/inquiry/,both,A,cci,,,
島田商工会議所,https://www.shimada-cci.or.jp/,shimada-cci.or.jp,info@shimada-cci.or.jp,,email,A,cci,,,
焼津商工会議所,https://www.yaizucci.or.jp/,yaizucci.or.jp,,https://www.yaizucci.or.jp/contact/,form,B,cci,,,
掛川商工会議所,http://www.kakegawa-cci.or.jp/,kakegawa-cci.or.jp,,http://www.kakegawa-cci.or.jp/shared/inquiry.html,form,B,cci,,,
藤枝商工会議所,https://www.fujieda.or.jp/,fujieda.or.jp,,https://www.fujieda.or.jp/contact/,form,B,cci,,,
袋井商工会議所,https://www.fukuroi-cci.or.jp/,fukuroi-cci.or.jp,k@48g9-.bybgnptut,https://www.fukuroi-cci.or.jp/contact/,both,A,cci,,,1
岐阜商工会議所,https://www.gcci.or.jp/,gcci.or.jp,info@gcci.or.jp,,email,A,cci,,,
大垣商工会議所,https://www.ogakicci.or.jp/,ogakicci.or.jp,ec-support@mb.ginet.or.jp,https://www.ogakicci.or.jp/about/contact/,both,A,cci,,,1
高山商工会議所,https://www.takayama-cci.or.jp/,takayama-cci.or.jp,,https://www.takayama-cci.or.jp/contact,form,B,cci,,,
関商工会議所,https://sekicci.or.jp/,sekicci.or.jp,,https://sekicci.or.jp/contact/,form,B,cci,,,
中津川商工会議所,https://cci.nakatsugawa.gifu.jp/,cci.nakatsugawa.gifu.jp,,https://cci.nakatsugawa.gifu.jp/contact/,form,B,cci,,,
美濃商工会議所,https://mino-cci.or.jp/,mino-cci.or.jp,info@mino-cci.or.jp,,email,A,cci,,,
神岡商工会議所,https://www.kamiokacci.or.jp/,kamiokacci.or.jp,,https://www.kamiokacci.or.jp/contact/,form,B,cci,,,
土岐商工会議所,https://www.tokicci.or.jp/,tokicci.or.jp,,https://www.tokicci.or.jp/business-support/,form,B,cci,,,
瑞浪商工会議所,https://www.mzcci.or.jp/,mzcci.or.jp,info@mzcci.or.jp,http://www.mzcci.or.jp/support_news/,both,A,cci,,,
恵那商工会議所,https://www.enacci.or.jp/,enacci.or.jp,enacci@enat.org,,email,A,cci,,,1
美濃加茂商工会議所,https://cci.minokamo.gifu.jp/hp/,cci.minokamo.gifu.jp,,https://cci.minokamo.gifu.jp/hp/about/contact/,form,B,cci,,,
可児商工会議所,http://www.cci.kani.gifu.jp/,cci.kani.gifu.jp,,http://www.cci.kani.gifu.jp/contact-forms/,form,B,cci,,,
羽島商工会議所,https://hashima-cci.or.jp/,hashima-cci.or.jp,,https://hashima-cci.or.jp/contact/,form,B,cci,,,
名古屋商工会議所,https://www.nagoya-cci.or.jp/,nagoya-cci.or.jp,gadprs@nagoya-cci.or.jp,https://www.nagoya-cci.or.jp/mm.html,none,A,cci;cci_v2,https://www.nagoya-cci.or.jp/,,
岡崎商工会議所,https://www.okazakicci.or.jp/,okazakicci.or.jp,info@okazakicci.or.jp,https://www.okazakicci.or.jp/inquiry,both,A,cci,,,
豊橋商工会議所,https://www.toyohashi-cci.or.jp/,toyohashi-cci.or.jp,kaigisho@toyohashi-cci.or.jp,https://www.toyohashi-cci.or.jp/info/contact.php,both,A,cci,,,
一宮商工会議所,https://www.ichinomiya-cci.or.jp/,ichinomiya-cci.or.jp,,https://www.ichinomiya-cci.or.jp/support/hojyokin/jizokuka,form,B,cci,,,
瀬戸商工会議所,http://www.setocci.or.jp/,setocci.or.jp,info@setocci.or.jp,http://www.setocci.or.jp/inquiry.html,both,A,cci,,,
蒲郡商工会議所,https://www.gamagoricci.or.jp/,gamagoricci.or.jp,box@yamahachi-dental.co.jp,https://www.gamagoricci.or.jp/hall/inquiry,both,A,cci,,,1
豊川商工会議所,https://toyokawa-cci.org/,toyokawa-cci.org,,https://toyokawa-cci.org/contact/,form,B,cci,,,
豊田商工会議所,https://www.toyotacci.com/,toyotacci.com,,https://www.toyotacci.com/form.html,form,B,cci,,,
碧南商工会議所,https://www.hekinancci.or.jp/,hekinancci.or.jp,info@hekinancci.or.jp,,email,A,cci,,,
安城商工会議所,https://anjo-cci.or.jp/,anjo-cci.or.jp,info@anjo-cci.or.jp,https://anjo-cci.or.jp/formmail.php,both,A,cci,,,
西尾商工会議所,https://nishio.or.jp/,nishio.or.jp,info@nishio-cci.or.jp,https://nishio.or.jp/formmail.php,both,A,cci,,,1
津島商工会議所,https://tsushima-cci.or.jp/,tsushima-cci.or.jp,,https://tsushima-cci.or.jp/contact/,form,B,cci,,,
春日井商工会議所,https://www.kcci.or.jp/,kcci.or.jp,,https://www.kcci.or.jp/contact.html,form,B,cci,,,
稲沢商工会議所,https://inazawa-cci.or.jp/,inazawa-cci.or.jp,su.inazawa@gmail.com,https://inazawa-cci.or.jp/,none,A,cci;cci_v2,https://inazawa-cci.or.jp/,1,
常滑商工会議所,https://www.toko.or.jp/,toko.or.jp,yamadataro@toko.or.jp,https://www.toko.or.jp/contents/contact/,both,A,cci,,,
江南商工会議所,https://www.konan-cci.or.jp/,konan-cci.or.jp,,https://www.konan-cci.or.jp/contact,form,B,cci,,,
小牧商工会議所,https://www.komaki-cci.or.jp/,komaki-cci.or.jp,info-torihiki@aibsc.jp,,none,A,cci;cci_v2,https://www.komaki-cci.or.jp/,,1
犬山商工会議所,https://www.inuyama-cci.or.jp/,inuyama-cci.or.jp,icci@gld.mmtr.or.jp,,email,A,cci,,,1
東海商工会議所,https://www.tokai-cci.or.jp/,tokai-cci.or.jp,,https://www.tokai-cci.or.jp/toiawase,form,B,cci,,,
大府商工会議所,https://www.obu-cci.or.jp/,obu-cci.or.jp,,https://www.obu-cci.or.jp/contact,form,B,cci,,,
四日市商工会議所,https://www.yokkaichi-cci.or.jp/,yokkaichi-cci.or.jp,,https://www.yokkaichi-cci.or.jp/m08/contact/,form,B,cci,,,
津商工会議所,http://www.tsucci.or.jp/,tsucci.or.jp,tsucci@ztv.ne.jp,,email,A,cci,,,1
伊勢商工会議所,https://www.ise-cci.or.jp/,ise-cci.or.jp,,https://www.ise-cci.or.jp/contact/,form,B,cci,,,
松阪商工会議所,https://m-cci.or.jp/,m-cci.or.jp,,https://m-cci.or.jp/,none,B,cci;cci_v2,,,
鈴鹿商工会議所,https://www.scci.or.jp/,scci.or.jp,,https://www.scci.or.jp/contact/,form,B,cci,,,
桑名商工会議所,https://www.kuwanacci.com/,kuwanacci.com,mie@mirai-next.co.jp,,none,A,cci;cci_v2,https://www.kuwanacci.com/,,1
上野商工会議所,https://iga-ueno.or.jp/,iga-ueno.or.jp,,https://iga-ueno.or.jp/contact/,form,B,cci,,,
亀山商工会議所,http://kameyama-cci.or.jp/,kameyama-cci.or.jp,info@kameyama-cci.or.jp,http://kameyama-cci.or.jp/contact.html,both,A,cci,,,
尾鷲商工会議所,https://owasecci.com/,owasecci.com,owasecci@za.ztv.ne.jp,https://owasecci.com/information/8503/,both,A,cci,,,1
名張商工会議所,https://www.nabari.or.jp/,nabari.or.jp,ncci@nabari.or.jp,,email,A,cci,,,
鳥羽商工会議所,https://www.toba.or.jp/,toba.or.jp,,https://www.toba.or.jp/contact/,form,B,cci,,,
熊野商工会議所,http://www.kumano-cci.com/,kumano-cci.com,,,none,none,cci;cci_v2,,,
福井商工会議所,https://www.fcci.or.jp/,fcci.or.jp,kinyu@fcci.or.jp,https://www.fcci.or.jp/business_person/business/service/pr-support,both,A,cci,,,
敦賀商工会議所,https://www.tsuruga.or.jp/,tsuruga.or.jp,tcci_staff@tsuruga.or.jp,,email,A,cci,,,
武生商工会議所,https://takefucci.net/,takefucci.net,,https://takefucci.net/contact/,form,B,cci,,,
大野商工会議所,https://www.ohnocci.or.jp/,ohnocci.or.jp,soumu@ohnocci.or.jp,,email,A,cci,,,
勝山商工会議所,http://www.katsuyamacci.or.jp/,katsuyamacci.or.jp,,http://www.katsuyamacci.or.jp/guide/yoyaku_form.html,form,B,cci,,,
小浜商工会議所,https://www.obamacci.or.jp/,obamacci.or.jp,obamakyoto@gmail.com,https://www.obamacci.or.jp/,none,A,cci;cci_v2,https://www.obamacci.or.jp/,1,
鯖江商工会議所,https://www.sabaecci.or.jp/,sabaecci.or.jp,,https://www.sabaecci.or.jp/category/latest_information/,form,B,cci,,,
大津商工会議所,https://www.otsucci.or.jp/,otsucci.or.jp,onaka@otsucci.or.jp,https://www.otsucci.or.jp/information/event,both,A,cci,,,
長浜商工会議所,https://nagahama.or.jp/,nagahama.or.jp,cci@nagahama.or.jp,https://nagahama.or.jp/contact/,both,A,cci,,,
彦根商工会議所,https://www.hikone-cci.or.jp/,hikone-cci.or.jp,info@hikone-cci.or.jp,https://www.hikone-cci.or.jp/contact/,both,A,cci,,,
近江八幡商工会議所,https://8cci.com/,8cci.com,info@8cci.com,,email,A,cci,,,
八日市商工会議所,https://www.odakocci.jp/,odakocci.jp,,https://odakocci.jp/business/information,form,B,cci,,,
舞鶴商工会議所,https://www.maizuru.or.jp/,maizuru.or.jp,maizuru@kyo.or.jp,https://www.maizuru.or.jp/contact/,both,A,cci,,,1
福知山商工会議所,https://fukuchiyama.or.jp/,fukuchiyama.or.jp,,,none,none,cci;cci_v2,,,
綾部商工会議所,https://ayabe-cci.jp/,ayabe-cci.jp,,https://ayabe-cci.jp/cms/bk3learninform/,form,B,cci,,,
宇治商工会議所,https://www.ujicci.or.jp/,ujicci.or.jp,uji-puremium-gift@nta.co.jp,https://www.ujicci.or.jp/01keiei/sodansho/digitalsupport/index.htm,both,A,cci,,,1
宮津商工会議所,https://miyazu-cci.or.jp/,miyazu-cci.or.jp,info@miyazu-cci.or.jp,https://edesk.jp/atp/LoginCheck.do,none,A,cci;cci_v2,https://miyazu-cci.or.jp/,,
亀岡商工会議所,https://www.kameokacci.or.jp/,kameokacci.or.jp,info@kameokacci.or.jp,https://www.kameokacci.or.jp/etc/contact/,both,A,cci,,,
城陽商工会議所,https://joyocci.or.jp/,joyocci.or.jp,info@joyocci.or.jp,https://joyocci.or.jp/contact/,both,A,cci,,,
堺商工会議所,https://sakaicci.or.jp/,sakaicci.or.jp,,https://sakaicci.or.jp/information/,form,B,cci,,,
東大阪商工会議所,http://www.hocci.or.jp/,hocci.or.jp,,http://www.hocci.or.jp/contact/,form,B,cci,,,
泉大津商工会議所,https://www.izumiotsu-cci.or.jp/,izumiotsu-cci.or.jp,,https://www.izumiotsu-cci.or.jp/category/latest_information/,form,B,cci,,,
高槻商工会議所,https://www.takatsukicci.or.jp/,takatsukicci.or.jp,,,none,none,cci;cci_v2,,,
岸和田商工会議所,https://www.kishiwada-cci.or.jp/,kishiwada-cci.or.jp,,https://www.kishiwada-cci.or.jp/develop-support/,form,B,cci,,,
貝塚商工会議所,https://kaizuka-cci.or.jp/,kaizuka-cci.or.jp,cyber@police.pref.osaka.jp,https://kaizuka-cci.or.jp/publics/search/,none,A,cci;cci_v2,https://kaizuka-cci.or.jp/,,1
茨木商工会議所,https://www.ibaraki-cci.or.jp/,ibaraki-cci.or.jp,,https://www.ibaraki-cci.or.jp/support/shoukei/,form,B,cci,,,
吹田商工会議所,https://suitacci.or.jp/,suitacci.or.jp,,https://suitacci.or.jp/contact,form,B,cci,,,
八尾商工会議所,https://www.yaocci.or.jp/,yaocci.or.jp,,https://www.yaocci.or.jp/aboutus/contact.html,form,B,cci,,,
豊中商工会議所,https://www.ooaana.or.jp/,ooaana.or.jp,taro@ooaana.or.jp,https://www.ooaana.or.jp/contact/,both,A,cci,,,
池田商工会議所,https://www.ikedacci.or.jp/,ikedacci.or.jp,info@ikedacci.or.jp,,email,A,cci,,,
泉佐野商工会議所,https://izumisano-cci.or.jp/,izumisano-cci.or.jp,,https://izumisano-cci.or.jp/contact/,form,B,cci,,,
北大阪商工会議所,https://www.kocci.or.jp/,kocci.or.jp,,https://www.kocci.or.jp/form_contact/,form,B,cci,,,
守口門真商工会議所,https://www.mk-cci.jp/,mk-cci.jp,,https://www.mk-cci.jp/contact/index.html,form,B,cci,,,
松原商工会議所,https://www.matsubara-cci.or.jp/,matsubara-cci.or.jp,info@emu-k.com,https://www.matsubara-cci.or.jp/contacts/register,both,A,cci,,,1
高石商工会議所,https://www.takaishicci.or.jp/,takaishicci.or.jp,,https://www.takaishicci.or.jp/contact/,form,B,cci,,,
箕面商工会議所,https://minohcci.or.jp/,minohcci.or.jp,info@minohcci.or.jp,https://minohcci.or.jp/toiawase/,both,A,cci,,,
和泉商工会議所,https://www.izumicci.jp/,izumicci.jp,,https://www.izumicci.jp/contact/,form,B,cci,,,
大東商工会議所,https://www.daito-cci.or.jp/,daito-cci.or.jp,,https://www.daito-cci.or.jp/contact/inquiry.html,form,B,cci,,,
神戸商工会議所,https://www.kobe-cci.or.jp/,kobe-cci.or.jp,ondemand@kobe-cci.or.jp,https://www.kobe-cci.or.jp/shoukai/,none,A,cci;cci_v2,https://www.kobe-cci.or.jp/,,
姫路商工会議所,https://www.himeji-cci.or.jp/,himeji-cci.or.jp,info@himeji-cci.or.jp,,email,A,cci,,,
尼崎商工会議所,https://www.amacci.or.jp/,amacci.or.jp,info@amacci.or.jp,https://www.amacci.or.jp/contact/,both,A,cci,,,
明石商工会議所,https://www.akashi-cci.or.jp/,akashi-cci.or.jp,,https://www.akashi-cci.or.jp/publics/makeUrl/block218/50/1/,none,B,cci;cci_v2,,,
西宮商工会議所,https://n-cci.or.jp/,n-cci.or.jp,,https://n-cci.or.jp//contact/,form,B,cci,,,
伊丹商工会議所,https://itami.jp/,itami.jp,,https://itami.jp/contact/,form,B,cci,,,
相生商工会議所,https://www.aioicci.jp/,aioicci.jp,info@aioicci.jp,,email,A,cci,,,
赤穂商工会議所,https://www2.memenet.or.jp/ako-cci/,www2.memenet.or.jp,ako-cci@memenet.or.jp,,email,A,cci,,,1
洲本商工会議所,https://www.sumoto-cci.org/,sumoto-cci.org,,https://www.sumoto-cci.org/contact/,form,B,cci,,,
豊岡商工会議所,https://www.storkcci.jp/,storkcci.jp,toyooka@storkcci.jp,https://www.storkcci.jp/,none,A,cci;cci_v2,https://www.storkcci.jp/,,
高砂商工会議所,https://www.takasago-cci.or.jp/,takasago-cci.or.jp,,https://www.takasago-cci.or.jp/information.html,form,B,cci,,,
龍野商工会議所,http://www.tatsuno.or.jp/,tatsuno.or.jp,,https://www.tatsuno.or.jp/latest_information/202501109400/,form,B,cci,,,
加古川商工会議所,https://kakogawa-cci.or.jp/,kakogawa-cci.or.jp,,https://kakogawa-cci.or.jp/business-support/advise.html,form,B,cci,,,
小野商工会議所,https://www.onocci.or.jp/web/,onocci.or.jp,office@onocci.or.jp,https://www.onocci.or.jp/web/support/,both,A,cci,,,
加西商工会議所,https://www.kasaicci.or.jp/,kasaicci.or.jp,,https://www.kasaicci.or.jp/contact/,form,B,cci,,,
宝塚商工会議所,https://www.takarazuka-cci.or.jp/,takarazuka-cci.or.jp,info@takarazuka-cci.or.jp,https://www.takarazuka-cci.or.jp/archives/category/support,both,A,cci,,,
奈良商工会議所,https://www.nara-cci.or.jp/,nara-cci.or.jp,,https://www.nara-cci.or.jp/contact/,form,B,cci,,,
大和高田商工会議所,https://www.yamatotakada-cci.or.jp/,yamatotakada-cci.or.jp,info@yamatotakada-cci.or.jp,https://www.yamatotakada-cci.or.jp/#management_support,both,A,cci,,,
生駒商工会議所,https://ikomacci.jp/,ikomacci.jp,,https://ikomacci.jp/contact/,form,B,cci,,,
橿原商工会議所,https://kashihara-cci.or.jp/,kashihara-cci.or.jp,uketsuke@kashihara-cci.or.jp,https://kashihara-cci.or.jp/consultation/support/,both,A,cci,,,
海南商工会議所,https://www.kainan-cci.or.jp/,kainan-cci.or.jp,takuya@kainan-cci.pr.jp,,email,A,cci,,,1
田辺商工会議所,https://www.tanabe-cci.or.jp/,tanabe-cci.or.jp,t-cci@mb.aikis.or.jp,https://www.tanabe-cci.or.jp/contact,both,A,cci,,,1
新宮商工会議所,http://www.shingu-cci.or.jp/,shingu-cci.or.jp,info@shingu-cci.or.jp,,email,A,cci,,,
御坊商工会議所,https://www.gobo-cci.or.jp/,gobo-cci.or.jp,,https://www.gobo-cci.or.jp/contact,form,B,cci,,,
橋本商工会議所,https://www.hashimoto-cci.or.jp/,hashimoto-cci.or.jp,info@hashimoto-cci.or.jp,https://www.hashimoto-cci.or.jp/contact,both,A,cci,,,
紀州有田商工会議所,http://kishuarida-cci.or.jp/,kishuarida-cci.or.jp,kacci@gold.ocn.ne.jp,http://kishuarida-cci.or.jp/#information,both,A,cci,,,1
鳥取商工会議所,https://tottori-cci.or.jp/,tottori-cci.or.jp,junf0202@gmail.com,https://tottori-cci.or.jp/contact/,both,A,cci,,1,
米子商工会議所,https://www.yonago.net/,yonago.net,c@0.df,https://www.yonago.net/cgi-bin/contact/index.cgi,both,A,cci,,,1
倉吉商工会議所,https://kurayoshi-cci.or.jp/,kurayoshi-cci.or.jp,,http://kurayoshi-cci.or.jp/support-guidance/,form,B,cci,,,
境港商工会議所,http://www.sakaiminato.com/site/page/business/outline/,sakaiminato.com,cci@sakaiminato.com,,email,A,cci,,,
松江商工会議所,https://www.matsue.jp/,matsue.jp,shien@matsue.jp,https://www.matsue.jp/mail/,none,A,cci;cci_v2,https://www.matsue.jp/,,
浜田商工会議所,http://www.hamada-cci.or.jp/,hamada-cci.or.jp,cci3202@hamada-cci.or.jp,http://www.hamada-cci.or.jp/category/management-support-keieisien/management-support/keieisien-support,both,A,cci,,,
出雲商工会議所,https://www.izmcci.or.jp/,izmcci.or.jp,izm@izmcci.or.jp,https://www.izmcci.or.jp/contact,both,A,cci,,,
平田商工会議所,https://www.hirata-cci.or.jp/,hirata-cci.or.jp,hchamber@hirata-cci.or.jp,,email,A,cci,,,
益田商工会議所,https://masudacci.jp/,masudacci.jp,,https://masudacci.jp/inquiry/,form,B,cci,,,
大田商工会議所,http://www.ohdacci.com/,ohdacci.com,ohdacci@shimanet.jp,,email,A,cci,,,1
安来商工会議所,https://www.yasugi-cci.jp/,yasugi-cci.jp,,https://www.yasugi-cci.jp/form/contact/,form,B,cci,,,
江津商工会議所,http://www.iwami.or.jp/gotsucci/,iwami.or.jp,gotsucci@iwami.or.jp,,email,A,cci,,,
岡山商工会議所,https://okayama-cci.or.jp/,okayama-cci.or.jp,chiiki@okayama-cci.or.jp,https://okayama-cci.or.jp,none,A,cci;cci_v2,https://okayama-cci.or.jp/,,
倉敷商工会議所,https://www.kura-cci.or.jp/,kura-cci.or.jp,,https://www.kura-cci.or.jp/inquiry/,form,B,cci,,,
津山商工会議所,https://www.tsuyama-cci.or.jp/,tsuyama-cci.or.jp,,,none,none,cci;cci_v2,,,
玉島商工会議所,https://www.tamashima-cci.or.jp/,tamashima-cci.or.jp,,https://www.tamashima-cci.or.jp/inquiry.html,form,B,cci,,,
玉野商工会議所,https://tamanocci.jp/,tamanocci.jp,info@tamanocci.jp,https://tamanocci.jp/member-information-2-2,both,A,cci,,,
児島商工会議所,https://www.kojima-cci.or.jp/,kojima-cci.or.jp,,https://www.kojima-cci.or.jp/support.html,form,B,cci,,,
笠岡商工会議所,https://kasaokacci.jp/,kasaokacci.jp,,https://kasaokacci.jp/business_support/,form,B,cci,,,
井原商工会議所,https://ibara-cci.or.jp/,ibara-cci.or.jp,cci@ibara.ne.jp,https://ibara-cci.or.jp/information/,both,A,cci,,,1
備前商工会議所,https://bizencci.or.jp/,bizencci.or.jp,,https://bizencci.or.jp/contact/,form,B,cci,,,
高梁商工会議所,https://www.takahashi-cci.or.jp/,takahashi-cci.or.jp,,https://www.takahashi-cci.or.jp/category/information/,form,B,cci,,,
総社商工会議所,https://soja-cci.or.jp/cci/,soja-cci.or.jp,,https://soja-cci.or.jp/cci/,none,B,cci;cci_v2,,,
新見商工会議所,https://www.niimi.or.jp/,niimi.or.jp,kaigisyo@niimi.or.jp,,none,A,cci;cci_v2,https://www.niimi.or.jp/,,
広島商工会議所,https://www.hiroshimacci.or.jp/,hiroshimacci.or.jp,hiroshima@hiroshimacci.or.jp,https://www.hiroshimacci.or.jp/inquiry/,both,A,cci,,,
尾道商工会議所,https://onomichi-cci.or.jp/,onomichi-cci.or.jp,,https://onomichi-cci.or.jp/contact/,form,B,cci,,,
呉商工会議所,https://kurecci.or.jp/,kurecci.or.jp,,https://kurecci.or.jp/contact/,form,B,cci,,,
三原商工会議所,https://www.mhr-cci.or.jp/,mhr-cci.or.jp,recruitment@mhr-cci.or.jp,https://www.google.co.jp/search,none,A,cci;cci_v2,https://www.mhr-cci.or.jp/,,
府中商工会議所,https://fuchucci.or.jp/,fuchucci.or.jp,,https://fuchucci.or.jp/contact/,form,B,cci,,,
三次商工会議所,https://miyoshi-cci.or.jp/,miyoshi-cci.or.jp,,https://miyoshi-cci.or.jp/business_support,form,B,cci,,,
庄原商工会議所,https://shobara.or.jp/,shobara.or.jp,,https://shobara.or.jp/businessinformation/,form,B,cci,,,
大竹商工会議所,https://otakecci.or.jp/,otakecci.or.jp,otakecci@orange.ocn.ne.jp,,email,A,cci,,,1
竹原商工会議所,http://takecci.net/,takecci.net,info@takecci.net,http://takecci.net/category/information/,both,A,cci,,,
因島商工会議所,https://in-no-shima.jp/,in-no-shima.jp,info@in-no-shima.jp,https://in-no-shima.jp/support/,both,A,cci,,,
東広島商工会議所,https://www.hhcci.or.jp/,hhcci.or.jp,sidou@hhcci.or.jp,https://www.hhcci.or.jp/biz-support/bookkeeping/,both,A,cci,,,
廿日市商工会議所,https://cci201.or.jp/,cci201.or.jp,,https://cci201.or.jp/contact/,form,B,cci,,,
下関商工会議所,https://www.shimonoseki.cci.or.jp/,shimonoseki.cci.or.jp,,https://www.shimonoseki.cci.or.jp/contact/,form,B,cci,,,
宇部商工会議所,https://www.ubecci.or.jp/,ubecci.or.jp,info@ubecci.or.jp,,email,A,cci,,,
山口商工会議所,https://www.yamacci.or.jp/,yamacci.or.jp,yc@yamacci.or.jp,https://www.yamacci.or.jp/company/#support,both,A,cci,,,
防府商工会議所,https://h-c.or.jp/,h-c.or.jp,hofu@h-c.or.jp,https://h-c.or.jp/contact/,both,A,cci,,,
徳山商工会議所,https://tokuyama-cci.or.jp/,tokuyama-cci.or.jp,tcci@tokuyama-cci.or.jp,,email,A,cci,,,
下松商工会議所,https://kudamatsu-cci.or.jp/,kudamatsu-cci.or.jp,daihyo@kudamatsu-cci.or.jp,https://kudamatsu-cci.or.jp/contact/,both,A,cci,,,
萩商工会議所,https://hagicci.or.jp/,hagicci.or.jp,hagi-cci@haginet.ne.jp,,email,A,cci,,,1
岩国商工会議所,https://icci.or.jp/,icci.or.jp,info@icci.or.jp,,email,A,cci,,,
山陽商工会議所,https://sanyocci.sakura.ne.jp/,sanyocci.sakura.ne.jp,,,none,none,cci;cci_v2,,,
長門商工会議所,https://www.ncci.or.jp/,ncci.or.jp,,https://www.ncci.or.jp/category/form/index.html,form,B,cci,,,
光商工会議所,https://hikari-cci.jp/,hikari-cci.jp,,https://hikari-cci.jp/content/mform?pt=1,form,B,cci,,,
小野田商工会議所,https://onoda-cci.or.jp/,onoda-cci.or.jp,abcd@onoda.jp,https://onoda-cci.or.jp/contact.html,both,A,cci,,,1
柳井商工会議所,https://www.yanaicci.or.jp/,yanaicci.or.jp,info@yanaicci.or.jp,,email,A,cci,,,
新南陽商工会議所,https://www.s-cci.or.jp/,s-cci.or.jp,info@s-cci.or.jp,https://www.s-cci.or.jp/contact/,both,A,cci,,,
徳島商工会議所,https://www.tokushimacci.or.jp/,tokushimacci.or.jp,keieishien@tokushimacci.or.jp,https://www.tokushimacci.or.jp/latest_information/,both,A,cci,,,
鳴門商工会議所,https://www.narutocci.or.jp/,narutocci.or.jp,yeg@narutocci.or.jp,,none,A,cci;cci_v2,https://www.narutocci.or.jp/,,
小松島商工会議所,https://www.e-awa.tv/komacci/,e-awa.tv,,,none,none,cci;cci_v2,,,
吉野川商工会議所,https://www.yoshinogawacci.jp/,yoshinogawacci.jp,,https://www.yoshinogawacci.jp/contact.html,form,B,cci,,,
阿波池田商工会議所,https://awaikedacci.com/,awaikedacci.com,ikedacci@cn02.awaikeda.net,,none,A,cci;cci_v2,https://awaikedacci.com/,,1
阿南商工会議所,https://anancci.or.jp/,anancci.or.jp,anancci@anancci.or.jp,https://anancci.or.jp/contact/,both,A,cci,,,
高松商工会議所,https://www.takacci.or.jp/,takacci.or.jp,info@takacci.or.jp,https://www.takacci.or.jp/contact/,both,A,cci,,,
丸亀商工会議所,https://www.marugame.or.jp/,marugame.or.jp,info@marugame.or.jp,https://www.marugame.or.jp/infomation/customerharassment/,both,A,cci,,,
坂出商工会議所,https://www.sakaide.or.jp/,sakaide.or.jp,,https://www.sakaide.or.jp/category/latest_information/,form,B,cci,,,
観音寺商工会議所,http://www.kan-cci.or.jp/,kan-cci.or.jp,info@kan-cci.or.jp,http://www.kan-cci.or.jp/kcci/support/index.html,both,A,cci,,,
多度津商工会議所,https://www.tadotsucci.net/,tadotsucci.net,tadotsucci@tadotsucci.net,https://www.tadotsucci.net/contact/,both,A,cci,,,
善通寺商工会議所,https://www.downtown21.gr.jp/zcci/,downtown21.gr.jp,info@zcci.or.jp,,none,A,cci;cci_v2,https://www.downtown21.gr.jp/zcci/,,1
松山商工会議所,https://www.jemcci.jp/,jemcci.jp,,https://www.jemcci.jp/form/inquiry/,form,B,cci,,,
宇和島商工会議所,https://www.uwajima-cci.or.jp/,uwajima-cci.or.jp,ucci@uwajima-cci.or.jp,,email,A,cci,,,
今治商工会議所,https://www.imabaricci.or.jp/,imabaricci.or.jp,,,none,none,cci,,,
八幡浜商工会議所,https://www.yawatahamacci.jp/,yawatahamacci.jp,ywthm@yawatahamacci.jp,,email,A,cci,,,
新居浜商工会議所,https://www.niicci.or.jp/,niicci.or.jp,,https://www.niicci.or.jp/contact/,form,B,cci,,,
四国中央商工会議所,https://e-scci.or.jp/,e-scci.or.jp,cci@e-scci.or.jp,https://e-scci.or.jp/contactus/,both,A,cci,,,
西条商工会議所,https://www.saijocci.or.jp/,saijocci.or.jp,info@saijocci.or.jp,https://www.saijocci.or.jp/form/,both,A,cci,,,
伊予商工会議所,https://www.iyocci.jp/,iyocci.jp,info@iyocci.jp,,email,A,cci,,,
大洲商工会議所,https://www.ozu-cci.com/,ozu-cci.com,,,none,none,cci,,,
高知商工会議所,http://www.cciweb.or.jp/kochi/,cciweb.or.jp,kochicci@cciweb.or.jp,,email,A,cci,,,
中村商工会議所,https://www.nakamura-cci.or.jp/,nakamura-cci.or.jp,nakacci5@mocha.ocn.ne.jp,,email,A,cci,,,1
須崎商工会議所,https://www.susakicci.com/,susakicci.com,,,none,none,cci,,,
宿毛商工会議所,https://sukumo-cci.or.jp/,sukumo-cci.or.jp,sukucci@mb.gallery.ne.jp,,email,A,cci,,,1
福岡商工会議所,https://www.fukunet.or.jp/,fukunet.or.jp,fkkikaku@fukunet.or.jp,https://www.fukunet.or.jp/contact/,both,A,cci,,,
久留米商工会議所,https://www.kurume.or.jp/,kurume.or.jp,,https://www.kurume.or.jp/consulting/informationplaza/,form,B,cci,,,
北九州商工会議所,https://www.kitakyushucci.or.jp/,kitakyushucci.or.jp,,https://www.kitakyushucci.or.jp/contact/,form,B,cci,,,
大牟田商工会議所,http://www.omutacci.or.jp/,omutacci.or.jp,omutacci@omutacci.or.jp,https://omutacci.or.jp/wp/,none,A,cci;cci_v2,http://www.omutacci.or.jp/,,
飯塚商工会議所,https://www.iizuka-cci.org/,iizuka-cci.org,,https://www.iizuka-cci.org/category/support/,form,B,cci,,,
直方商工会議所,https://www.nogata-cci.or.jp/,nogata-cci.or.jp,info@nogata-cci.or.jp,,email,A,cci,,,
八女商工会議所,https://yamecci.or.jp/,yamecci.or.jp,,https://yamecci.or.jp/support/,form,B,cci,,,
田川商工会議所,https://www.tagawa.or.jp/,tagawa.or.jp,,https://www.tagawa.or.jp/contact/,form,B,cci,,,
柳川商工会議所,https://www.yanagawa-cci.or.jp/,yanagawa-cci.or.jp,info@yanagawa-cci.or.jp,https://www.yanagawa-cci.or.jp/contact/,both,A,cci,,,
豊前商工会議所,https://www.buzen-cci.or.jp/,buzen-cci.or.jp,buzencci@lime.ocn.ne.jp,,email,A,cci,,,1
行橋商工会議所,https://www.yukuhashi-cci.or.jp/,yukuhashi-cci.or.jp,info@yukuhashi-cci.or.jp,,email,A,cci,,,
苅田商工会議所,http://kanda-cci.com/,kanda-cci.com,,,none,none,cci;cci_v2,,,
大川商工会議所,http://www.okawa-cci.or.jp/,okawa-cci.or.jp,info@okawa-cci.or.jp,,email,A,cci,,,
豊前川崎商工会議所,https://bk-cci.or.jp/,bk-cci.or.jp,info@bk-cci.or.jp,https://bk-cci.or.jp/contact/,both,A,cci,,,
嘉麻商工会議所,https://kama-cci.sakura.ne.jp/,kama-cci.sakura.ne.jp,,,none,none,cci;cci_v2,,,
筑後商工会議所,https://www.chikugo.or.jp/,chikugo.or.jp,info@chikugo.or.jp,https://www.chikugo.or.jp/inquiry,both,A,cci,,,
宮若商工会議所,http://www.miyawakacci.or.jp/,miyawakacci.or.jp,z@w.pg,http://www.miyawakacci.or.jp/contact/,both,A,cci,,,1
朝倉商工会議所,https://asakuracci.com/,asakuracci.com,info@asakuracci.com,,email,A,cci,,,
佐賀商工会議所,http://www.saga-cci.or.jp/,saga-cci.or.jp,,http://www.saga-cci.or.jp/search.cgi,none,B,cci;cci_v2,,,
唐津商工会議所,http://www.karatsu.or.jp/,karatsu.or.jp,,http://www.karatsu.or.jp/information/aboutsite/,form,B,cci,,,
伊万里商工会議所,https://imari-cci.or.jp/,imari-cci.or.jp,icci@po.imari-cci.or.jp,https://imari-cci.or.jp/?page_id=2434%2F#wpcf7-f6328-p2434-o1,none,A,cci;cci_v2,https://imari-cci.or.jp/,,
鳥栖商工会議所,https://www.tosucci.or.jp/,tosucci.or.jp,info@gyorenbou.com,https://www.tosucci.or.jp/company/support/,both,A,cci,,,1
有田商工会議所,http://www.marugotoarita.jp/,marugotoarita.jp,aritacci@aritacci.jp,http://www.marugotoarita.jp/form.php,both,A,cci,,,1
小城商工会議所,https://www.ogi-cci.or.jp/,ogi-cci.or.jp,,https://www.ogi-cci.or.jp/contact/170.html,form,B,cci,,,
武雄商工会議所,https://takeonet.ne.jp/,takeonet.ne.jp,,https://takeonet.ne.jp/contact/,form,B,cci,,,
鹿島商工会議所,https://kashima-cci.or.jp/,kashima-cci.or.jp,kashima-cci@kashima-cci.or.jp,https://kashima-cci.or.jp/inquiry/,both,A,cci,,,
長崎商工会議所,https://nagasakicci.jp/,nagasakicci.jp,somu@nagasaki-cci.or.jp,https://nagasakicci.jp/publics/search/,none,A,cci;cci_v2,https://nagasakicci.jp/,,1
佐世保商工会議所,https://www.sasebo-cci.or.jp/,sasebo-cci.or.jp,t-yamada@sasebocci.com,https://www.sasebo-cci.or.jp/publics/search/,none,A,cci;cci_v2,https://www.sasebo-cci.or.jp/,,1
島原商工会議所,http://www.shimabara-cci.or.jp/,shimabara-cci.or.jp,info@shimabara-cci.or.jp,,email,A,cci,,,
諫早商工会議所,https://www.isahayacci.com/,isahayacci.com,,https://www.isahayacci.com/contact/,form,B,cci,,,
大村商工会議所,https://www.omuracci.com/,omuracci.com,daihyou@omuracci.com,,email,A,cci,,,
福江商工会議所,https://www.fukue-cci.org/,fukue-cci.org,fukuecci@fukue-cci.org,,email,A,cci,,,
平戸商工会議所,http://www.hiradocci.or.jp/,hiradocci.or.jp,info@hiradocci.or.jp,,email,A,cci,,,
松浦商工会議所,https://e-matsuura.jp/,e-matsuura.jp,matsuuracci.jp@gmail.com,,email,A,cci,,1,
熊本商工会議所,https://www.kmt-cci.or.jp/,kmt-cci.or.jp,,https://www.kmt-cci.or.jp/inquiry/,form,B,cci,,,
八代商工会議所,https://8246cci.or.jp/,8246cci.or.jp,mail.yatsushirocci@magma.jp,https://8246cci.or.jp/keieisupport/,both,A,cci,,,1
荒尾商工会議所,https://arao-cci.jp/,arao-cci.jp,,,none,none,cci;cci_v2,,,
人吉商工会議所,https://hitoyoshi-cci.or.jp/,hitoyoshi-cci.or.jp,info@hitoyoshi-cci.or.jp,https://hitoyoshi-cci.or.jp/contact/,both,A,cci,,,
水俣商工会議所,https://www.minamata-cci.or.jp/,minamata-cci.or.jp,,,none,none,cci;cci_v2,,,
本渡商工会議所,https://www.hondo-cci.or.jp/,hondo-cci.or.jp,hondo@hondo-cci.or.jp,https://www.hondo-cci.or.jp/contact/,both,A,cci,,,
玉名商工会議所,https://www.tamana-cci.or.jp/,tamana-cci.or.jp,,https://www.tamana-cci.or.jp/contact/,form,B,cci,,,
山鹿商工会議所,https://www.yamagacci.com/,yamagacci.com,ymg1613@orange.ocn.ne.jp,https://www.yamagacci.com/contact,both,A,cci,,,1
牛深商工会議所,http://www.ushibuka-cci.or.jp/,ushibuka-cci.or.jp,,http://www.ushibuka-cci.or.jp/,none,B,cci;cci_v2,,,
別府商工会議所,https://www.beppu-cci.or.jp/,beppu-cci.or.jp,,http://www.beppu-cci.or.jp/support,form,B,cci,,,
大分商工会議所,https://oita-cci.or.jp/,oita-cci.or.jp,,https://oita-cci.or.jp/contact/,form,B,cci,,,
中津商工会議所,https://nakatsu-cci.org/,nakatsu-cci.org,makino@nakatsu-cci.org,https://nakatsu-cci.org/publics/search,none,A,cci;cci_v2,https://nakatsu-cci.org/,,
佐伯商工会議所,https://saikicci.or.jp/,saikicci.or.jp,info@saikicci.or.jp,,email,A,cci,,,
臼杵商工会議所,http://usukicci.jp/,usukicci.jp,usukicci@mocha.ocn.ne.jp,http://usukicci.jp/contact_form,both,A,cci,,,1
津久見商工会議所,http://www.tscci.or.jp/,tscci.or.jp,tsukumi@tscci.or.jp,,email,A,cci,,,
豊後高田商工会議所,https://bic-bizcoop.jp/news/news1/,bic-bizcoop.jp,,https://bic-bizcoop.jp/toiawase/,form,B,cci,,,
竹田商工会議所,https://www.taketa-cci.or.jp/,taketa-cci.or.jp,,,none,none,cci;cci_v2,,,
宇佐商工会議所,https://twinpia-usa.or.jp/,twinpia-usa.or.jp,yamamoto@twinpia-usa.or.jp,https://twinpia-usa.or.jp/publics/search/,none,A,cci;cci_v2,https://twinpia-usa.or.jp/,,
都城商工会議所,https://miyakonojo.kaigisho.or.jp/,miyakonojo.kaigisho.or.jp,,https://miyakonojo.kaigisho.or.jp/publics/search,none,B,cci;cci_v2,,,
宮崎商工会議所,http://www.miyazaki-cci.or.jp/miyazaki/,miyazaki-cci.or.jp,,http://www.miyazaki-cci.or.jp/miyazaki/contact/,form,B,cci,,,
延岡商工会議所,https://www.nobeoka-cci.or.jp/,nobeoka-cci.or.jp,nbcci@miyazaki-cci.or.jp,,email,A,cci,,,1
日向商工会議所,https://hyugacci.or.jp/,hyugacci.or.jp,,,none,none,cci;cci_v2,,,
高鍋商工会議所,https://takanabe-cci.jp/,takanabe-cci.jp,tcci@miyazaki-cci.or.jp,https://takanabe-cci.jp/contact/,both,A,cci,,,1
日南商工会議所,https://nichinan-cci.jp/,nichinan-cci.jp,info@nichinan-cci.jp,,email,A,cci,,,
小林商工会議所,https://kobayashi-cci.jp/,kobayashi-cci.jp,,,none,none,cci,,,
串間商工会議所,https://kushima.kaigisho.or.jp/,kushima.kaigisho.or.jp,kucci@miyazaki-cci.or.jp,,email,A,cci,,,1
西都商工会議所,https://www.saito-cci.jp/,saito-cci.jp,scci@miyazaki-cci.or.jp,https://www.saito-cci.jp/management-consultation/management-support,both,A,cci,,,1
鹿児島商工会議所,https://www.kagoshima-cci.or.jp/,kagoshima-cci.or.jp,shien2@space.ocn.ne.jp,https://www.google.com/cse,none,A,cci;cci_v2,https://www.kagoshima-cci.or.jp/,,1
川内商工会議所,https://sendai-cci.jp/,sendai-cci.jp,info@sendai-cci.jp,https://sendai-cci.jp/index.php/inquiry/,both,A,cci,,,
鹿屋商工会議所,https://www.kanoya-cci.or.jp/,kanoya-cci.or.jp,kanoya-cci@kanoya-cci.or.jp,http://www.google.co.jp/search,none,A,cci;cci_v2,https://www.kanoya-cci.or.jp/,,
枕崎商工会議所,http://www.ma-cci.or.jp/,ma-cci.or.jp,info@ma-cci.or.jp,,email,A,cci,,,
阿久根商工会議所,http://www.akune-cci.or.jp/,akune-cci.or.jp,,http://www.akune-cci.or.jp/wp-comments-post.php,none,B,cci;cci_v2,,,
奄美大島商工会議所,https://amami-cci.or.jp/,amami-cci.or.jp,amamicci@amami-cci.or.jp,https://amami-cci.or.jp/information-provision/,both,A,cci,,,
南さつま商工会議所,https://www.minamisatsuma-cci.or.jp/,minamisatsuma-cci.or.jp,info@minamisatsuma-cci.or.jp,https://www.minamisatsuma-cci.or.jp/contact/,both,A,cci,,,
出水商工会議所,https://www.izumi-cci.or.jp/,izumi-cci.or.jp,,https://www.izumi-cci.or.jp/contact/,form,B,cci,,,
指宿商工会議所,https://www.ibusuki-cci.or.jp/,ibusuki-cci.or.jp,ibucci@ibusuki-cci.or.jp,,email,A,cci,,,
いちき串木野商工会議所,http://www.ikcci.jp/,ikcci.jp,yeg@ikcci.jp,http://www.google.com/cse,none,A,cci;cci_v2,http://www.ikcci.jp/,,
霧島商工会議所,http://www.kirishima-cci.or.jp/kirishima-cci.html,kirishima-cci.or.jp,dai@kirishima-cci.or.jp,http://www.kirishima-cci.or.jp/contact.html,both,A,cci,,,
那覇商工会議所,https://nahacci.com/,nahacci.com,soudan@nahacci.or.jp,https://nahacci.com/inbound-support/,both,A,cci,,,1
沖縄商工会議所,https://okinawacci.com/,okinawacci.com,kaikan@okinawacci.or.jp,https://okinawacci.com/search.php,none,A,cci;cci_v2,https://okinawacci.com/,,1
宮古島商工会議所,https://www.miyakojima-cci.jp/,miyakojima-cci.jp,om-cci01@cyber.ocn.ne.jp,https://www.miyakojima-cci.jp/inquiry/,both,A,cci,,,1
浦添商工会議所,http://www.urasoe-cci.or.jp/,urasoe-cci.or.jp,,http://www.urasoe-cci.or.jp/keiei/support/,form,B,cci,,,
company_name,https://webtan.impress.co.jp/u/2019/09/18/33969,webtan.impress.co.jp,,https://webtan.impress.co.jp/articles?content_type%5Bwebform%5D=webform,form,B,omotenashi,,,
株式会社ザグローバルゲームズ,https://globalgames.jp/,globalgames.jp,,,none,none,omotenashi,,,
フミ子印,https://fumikonoyuzukosho.stores.jp/,fumikonoyuzukosho.stores.jp,,,none,none,omotenashi,,,
有限会社菓子処渡辺,https://kashi-watanabe.com/,kashi-watanabe.com,info@kashi-watanabe.com,https://kashi-watanabe.com/,both,A,omotenashi,,,
ソースネクスト株式会社,https://www.sourcenext.com/?srsltid=AfmBOorwpWVzd5_lco499XT7XMe1maWGFHfBSe9BXUdog3Hkb9InAOJv,sourcenext.com,,https://www.sourcenext.com/core/shop/customer/login.aspx?returnurl=/users/action/utop/%3Fi%3Dgt,form,B,omotenashi,,,
ツバメタオル株式会社,https://tsubame-towel.com/,tsubame-towel.com,tubame@orange.ocn.ne.jp,,none,A,omotenashi;ilt_direct,messe_frankfurt_exhibitor_api,,1
株式会社FREEing,https://www.freeing.co.jp/,freeing.co.jp,,https://www.freeing.co.jp/ver01,form,B,omotenashi,,,
純藍株式会社,https://www.facebook.com/junai.inc/,facebook.com,,,none,none,omotenashi;satofull;minkougei_v3,,,
株式会社ドリームフーズ,https://dream-foods.jp/,dream-foods.jp,df.441@dream-foods.jp,https://dream-foods.jp/home/co-profile/,both,A,omotenashi,,,
しろいねこ,https://shiroineko.store/,shiroineko.store,shiroineko@librebeaute.com,https://shiroineko.store/pages/contact,both,A,omotenashi,,,1
株式会社MOLATURA,https://www.molatura.jp/,molatura.jp,info@molatura.com,https://www.molatura.jp/contact,both,A,omotenashi,,,1
合同会社こぐま商店,https://kumaokaki.com/,kumaokaki.com,net-shopping@kumaokaki.com,https://kumaokaki.com/contact,both,A,omotenashi,,,
株式会社テリロジーサービスウェア,https://terilogy-sw.com/,terilogy-sw.com,mail@e-mail.mail,https://terilogy-sw.com/contact/,both,A,omotenashi,,,1
株式会社エーアンドブイ企画,https://akagi-venture.jp/,akagi-venture.jp,,https://akagi-venture.jp/about/,form,B,omotenashi,,,
株式会社匠創海,https://takumisokai.com/,takumisokai.com,info@takumisokai.co.jp,https://takumisokai.com/,both,A,omotenashi,,,1
村の鍛冶屋（株式会社山谷産業）,https://www.yamac.co.jp/,yamac.co.jp,yamatani@inquiry.co.jp,https://www.yamac.co.jp/inquiry/,both,A,omotenashi,,,1
有限会社ダイテック,https://www.daitec.jp/catalog/index.html,daitec.jp,,https://www.daitec.jp/catalog/genba/genbatf_01.html,form,B,omotenashi,,,
LeiBloom,https://leibloom.net/,leibloom.net,info@leibloom.net,https://leibloom.net/contact/,both,A,omotenashi,,,
株式会社J・3D,https://j3d.co.jp/,j3d.co.jp,,https://j3d.co.jp/contact/,form,B,omotenashi,,,
株式会社ミースフリー,https://mysfree.com/,mysfree.com,,https://mysfree.com/about-us/,form,B,omotenashi,,,
Natural Ocean,https://naturalocean.official.ec/,naturalocean.official.ec,,https://naturalocean.official.ec/about,form,B,omotenashi,,,
株式会社ピーキューテクノ,https://kjcbiz.net/company/20220629pq-techno/,kjcbiz.net,,https://kjcbiz.net/company/20220629pq-techno/#contact-form,form,B,omotenashi,,,
有限会社タキダエンタープライズ,https://takida-ep.jp/,takida-ep.jp,shopping@senbei.biz,https://takida-ep.jp/contact.php,both,A,omotenashi,,,1
株式会社財宝,https://www.zaiho.jp/?srsltid=AfmBOooOYv4HEcELB075fH0DPNf3nRHF7d3lG_ML5nwxoZM9GlyPq9pj,zaiho.jp,info@zaiho.jp,https://www.zaiho.jp/guid/guid_koza_form.html,both,A,omotenashi,,,
株式会社ENC JAPAN,https://www.encjapan.jp/,encjapan.jp,,https://www.encjapan.jp/contact.html,form,B,omotenashi,,,
富宏染工株式会社,https://ritofu.jp/pages/ritofu%E3%81%AB%E3%81%A4%E3%81%84%E3%81%A6?srsltid=AfmBOopGI7LtVp42G1GJ5rtxEwFsfIEDWleBWE-xjFqZTiGpZiIJVNbU,ritofu.jp,,,none,none,omotenashi,,,
株式会社薬王堂,https://www.yakuodo.co.jp/,yakuodo.co.jp,,https://www.yakuodo.co.jp/contact/,form,B,omotenashi,,,
株式会社河島建具,https://kawashima-tategu.com/,kawashima-tategu.com,osasha@kawashima-tategu.com,https://kawashima-tategu.com/contact/,both,A,omotenashi,,,
株式会社長栄館,http://choeikan-hotel.com/,choeikan-hotel.com,,,none,none,omotenashi,,,
オアシス珈琲有限会社,https://oasis-coffee.net/,oasis-coffee.net,,https://oasis-coffee.net/about/,form,B,omotenashi,,,
有限会社一場木工所,https://1ba.co.jp/,1ba.co.jp,,,none,none,omotenashi,,,
由宗刃物（株式会社ASTREX）,https://yoshimuneknives.com/,yoshimuneknives.com,yoshimune.hamono@gmail.com,https://yoshimuneknives.com/account/login,both,A,omotenashi,,1,
株式会社野口染舗,https://ngsp.co.jp/,ngsp.co.jp,,https://ngsp.co.jp/mailform/,form,B,omotenashi,,,
株式会社STI-IR,https://www.sti-ir.com/,sti-ir.com,,,none,none,omotenashi,,,
Atelier TanTan,https://www.tantan.tokyo/,tantan.tokyo,,https://www.tantan.tokyo/contact,form,B,omotenashi,,,
第一酵母株式会社,https://www.daiichikobo.com/?srsltid=AfmBOooZ0c8vbID6SJy3ZZOj4__lH3vAS23KV_JHLij-5jbTT_3tNrgu,daiichikobo.com,info@daiichikobo.com,https://www.daiichikobo.com/?srsltid=AfmBOooZ0c8vbID6SJy3ZZOj4__lH3vAS23KV_JHLij-5jbTT_3tNrgu,both,A,omotenashi,,,
株式会社Deaiwo,https://www.deaiwo.com/,deaiwo.com,tsunagou@deaiwo.com,https://www.deaiwo.com/contact,both,A,omotenashi,,,
株式会社小松ダイヤモンド工業所,https://www.facetedpearl.com/,facetedpearl.com,mail@facetedpearl.com,,email,A,omotenashi,,,
株式会社らマルキ,https://www.la-maruki.com/,la-maruki.com,info@la-maruki.com,https://www.la-maruki.com/login/inquiryedit,both,A,omotenashi,,,
金澤ふ細工 英,http://fu-hanabusa.com/,fu-hanabusa.com,,,none,none,omotenashi,,,
株式会社いつくし,https://izxi.jp/,izxi.jp,,https://izxi.jp/contact.html,form,B,omotenashi,,,
有限会社 奥飛騨ガーデンホテル焼岳,https://www.okuhida-gh.com/,okuhida-gh.com,info@oooooo.co.jp,https://www.okuhida-gh.com/contact/,both,A,omotenashi,,,1
株式会社ルルウェブ,https://luluweb.com/?srsltid=AfmBOoq7CKkrCsYwpuMS9rPt7rb3lZSr5VydDn-PQJOSiCJwIKCLJE0l,luluweb.com,info@luluweb.com,https://luluweb.com/pages/contact,both,A,omotenashi,,,
株式会社ホンシュ,https://honshu-ltd.co.jp/,honshu-ltd.co.jp,,https://honshu-ltd.co.jp/contact/,form,B,omotenashi,,,
株式会社河内屋,https://www.kamaboko.co.jp/,kamaboko.co.jp,info@kamaboko.co.jp,https://www.kamaboko.co.jp/,both,A,omotenashi,,,
サラウンディング株式会社,https://surrounding.jp/,surrounding.jp,,,none,none,omotenashi,,,
株式会社玲玲,https://www.ichimiringring.com/?srsltid=AfmBOopzaUcoInFtULFPL6UqSAH53AXFbiYrxEnUnkNr7bbEDjQc4XC9,ichimiringring.com,ichimi.6666@gmail.com,https://www.ichimiringring.com/?srsltid=AfmBOopzaUcoInFtULFPL6UqSAH53AXFbiYrxEnUnkNr7bbEDjQc4XC9,both,A,omotenashi,,1,
株式会社フード・ワン,https://foodone.co.jp/,foodone.co.jp,,https://foodone.co.jp/contact/,form,B,omotenashi,,,
有限会社日の出屋製菓,https://www.hinodeya-seika.com/,hinodeya-seika.com,,https://www.hinodeya-seika.com/#sc_ararehaContact,form,B,omotenashi,,,
大阪眼鏡硝子,https://osakameganeglass.com/,osakameganeglass.com,,https://osakameganeglass.com/contact/,form,B,omotenashi,,,
株式会社一歩,https://ippo-one.com/,ippo-one.com,,https://ippo-one.com/contact/,form,B,omotenashi,,,
精進料理 醍醐,https://www.atago-daigo.jp/,atago-daigo.jp,,https://www.atago-daigo.jp/,form,B,omotenashi,,,
株式会社純情米いわて,https://www.junjou.com/,junjou.com,order@junjou.com,https://www.junjou.com/contact/,both,A,omotenashi,,,
株式会社河辺商会,http://www.kawabe-co.com/,kawabe-co.com,kusaka.makoto@kawabe-co.com,http://www.kawabe-co.com/company#information,both,A,omotenashi,,,
i.b&d（株式会社yuukou）,https://yuukou-jp.com/,yuukou-jp.com,toiawase@yuukou-jp.com,https://yuukou-jp.com/,both,A,omotenashi,,,
石塚硝子株式会社,https://www.ishizuka.co.jp/,ishizuka.co.jp,info@ishizuka.co.jp,https://www.ishizuka.co.jp/csr/social-customer,both,A,omotenashi;ambiente_direct,,,
有限会社巽繊維工業所,https://choku.co.jp/,choku.co.jp,,https://choku.co.jp/pages/21/,form,B,omotenashi,,,
一滴グループ株式会社,https://www.itteki.com/,itteki.com,,,none,none,omotenashi,,,
株式会社村山木工,https://www.mu-wood.com/,mu-wood.com,,https://www.mu-wood.com/contact.html,form,B,omotenashi,,,
株式会社サンザ,https://www.sanza.jp/,sanza.jp,,,none,none,omotenashi,,,
株式会社三義漆器店,https://www.owanya.com/,owanya.com,,https://www.owanya.com/contact/,form,B,omotenashi,,,
第一工業製薬株式会社,https://www.dks-web.co.jp/,dks-web.co.jp,,https://www.dks-web.co.jp/contact/index.html,form,B,omotenashi,,,
株式会社晴科,https://ssl.jp-benas.co.jp/Hareka_IR.htm,ssl.jp-benas.co.jp,,,none,none,omotenashi,,,
日乃本帆布（株式会社三香堂）,https://hinomotohanpu.com/?srsltid=AfmBOooNuDItXZ6J04DKzqEslTfMVHJA0Wm2BeQ9JaWNzTgX2T3vml9E,hinomotohanpu.com,sankodo@sankodo-sac.jp,https://hinomotohanpu.com/pages/contact,both,A,omotenashi,,,1
株式会社鮮魚丸松,https://sengyo-marumatsu.co.jp/,sengyo-marumatsu.co.jp,,https://sengyo-marumatsu.co.jp/contact/,form,B,omotenashi,,,
株式会社アウレオ,https://www.aureo.co.jp/,aureo.co.jp,privacy@aureo.co.jp,https://www.aureo.co.jp/contact/,both,A,omotenashi,,,
武藤工業株式会社,https://www.mutoh.co.jp/,mutoh.co.jp,,https://www.mutoh.co.jp/contact/index.html,form,B,omotenashi,,,
株式会社岡垣漆器店（千舟堂）,https://thewajima.com/ja,thewajima.com,nana@onishigallery.com,https://thewajima.com/ja/pages/contact,both,A,omotenashi,,,1
有限会社塩野商店,https://edamame.co.jp/index.html,edamame.co.jp,,,none,none,omotenashi,,,
株式会社シーアンドケイ,https://siandkei.com/,siandkei.com,info@siandkei.com,https://siandkei.com/contact/,both,A,omotenashi,,,
小泉製麻株式会社,https://www.koizumiseima.co.jp/,koizumiseima.co.jp,,https://www.koizumiseima.co.jp/inquiry/,form,B,omotenashi,,,
有限会社弘前キュイジーヌ,http://www.r-yamazaki.com/?mode=f8,r-yamazaki.com,,https://www.r-yamazaki.com/?mode=privacy,form,B,omotenashi,,,
中瀛国際貿易株式会社,https://www.tueikokusai.co.jp/,tueikokusai.co.jp,,https://www.tueikokusai.co.jp/aboutsite/contact/,form,B,omotenashi,,,
株式会社ビヨンドプロパティーズ,https://byd-p.jp/,byd-p.jp,info@byd-p.com,https://byd-p.jp/contact/,both,A,omotenashi,,,1
きとぷらす（株式会社まちコン）,https://www.kitoplus.com/,kitoplus.com,,,none,none,omotenashi,,,
株式会社今橋製作所,https://www.imahashi-ss.jp/,imahashi-ss.jp,info@imahashi-ss.jp,https://www.imahashi-ss.jp/company.html,both,A,omotenashi,,,
有限会社高倉工芸,https://nanbuhouki.jp/,nanbuhouki.jp,info@nanbuhouki.jp,https://nanbuhouki.jp/,both,A,omotenashi,,,
株式会社世羅の大地,https://www.kokusan-matsutake.jp/,kokusan-matsutake.jp,,,none,none,omotenashi,,,
株式会社成願,https://www.jogan.co.jp/,jogan.co.jp,,https://www.jogan.co.jp/contact,form,B,omotenashi,,,
宗玄酒造株式会社,https://www.sougen-shuzou.com/,sougen-shuzou.com,info@sougen-shuzou.com,,email,A,omotenashi,,,
仲吉商事株式会社,https://ny-group.jp/?srsltid=AfmBOorbByHC_9qBQ6f1kOGDYoIEgDOnHU8Z5ros66EaT6wkWe86bWXj,ny-group.jp,,https://ny-group.jp/?srsltid=AfmBOorbByHC_9qBQ6f1kOGDYoIEgDOnHU8Z5ros66EaT6wkWe86bWXj#contact,form,B,omotenashi,,,
ハートツリー株式会社,http://heart-tree.com/,heart-tree.com,,,none,none,omotenashi,,,
株式会社メガネトップ,https://www.meganetop.co.jp/,meganetop.co.jp,,,none,none,omotenashi,,,
アートフォルム有限会社,https://store.artform.jp/?srsltid=AfmBOorPUWJ2rAr_lKdAbFSGEN9GQd7sOY91RBeBb5PfoxWFNmlQ0PJi,store.artform.jp,,https://store.artform.jp/?srsltid=AfmBOorPUWJ2rAr_lKdAbFSGEN9GQd7sOY91RBeBb5PfoxWFNmlQ0PJi,form,B,omotenashi,,,
丸紅木材株式会社,https://www.marubenilumber.co.jp/,marubenilumber.co.jp,info@marubenilumber.co.jp,https://www.marubenilumber.co.jp/contact/,both,A,omotenashi,,,
浮田産業株式会社,https://www.ukitasangyo.jp/,ukitasangyo.jp,,https://www.ukitasangyo.jp/contact/,form,B,omotenashi,,,
健幸ライフ株式会社,https://www.ashifumi.jp/,ashifumi.jp,ashifumi@kenkolife.co.jp,https://www.ashifumi.jp/contact/,both,A,omotenashi,,,1
健美薬湯株式会社,https://kenbiyakuto.com/,kenbiyakuto.com,mail@kenbiyakuto.com,https://kenbiyakuto.com/contact/,both,A,omotenashi,,,
果実の里 原田農園,http://www.harada-nouen.com/,harada-nouen.com,info@harada-nouen.com,http://www.harada-nouen.com/infoform/index.php,both,A,omotenashi,,,
NIKUO中谷精肉店（有限会社中谷肉店）,https://nikuo.jp/,nikuo.jp,shop@nikuo.jp,,email,A,omotenashi,,,
株式会社山田平安堂インターナショナル,https://www.yamada-heiando.jp/,yamada-heiando.jp,,https://www.yamada-heiando.jp/,form,B,omotenashi,,,
nature pods（株式会社ソルテラス）,https://prtimes.jp/main/html/rd/p/000000012.000091705.html,prtimes.jp,info@prtimes.jp,https://prtimes.jp/main/html/rd/p/000000012.000091705.html#js-company-information,both,A,omotenashi,,,
imono（有限会社日向キャスティング）,https://imono.life/,imono.life,info@imono.life,,email,A,omotenashi,,,
CAFE&BAKERY PATRASHE（Tsukuda&Co.株式会社）,https://patrashe-bakery.stores.jp/,patrashe-bakery.stores.jp,,,none,none,omotenashi,,,
大和マーク株式会社,https://www.daiwamark.com/,daiwamark.com,dm-support@daiwamark.com,https://www.daiwamark.com/domo/,both,A,omotenashi,,,
株式会社HEALTHYA,https://healthya.co.jp/,healthya.co.jp,,https://healthya.co.jp/contact/index.html,form,B,omotenashi,,,
一般社団法人JEBジャパンイヤービューティ協会,https://jeb-association.com/,jeb-association.com,,,none,none,omotenashi,,,
アレルゲンフリースイーツ工房omoや545（株式会社FLC design）,https://omoya545.jp/,omoya545.jp,contact@omoya545.jp,https://omoya545.jp/contact,both,A,omotenashi,,,
岡萬本舗,https://okaman-group.com/,okaman-group.com,okaman@gol.com,,email,A,omotenashi,,,1
株式会社 山長,https://www.yamachou.jp/,yamachou.jp,info@yamachou.jp,https://www.yamachou.jp/,both,A,omotenashi,,,
川原食品株式会社,https://onomichi-tsukudani.com/,onomichi-tsukudani.com,,https://onomichi-tsukudani.com/,form,B,omotenashi,,,
株式会社スクランブル,http://www.scr-tv.co.jp/,scr-tv.co.jp,,,none,none,omotenashi,,,
株式会社狩野ジャパン,https://karino-japan.com/,karino-japan.com,,,none,none,omotenashi,,,
田谷商店,https://tayashoten.base.shop/,tayashoten.base.shop,,https://tayashoten.base.shop/about,form,B,omotenashi,,,
有限会社二唐刃物鍛造所,https://nigara.jp/,nigara.jp,,https://nigara.jp/privacy-policy/,form,B,omotenashi,,,
株式会社ドリーム,https://www.mydream.co.jp/,mydream.co.jp,,https://www.mydream.co.jp/contact/,form,B,omotenashi,,,
ぷりんのススメ（イートウェル株式会社）,https://purinsusume.official.ec/,purinsusume.official.ec,,https://purinsusume.official.ec/about,form,B,omotenashi,,,
ストラク株式会社（菓匠六雁和菓子製作所）,https://rokugan.jp/,rokugan.jp,,https://rokugan.jp/#contact,form,B,omotenashi,,,
畠山七宝製作所,https://www.tokyo-shippou.com/,tokyo-shippou.com,info@tokyo-shippou.com,https://blog.tokyo-shippou.com/contents/category/contact/,both,A,omotenashi,,,
中村畳工店,https://nakamuratatami.jimdofree.com/,nakamuratatami.jimdofree.com,,,none,none,omotenashi,,,
イヴレスホスピタリティ合同会社,https://ivressehospitality.com/,ivressehospitality.com,,https://ivressehospitality.com/contact/,form,B,omotenashi,,,
株式会社くるま屋,http://ky9608.tokyo/,ky9608.tokyo,,https://ky9608.tokyo/contact.html,form,B,omotenashi,,,
株式会社ユニフォームネット,https://www.uniform-net.jp/,uniform-net.jp,,https://www.uniform-net.jp/,form,B,omotenashi,,,
株式会社いにしえ,https://inishi-e.com/,inishi-e.com,info@inishi-e.com,https://inishi-e.com/,both,A,omotenashi,,,
株式会社newlogic,https://newlogic.jp/,newlogic.jp,,,none,none,omotenashi,,,
竹村工業株式会社,https://www.takemura.co.jp/,takemura.co.jp,,https://takemura.co.jp/ctc_t/,form,B,omotenashi,,,
株式会社ディーフィット（まかないこすめ）,https://makanaibeauty.jp/,makanaibeauty.jp,,,none,none,omotenashi,,,
株式会社焼鳥専門ぎんねこ,https://www.ginneko.co.jp/,ginneko.co.jp,,,none,none,omotenashi,,,
ハンサムリネンKOMO,https://komo.stores.jp/,komo.stores.jp,,,none,none,omotenashi,,,
ゲンナイ製薬株式会社,https://gennai-seiyaku.co.jp/,gennai-seiyaku.co.jp,info@gennai-seiyaku.co.jp,,email,A,omotenashi,,,
有限会社亀山温泉ホテル,https://www.kameyamaonsen.jp/,kameyamaonsen.jp,,https://www.kameyamaonsen.jp/contact/,form,B,omotenashi,,,
のせ屋（有限会社野瀬建設）,https://on-tsubaki.com/,on-tsubaki.com,,https://on-tsubaki.shop-pro.jp/customer/signup/new,form,B,omotenashi,,,
株式会社山大,https://www.yamadai.com/,yamadai.com,,https://www.yamadai.com/about/,form,B,omotenashi,,,
有限会社オオヤギ製作所,http://oyagiss.co.jp/,oyagiss.co.jp,,http://oyagiss.co.jp/#about_us,form,B,omotenashi,,,
三光製作株式会社,https://www.sanko-seisaku.co.jp/,sanko-seisaku.co.jp,,https://www.sanko-seisaku.co.jp/news/information/sanko-information/392/,form,B,omotenashi,,,
文山製陶有限会社,https://bunzan.co.jp/,bunzan.co.jp,,https://bunzan.co.jp/contact/,form,B,omotenashi,,,
株式会社山清,https://www.yamasei.jp/,yamasei.jp,info@yamasei.jp,https://web.gogo.jp/CP15863864253831/form/otoiawase,both,A,omotenashi,,,
株式会社クリンピア企画,https://cleanpia-kikaku.jimdofree.com/,cleanpia-kikaku.jimdofree.com,,,none,none,omotenashi,,,
THE GINZA（株式会社KURUKURU）,https://www.theginza.com/,theginza.com,theginza_info@theginza.com,https://www.theginza.com/ja_JP/my-account/login?original=%2Fja_JP%2Fcontact-us,both,A,omotenashi,,,
中橋莫大小株式会社,https://merippa.com/pages/company,merippa.com,info@merippa.com,https://merippa.com/pages/contact,both,A,omotenashi;ambiente_direct,,,
株式会社ハマショク,https://hama-shoku.co.jp/,hama-shoku.co.jp,,https://hama-shoku.co.jp/contact/,form,B,omotenashi,,,
株式会社ありがとう,https://www.ari-gato.co.jp/,ari-gato.co.jp,ec-g@arare.co.jp,https://www.ari-gato.co.jp/?mode=privacy,both,A,omotenashi,,,1
株式会社DHL,https://www.dhl.com/jp-ja/home.html,dhl.com,,,none,none,omotenashi,,,
石川技研工業株式会社,https://www.ishikawa-giken.co.jp/,ishikawa-giken.co.jp,,https://www.ishikawa-giken.co.jp/contact.php,form,B,omotenashi,,,
レガーメ株式会社,https://legameinc.com/,legameinc.com,,https://legameinc.com/#contact,form,B,omotenashi,,,
ルボア株式会社,https://ruboa.com/,ruboa.com,,https://ruboa.com/contact,form,B,omotenashi,,,
株式会社東郷商店,https://tougoushouten.com/,tougoushouten.com,info@tougou-shouten.co.jp,https://tougoushouten.com/contact,both,A,omotenashi,,,1
JA全農ミートフーズ株式会社,https://www.jazmf.co.jp/,jazmf.co.jp,,https://www.jazmf.co.jp/contact-top,form,B,omotenashi,,,
利島農業協同組合,https://ja-toshima.jp/,ja-toshima.jp,info@ja-toshima.jp,https://ja-toshima.jp/contact/,both,A,omotenashi,,,
株式会社三旺インターナショナル,https://bio-normalizer.com/,bio-normalizer.com,info@bio-normalizer.com,https://bio-normalizer.com/,both,A,omotenashi,,,
岩手県産株式会社,https://www.iwatekensan.co.jp/,iwatekensan.co.jp,tarou@tarou.co.jp,https://www.iwatekensan.co.jp/information/contact_us.php,both,A,omotenashi,,,1
株式会社TAMU,http://tamunohako.com/,tamunohako.com,,http://tamunohako.com/,form,B,omotenashi,,,
株式会社京でん,https://cotocul.com/,cotocul.com,support@kyoden-inc.com,https://cotocul.com/#FooterCountryForm,both,A,omotenashi,,,1
大勝軒いぶき,https://taishoken-ibuki.com/,taishoken-ibuki.com,,,none,none,omotenashi,,,
株式会社ホクセイレン,https://www.hokuseiren.com/,hokuseiren.com,hokkaido@hokuseiren.jp,https://www.hokuseiren.com/contact,both,A,omotenashi,,,1
日本ピザハット株式会社,https://www.pizzahut.jp/,pizzahut.jp,,,none,none,omotenashi,,,
besitos株式会社,https://besitosjapan.com/,besitosjapan.com,besitos.japan@gmail.com,https://besitosjapan.com/pages/contact,both,A,omotenashi,,1,
RE沖縄,http://fiori-rossi.com/index.html,fiori-rossi.com,,,none,none,omotenashi,,,
株式会社奥田又右衛門膏本舗,https://www.geroko.co.jp/,geroko.co.jp,,https://www.geroko.co.jp/contact/,form,B,omotenashi,,,
有限会社柏崎青果,https://kashiwazakiseika.com/,kashiwazakiseika.com,,https://kashiwazakiseika.com/contact/,form,B,omotenashi,,,
株式会社ハーベス,https://www.harves.co.jp/,harves.co.jp,,https://www.harves.co.jp/contact/,form,B,omotenashi,,,
株式会社プラウズ,https://www.plows.co.jp/,plows.co.jp,info@plows-hoiku.net,https://www.plows.co.jp/#bl_jobSearchForm_area,both,A,omotenashi,,,1
株式会社ウチノ板金,https://www.uchinobankin.co.jp/,uchinobankin.co.jp,,https://www.uchinobankin.co.jp/contact.html,form,B,omotenashi,,,
くら吉（株式会社ゆう幸）,http://www.kurakichi.jp/,kurakichi.jp,,http://www.kurakichi.jp/contact/,form,B,omotenashi,,,
株式会社アガペファーム,https://agapefarm.jp/,agapefarm.jp,,https://agapefarm.jp/contact/,form,B,omotenashi,,,
株式会社日田天領水,https://www.hitatenryosui.co.jp/,hitatenryosui.co.jp,tenryo@hitatenryosui.co.jp,,email,A,omotenashi,,,
株式会社美ノ久,http://www.minokyu.co.jp/,minokyu.co.jp,francedog@minokyu.co.jp,,email,A,omotenashi,,,
株式会社M's planning,https://www.ms-sekkei.jp/,ms-sekkei.jp,,https://www.ms-sekkei.jp/contact/,form,B,omotenashi,,,
RE:WOOD（株式会社土山木協）,https://www.rewood-style.com/,rewood-style.com,info@tsuchiyama-w.com,https://www.rewood-style.com/%E3%81%8A%E5%95%8F%E3%81%84%E5%90%88%E3%82%8F%E3%81%9B,both,A,omotenashi,,,1
株式会社味萬,https://ocha-ajiman.jp/,ocha-ajiman.jp,,https://ocha-ajiman.jp/contact/,form,B,omotenashi,,,
株式会社野上食品,https://nogameat.com/,nogameat.com,k.nogami.meet@ec6.technowave.ne.jp,https://nogameat.com/contact/,both,A,omotenashi,,,1
株式会社恒和プロダクト,https://www.kowa-dtp.com/,kowa-dtp.com,,,none,none,omotenashi,,,
株式会社ツナギ,https://www.tsunagi-japan.co.jp/?srsltid=AfmBOor33Dvb5oEQ7L4di1RCZC4s1cNX-v0F3YCrj6p58oLPrb1r_qOH,tsunagi-japan.co.jp,,https://www.tsunagi-japan.co.jp/contact/,form,B,omotenashi,,,
薫彩堂,http://kunsaido.com/,kunsaido.com,,http://kunsaido.com/contact/,form,B,omotenashi,,,
有限会社シラキ工芸,https://chouchin.com/index.html,chouchin.com,,,none,none,omotenashi;dainipponichi,,,
株式会社ドゥイング,https://www.eco-doing.co.jp/,eco-doing.co.jp,,https://www.eco-doing.co.jp/contact.html,form,B,omotenashi,,,
株式会社YMエージェンシー,https://tomiokasilk.shop/company/,tomiokasilk.shop,,https://tomiokasilk.shop/contact/,form,B,omotenashi,,,
ジャパンフレバリング株式会社 日本の旨み山椒専門店 ZANSHO-P運営,https://zanshop358.base.ec/,zanshop358.base.ec,,https://zanshop358.base.ec/about,form,B,omotenashi,,,
ロジックシステム株式会社,https://www.logic-system.com/,logic-system.com,,,none,none,omotenashi,,,
株式会社福一,https://www.fukuichi.jp/ja/,fukuichi.jp,info@fukuichi.jp,https://www.fukuichi.jp/,both,A,omotenashi,,,
菊水産業株式会社,https://kikusuisangyo.co.jp/,kikusuisangyo.co.jp,info@kikusuisangyo.co.jp,https://kikusuisangyo.co.jp/,both,A,omotenashi,,,
株式会社ハンディネットワーク インターナショナル,https://hni.co.jp/?srsltid=AfmBOoqlU46AbUkduNfPsPBM_x8-4QN_DPxz7WX94S3_1kdbG7EF4tuW,hni.co.jp,info@hni.co.jp,https://hni.co.jp/contact/,both,A,omotenashi,,,
a・CopineJapan株式会社,https://amberres.com/,amberres.com,,https://amberres.com/contact/,form,B,omotenashi,,,
神楽フィースト株式会社,https://www.kagurafeast.co.jp/company/,kagurafeast.co.jp,info@kagurafeast.co.jp,https://www.kagurafeast.co.jp/company/,both,A,omotenashi,,,
株式会社グリーンパークまんのう,https://gp-manno.com/,gp-manno.com,,https://gp-manno.com/contact,form,B,omotenashi,,,
ぽらりす,https://whitehouse-orv.jp/,whitehouse-orv.jp,,,none,none,omotenashi,,,
ナニナニ製菓,https://7272.me/,7272.me,post@7272.me,https://7272.me/,both,A,omotenashi,,,
有限会社光巨プロジェクト,https://partners.eventbank.jp/company/1328,partners.eventbank.jp,,https://partners.eventbank.jp/inquiry.do,form,B,omotenashi,,,
株式会社バンザイ・ファクトリー,https://www.sagar.jp/,sagar.jp,tsubaki@sagar.jp,,email,A,omotenashi,,,
GOKUMIN 株式会社KURUKURU,https://gokumin.co.jp/?srsltid=AfmBOorsqoXQRdrbM1iPL-EoEZkDMYLNBNZysCK-6cWO8PNucG2LhLA2,gokumin.co.jp,customer@gokumin.co.jp,https://gokumin.co.jp/pages/contact,both,A,omotenashi,,,
1ANKO（PRISM DESIGN合同会社）,https://www.1anko.com/,1anko.com,,https://www.1anko.com/,form,B,omotenashi,,,
株式会社神原,https://www.kambara.co.jp/,kambara.co.jp,,https://www.kambara.co.jp/contact/,form,B,omotenashi,,,
会津絵蠟燭本舗 小澤蠟燭店,https://www.aizuerousoku.com/,aizuerousoku.com,ozawarosokuten@gmail.com,https://www.aizuerousoku.com/,both,A,omotenashi,,1,
有限会社たつみ麺店,https://tatsumi-shop.com/,tatsumi-shop.com,,https://tatsumi-shop.com/hpgen/HPB/shop/policy.html,form,B,omotenashi,,,
株式会社オリーブ,https://olive.style/,olive.style,info@olive.style,https://olive.style/contact/,both,A,omotenashi,,,
MSPジャパン有限会社,https://msp-japan.co.jp/,msp-japan.co.jp,m.oi.chiba@msp-japan.co.jp,https://msp-japan.co.jp/index.php/contact/,both,A,omotenashi,,,
株式会社志ぶ家,https://shibuya-ohtawara.com/,shibuya-ohtawara.com,shibuya.ohtawara@gmail.com,,email,A,omotenashi,,1,
伊藤建友株式会社,https://www.itokenyu.com/,itokenyu.com,,https://www.itokenyu.com/contact/,form,B,omotenashi,,,
株式会社クロス・クローバー・ジャパン,https://cross-clover.co.jp/,cross-clover.co.jp,,https://cross-clover.co.jp/1343/,form,B,omotenashi,,,
株式会社エアウィーヴ,https://airweave.jp/?srsltid=AfmBOorokQfZvULexnhN3gTrCnBiWYT0Fdd4ylHQO2WI7b-t4LLPmxA8,airweave.jp,,,none,none,omotenashi,,,
Night Sweets Bar Salice,https://sweetssalice.com/,sweetssalice.com,yanagawa0814@gmail.com,,email,A,omotenashi,,1,
升萬食品有限会社,https://www.masuman.com/,masuman.com,,https://www.masuman.com/contact-sample/,form,B,omotenashi,,,
銀座 菊廼舎,https://ec.ginza-kikunoya.co.jp/,ec.ginza-kikunoya.co.jp,,https://ec.ginza-kikunoya.co.jp/ext/privacy.html,form,B,omotenashi,,,
京はし満津金（株式会社金陽社印刷所）,https://www.kin-yosha.co.jp/,kin-yosha.co.jp,,,none,none,omotenashi,,,
株式会社さえ喜,https://www.saeki.co.jp/,saeki.co.jp,info@saeki.co.jp,https://www.saeki.co.jp/login/inquiryedit,both,A,omotenashi,,,
株式会社フルハウス,https://www.fullhouse.jp/,fullhouse.jp,,,none,none,omotenashi,,,
株式会社田巻屋,https://www.tamakiya-gofuku.tokyo.jp/,tamakiya-gofuku.tokyo.jp,,https://www.tamakiya-gofuku.tokyo.jp/contact/,form,B,omotenashi,,,
東京鈴蘭株式会社,https://archway.jp/,archway.jp,,,none,none,omotenashi,,,
有限会社伊万里陶芸,http://imari-togei.co.jp/,imari-togei.co.jp,info@imari-togei.jp,http://imari-togei.co.jp/,both,A,omotenashi,,,1
四万十うなぎ販売株式会社,https://shimanto-unagi.com/,shimanto-unagi.com,info@shimanto-unagi.com,https://shimanto-unagi.com/,both,A,omotenashi,,,
株式会社宝仙堂,https://www.hosendo.co.jp/,hosendo.co.jp,,,none,none,omotenashi,,,
株式会社岡本農園,http://www.okamotofarm.com/,okamotofarm.com,okamoto_farm_i@okamotofarm.com,,email,A,omotenashi,,,
SOO,https://soo.kyoto/,soo.kyoto,soo.kyoto.soo@gmail.com,https://soo.kyoto/contact/,both,A,omotenashi;minkougei;minkougei_v2,,1,
有限会社大橋量器,https://www.masukoubou.jp/,masukoubou.jp,,https://www.masukoubou.jp/contact/,form,B,omotenashi,,,
三木商事株式会社,https://miki-shouji.co.jp/,miki-shouji.co.jp,,https://miki-shouji.co.jp/contact/,form,B,omotenashi,,,
株式会社一ノ蔵,https://ichinokura.co.jp/,ichinokura.co.jp,sake@ichinokura.co.jp,https://ichinokura.co.jp/,both,A,omotenashi,,,
株式会社スローフォルムス,https://slow-forms.com/,slow-forms.com,,https://slow-forms.com/,form,B,omotenashi,,,
株式会社黒船,https://www.quolofune.com/,quolofune.com,info@quolofune.com,https://www.quolofune.com/contact/,both,A,omotenashi,,,
フリップワークス株式会社,https://flipworks.jp/,flipworks.jp,,https://flipworks.jp/contact/,form,B,omotenashi,,,
株式会社日根野勝治郎商店,https://www.katsujirou.com/,katsujirou.com,,https://www.katsujirou.com/contents/contact/,form,B,omotenashi,,,
株式会社鹿吉,https://shikakichi.jp/,shikakichi.jp,,,none,none,omotenashi,,,
株式会社タクセイ,https://www.takusei.co.jp/,takusei.co.jp,,https://www.takusei.co.jp/login/inquiryedit,form,B,omotenashi,,,
森戸商店,https://morito-kumade.jp/,morito-kumade.jp,info@morito-kumade.jp,https://morito-kumade.jp/contact/,both,A,omotenashi,,,
株式会社オクムラ,https://www.okumura-int.co.jp/,okumura-int.co.jp,info@okumura-int.co.jp,https://www.okumura-int.co.jp/contact,both,A,omotenashi,,,
株式会社今井だるま店NAYA,https://imainaya.com/,imainaya.com,shop@imai.shop-pro.jp,https://imainaya.com/contact/,both,A,omotenashi,,,1
ペプチドリップ株式会社,https://www.peptiderip.com/,peptiderip.com,,https://www.peptiderip.com/contact/,form,B,omotenashi,,,
Liberato,https://www.liberato.jp/?srsltid=AfmBOorjVbko519FiS92p5n1rjn7pFRFjl2anPaqMaKRg-VnEguR_HsE,liberato.jp,,https://www.liberato.jp/?srsltid=AfmBOorjVbko519FiS92p5n1rjn7pFRFjl2anPaqMaKRg-VnEguR_HsE,both,B,omotenashi,,,
有限会社和菓子の老舗中島,https://www.wagashi-nakashima.com/,wagashi-nakashima.com,,,none,none,omotenashi,,,
美麗醤プロジェクト 有限会社昭和地所,https://www.showa-jisho.co.jp/brayzhang/,showa-jisho.co.jp,,https://www.showa-jisho.co.jp/contact/edit/,form,B,omotenashi,,,
株式会社三秀堂,https://sanshudo.thebase.in/,sanshudo.thebase.in,,https://sanshudo.thebase.in/about,form,B,omotenashi,,,
株式会社ディーブレス,https://www.d-breath.co.jp/,d-breath.co.jp,,https://www.d-breath.co.jp/contact/,form,B,omotenashi,,,
愛知ドビー株式会社,https://www.vermicular.jp/,vermicular.jp,sales@vermicular.jp,https://www.vermicular.jp/support/ltv/,both,A,omotenashi,,,
株式会社アイエスエム,https://ism8665.com/,ism8665.com,ism@ism8665.com,https://ism8665.com/contact,both,A,omotenashi,,,
株式会社自然堂ジャパンビューティー研究所,https://shizendo-japan.co.jp/,shizendo-japan.co.jp,info1@shizendo-japan.co.jp,,email,A,omotenashi,,,
株式会社日進商会,https://www.nissinsyoukai.co.jp/,nissinsyoukai.co.jp,,https://www.nissinsyoukai.co.jp/contact,form,B,omotenashi,,,
岩谷堂箪笥生産協同組合,https://www.iwayado-tansu.jp/,iwayado-tansu.jp,i-kumiai@iwayado-tansu.jp,https://www.iwayado-tansu.jp/post/form.html,both,A,omotenashi,,,
有限会社ヤマ亮横井製陶所,https://www.yamaryo451.com/,yamaryo451.com,,,none,none,omotenashi,,,
株式会社岡﨑屋,https://www.e-ninniku.com/,e-ninniku.com,info@e-ninniku.com,https://www.e-ninniku.com/form/inquiry,both,A,omotenashi,,,
きよとうファーム株式会社,https://kiyoto-shop.com/?srsltid=AfmBOor9851bU7bK5IMgD09nMU7ejs6Ns8kyderSJXIJcBOQOE5nJlTU,kiyoto-shop.com,kiyotofarm@gmail.com,https://kiyoto-shop.com/law,both,A,omotenashi,,1,
株式会社リマックスジャパン,https://remax.co.jp/,remax.co.jp,info@remax.co.jp,https://remax.co.jp/contact/,both,A,omotenashi,,,
AZseed Japan株式会社,https://azseedjapan.co.jp/,azseedjapan.co.jp,,https://azseedjapan.co.jp/%E3%81%8A%E5%AE%A2%E6%A7%98%E3%81%AE%E5%A3%B0/#review_form_link,form,B,omotenashi,,,
株式会社ガラス工房長七屋,https://www.chouhichi.com/,chouhichi.com,,https://www.chouhichi.com/contact/,form,B,omotenashi,,,
やまだ農園,https://yasatoyamadanouen.amebaownd.com/,yasatoyamadanouen.amebaownd.com,yamadayamadanouen@gmail.com,https://yasatoyamadanouen.amebaownd.com/posts/11528435,both,A,omotenashi,,1,
牛久シャトー株式会社,https://www.oenon.jp/ushiku-chateau/,oenon.jp,,https://www.oenon.jp/ushiku-chateau/inquiry/,form,B,omotenashi,,,
株式会社和晃,https://siteoffice-wako.co.jp/,siteoffice-wako.co.jp,,https://siteoffice-wako.co.jp/contact/,form,B,omotenashi,,,
株式会社グローバルロード,https://www.globalroad.co.jp/,globalroad.co.jp,,https://www.globalroad.co.jp/inquiry,form,B,omotenashi,,,
株式会社デザインポケット,https://www.designpocket.net/,designpocket.net,,,none,none,omotenashi,,,
株式会社dual-mode,https://www.dual-mode.jp/,dual-mode.jp,,https://www.dual-mode.jp/contact/,form,B,omotenashi,,,
株式会社ティダファクトリ,https://tida.okinawa.jp/,tida.okinawa.jp,info@tida.okinawa.jp,https://tida.okinawa.jp/inquiry.php,both,A,omotenashi,,,
洛景工房株式会社,https://rakukei.com/?srsltid=AfmBOoo3Vl4iMeN8fezLNDrpYo522lVAD85Vy6UWxS_GgqGkM2tGJ6vr,rakukei.com,info@rakukei.com,https://rakukei.com/customer/login,both,A,omotenashi,,,
泰光住建株式会社,https://taikoujuken.com/jp/,taikoujuken.com,,https://taikoujuken.com/jp/contact/,form,B,omotenashi,,,
まるは油脂化学株式会社,http://www.nanairo.co.jp/,nanairo.co.jp,info@nanairo.co.jp,http://www.nanairo.co.jp/form/,both,A,omotenashi,,,
有限会社フェイスウィン,https://www.faithwin.com/,faithwin.com,info@faithwin.com,https://www.faithwin.com/contact/,both,A,omotenashi,,,
株式会社ダイニチ・コーポレーション,https://dainichi-corp.co.jp/?srsltid=AfmBOoqPjLPJXIta05dadkrsKIGK4rPeLHHy6I9X7j2hrcBrfn9NKp7T,dainichi-corp.co.jp,customer-support@dainichi-corp.co.jp,https://dainichi-corp.co.jp/blogs/news/information_1,both,A,omotenashi,,,
株式会社SEアミューズメント,https://www.se-amuse.jp/,se-amuse.jp,info@se-amuse.jp,https://www.se-amuse.jp/contact/,both,A,omotenashi,,,
株式会社路珈珈,https://rokumei.coffee/,rokumei.coffee,,https://rokumei.coffee/blog/category/about-rokumei/rokumeiselections/,form,B,omotenashi,,,
株式会社かねい,https://nakatsukanei.com/,nakatsukanei.com,info@nakatsukanei.com,https://nakatsukanei.com/,both,A,omotenashi,,,
HIMAWARIDOU（株式会社共信）,https://himawaridou.com/pages/company,himawaridou.com,,https://himawaridou.com/pages/contact,form,B,omotenashi,,,
アリタポーセリンラボ株式会社,https://aritaporcelainlab.com/,aritaporcelainlab.com,,https://aritaporcelainlab.com/contact/,form,B,omotenashi,,,
富洋観光開発株式会社,https://thefish.co.jp/,thefish.co.jp,,https://thefish.co.jp/contact/,form,B,omotenashi,,,
公益財団法人山本能楽堂,https://noh-theater.com/,noh-theater.com,info@noh-theater.com,https://noh-theater.com/toiawase.php,both,A,omotenashi,,,
サブ水産株式会社,http://www.sabusuisan.co.jp/,sabusuisan.co.jp,osaka@sabusuisan.co.jp,,email,A,omotenashi,,,
美術木箱うらた,https://www.kibako-urata.com/,kibako-urata.com,info@kibako-urata.com,https://www.kibako-urata.com/,both,A,omotenashi,,,
ヤングビーナス薬品工業株式会社,https://www.youngvenus.co.jp/,youngvenus.co.jp,info@youngvenus.co.jp,https://www.youngvenus.co.jp/contact.html,both,A,omotenashi,,,
和栗白露（株式会社フィアマ）,https://www.wagurishiratsuyu.com/,wagurishiratsuyu.com,,https://www.wagurishiratsuyu.com/,form,B,omotenashi,,,
株式会社丸善化工,https://www.maruzenkako.com/,maruzenkako.com,,https://www.maruzenkako.com/contact/,form,B,omotenashi,,,
玩古庵（有限会社春日部張子人形店）,https://www.maneki-neko.com/,maneki-neko.com,,https://www.maneki-neko.com/contents/category/contact/,form,B,omotenashi,,,
山中煎餅本舗,https://www.yamanaka-senbei.com/,yamanaka-senbei.com,,,none,none,omotenashi,,,
株式会社能作,https://www.nousaku.co.jp/,nousaku.co.jp,,https://www.nousaku.co.jp/contact/,form,B,omotenashi;ilt_direct;ilt_v2,,,
フルーツタルト専門店 [oHacorté]（チューイチョーク株式会社）,https://chewi-choak.com/,chewi-choak.com,,,none,none,omotenashi,,,
有限会社やなせ和紙,https://washicco.jp/index.html,washicco.jp,yanase@washicco.jp,,email,A,omotenashi,,,
株式会社境田商事,http://www.sakaida01.co.jp/,sakaida01.co.jp,sakaida@iaa.itkeeper.ne.jp,,email,A,omotenashi,,,1
K-iwami（株式会社むらたや）,https://k-iwami.com/?srsltid=AfmBOoqO5PcNieGzRsVxhSyLuLH0iymrqzz0gVUK62yGbu3We_rShvlt,k-iwami.com,info@k-iwami.com,https://k-iwami.com/pages/about,both,A,omotenashi,,,
硝子屋 PRATO PINO,https://pratopino.wixsite.com/website,pratopino.wixsite.com,,https://pratopino.wixsite.com/website/%E3%81%8A%E5%95%8F%E5%90%88%E3%81%9B,form,B,omotenashi,,,
有限会社糀和田屋,https://www.koujiwadaya.co.jp/,koujiwadaya.co.jp,,,none,none,omotenashi,,,
宮崎空港商事株式会社,https://www.m-kukoshoji.co.jp/,m-kukoshoji.co.jp,kai@m-kukoshoji.co.jp,https://www.m-kukoshoji.co.jp/pages/contact,both,A,omotenashi,,,
株式会社アルテリーベ,https://alteliebe.co.jp/,alteliebe.co.jp,guest@alteliebe.co.jp,https://alteliebe.co.jp/form/contact.php,both,A,omotenashi,,,
株式会社エル,https://www.l-sac.com/,l-sac.com,,https://www.l-sac.com/contact_form/,form,B,omotenashi,,,
株式会社謙信,https://kensin.tokyo.jp/,kensin.tokyo.jp,sale@art-kensin.jp,https://kensin.tokyo.jp/,both,A,omotenashi,,,1
金両株式会社,https://kinryo-shoyu.co.jp/,kinryo-shoyu.co.jp,,https://kinryo-shoyu.co.jp/hpgen/HPB/shop/policy.html,form,B,omotenashi,,,
喜島商店（株式会社喜島屋）,https://www.kijimaya.com/,kijimaya.com,info@kijimaya.com,,email,A,omotenashi,,,
福美人株式会社,https://www.fukubijin.co.jp/,fukubijin.co.jp,order_kanri@fukubijin.co.jp,https://www.fukubijin.co.jp/hpgen/HPB/entries/1.html,both,A,omotenashi,,,
ドクターホワイト株式会社,https://doctorsoil.co.jp/,doctorsoil.co.jp,info@doctorsoil.jp,https://doctorsoil.co.jp/contact/,both,A,omotenashi,,,1
INTERSTATE DESIGN,https://solahanpu.com/?srsltid=AfmBOoqYNn-rhiiUx7UgEtJi5PkJzgIg8tGaw7IfenS1bBwBgzSLPrKX,solahanpu.com,support@solahanpu.com,https://solahanpu.com/blogs/all/rationality-is-the-highest-form-of-beauty,both,A,omotenashi,,,
株式会社鈴木ハーブ研究所,https://s-herb.com/?srsltid=AfmBOopMTzLJ5450zXLDgWzgaD-sKzIRVUwM2IP5P5CP4zKQfLeIrij-,s-herb.com,shl@s-herb.com,https://s-herb.com/?srsltid=AfmBOopMTzLJ5450zXLDgWzgaD-sKzIRVUwM2IP5P5CP4zKQfLeIrij-,both,A,omotenashi,,,
株式会社あさぎ,http://www.asagi393.jp/,asagi393.jp,info@asagi393.jp,http://www.asagi393.jp/mizu.html,both,A,omotenashi,,,
株式会社上見屋,https://agemiya.jp/,agemiya.jp,,,none,none,omotenashi,,,
合同会社ナチュール青森,https://nature-aomori.com/,nature-aomori.com,shop@nature-aomori.com,https://nature-aomori.com/privacy-policy/,both,A,omotenashi,,,
株式会社リッツウェル,https://ritzwell.com/,ritzwell.com,somu@ritzwell.com,https://ritzwell.com/form/contact/,both,A,omotenashi,,,
株式会社マルアイ,https://www.maruai-super.co.jp/,maruai-super.co.jp,,,none,none,omotenashi,,,
静岡茶ガールプロジェクト,https://www.shizuoka.hakuhodo.co.jp/creation/chagirl/,shizuoka.hakuhodo.co.jp,,https://www.shizuoka.hakuhodo.co.jp/contact/,form,B,omotenashi,,,
京纏菓子cacoto,http://kyomatoi-cacoto.com/,kyomatoi-cacoto.com,cacoto@icloud.com,,email,A,omotenashi,,1,
有限会社山儀工業所,https://www.yamagi-industry.co.jp/,yamagi-industry.co.jp,,https://www.yamagi-industry.co.jp/contact/,form,B,omotenashi,,,
片山酒造株式会社,https://www.kashiwazakari.com/shop/,kashiwazakari.com,info@kashiwazakari.com,https://www.kashiwazakari.com/shop/,both,A,omotenashi,,,
株式会社システック,https://www.systec.co.jp/,systec.co.jp,,https://www.systec.co.jp/contact/,form,B,omotenashi,,,
コム・サンヨー株式会社,https://comsanyo.co.jp/,comsanyo.co.jp,mail@comsanyo.co.jp,https://comsanyo.co.jp/pages/5/,both,A,omotenashi,,,
株式会社夢菓房たから,https://e-takara.jp/,e-takara.jp,info@e-takara.jp,https://e-takara.jp/contact/,both,A,omotenashi,,,
株式会社ウィズファーム,https://withfarm.amebaownd.com/,withfarm.amebaownd.com,hara3005@gmail.com,,email,A,omotenashi,,1,
UMAMI COLA株式会社,https://umamicola.com/,umamicola.com,info@umamicola.com,https://umamicola.com/contact,both,A,omotenashi,,,
株式会社米田兄弟社,http://www.yonedakeitei.jp/,yonedakeitei.jp,info@yonedakeitei.jp,http://www.yonedakeitei.jp/contact,both,A,omotenashi,,,
株式会社WINDEAR,https://www.kidstravel.jp/pages/company?srsltid=AfmBOorT_txE4bjJjBoHBzLrcXuWANMjfQ9DzqFL-Vqr9nEJb3RM2Zfi,kidstravel.jp,info@windear.jp,https://www.kidstravel.jp/pages/company?srsltid=AfmBOorT_txE4bjJjBoHBzLrcXuWANMjfQ9DzqFL-Vqr9nEJb3RM2Zfi,both,A,omotenashi,,,1
株式会社尚雅堂,https://shogado.co.jp/,shogado.co.jp,taro@shogado.co.jp,https://shogado.co.jp/contact/,both,A,omotenashi;dainipponichi;ilt_direct;ilt_v2,,,
有限会社かいだ食品,https://kaidashokuhin.com/,kaidashokuhin.com,,https://kaidashokuhin.com/category/information/,form,B,omotenashi,,,
株式会社満天社,http://www.mantensha.co.jp/,mantensha.co.jp,,http://www.mantensha.co.jp/contact/index.php,form,B,omotenashi,,,
株式会社鈴木靴下,https://www.suzuki-socks.co.jp/,suzuki-socks.co.jp,,https://www.suzuki-socks.co.jp/contact/,form,B,omotenashi,,,
株式会社ZIPANG,http://www.zpg.jp/,zpg.jp,,http://www.zpg.jp/contact/,form,B,omotenashi,,,
くらしいきいき株式会社,https://www.kurashiikiiki.com/,kurashiikiiki.com,siawase@shopfucoidan.com,,email,A,omotenashi,,,1
株式会社aretisme,https://www.aretisme.co.jp/,aretisme.co.jp,info@aretisme.co.jp,,email,A,omotenashi,,,
明石酒類醸造株式会社,https://www.akashi-tai.com/jp/,akashi-tai.com,info@akashi-tai.com,,email,A,omotenashi,,,
明石めで鯛や（西明石興業有限会社）,https://www.medetaiya.jp/,medetaiya.jp,info@medetaiya.jp,https://www.medetaiya.jp/,both,A,omotenashi,,,
青柳畳店,https://aoyagitatamiten.jp/,aoyagitatamiten.jp,aoyagitatamiten@sa2.so-net.ne.jp,https://aoyagitatamiten.jp/contact,both,A,omotenashi,,,1
南魚沼大久保農園株式会社,https://sas-uonuma.com/,sas-uonuma.com,info@sas-uonuma.com,https://sas-uonuma.com/,both,A,omotenashi,,,
工房ki-kiru,https://hokkaidowood.com/member/member-2481/,hokkaidowood.com,doumokuren@woodplaza.or.jp,https://hokkaidowood.com/contact/,both,A,omotenashi,,,1
株式会社花えちぜん（創作和洋菓子花えちぜん）,https://www.hanaechizen.net/,hanaechizen.net,,https://www.hanaechizen.net/contact,form,B,omotenashi,,,
株式会社清月,https://www.seigetsu.co.jp/,seigetsu.co.jp,,https://www.seigetsu.co.jp/form/,form,B,omotenashi,,,
メガネ工房ヨシモト,https://shop.mk-yoshimoto.jp/,shop.mk-yoshimoto.jp,,https://shop.mk-yoshimoto.jp/about,form,B,omotenashi,,,
株式会社八代目儀兵衛,https://hachidaime.com/,hachidaime.com,,https://hachidaime.com/#contact,form,B,omotenashi,,,
TOUFU TOKYO,https://toufu.tokyo/,toufu.tokyo,toufu@gmail.com,https://toufu.tokyo/contact/,both,A,omotenashi,,1,
金星食品有限会社,https://kinseifoods.co.jp/,kinseifoods.co.jp,info@kinseifoods.co.jp,https://kinseifoods.co.jp/contact/,both,A,omotenashi,,,
わかな合資会社,https://wakana-kagamino.jp/,wakana-kagamino.jp,,https://wakana-kagamino.jp/contact/,form,B,omotenashi,,,
太武朗工房 株式会社タブロー,https://tableau1988.co.jp/,tableau1988.co.jp,,https://tableau1988.co.jp/contact/,form,B,omotenashi,,,
とげぬき福寿庵（株式会社ジャムユナイテッド）,https://jam-united.com/,jam-united.com,info@jam-united.com,https://jam-united.com/,both,A,omotenashi,,,
株式会社ブライタス,https://bright-us.co.jp/,bright-us.co.jp,,,none,none,omotenashi,,,
株式会社AJX,https://www.air-japan.co.jp/,air-japan.co.jp,,,none,none,omotenashi,,,
ささのうち農園,https://sasamikan.thebase.in/,sasamikan.thebase.in,,https://sasamikan.thebase.in/about,form,B,omotenashi,,,
株式会社Gerbera,https://gerbera-group.com/,gerbera-group.com,,https://gerbera-group.com/contact/,form,B,omotenashi,,,
キミとワタシのSUMIKA（株式会社TIRAMISU）,https://www.sumika22.jp/,sumika22.jp,,,none,none,omotenashi,,,
西光堂パートナーズ株式会社,http://seikoudou-p.com/,seikoudou-p.com,,http://seikoudou-p.com/,form,B,omotenashi,,,
SOULITE JAPAN（合同会社Uniify）,https://soulite.jp/?srsltid=AfmBOopz8CO45THPnx_bSdwMaDvfjeu-wq8RDxSwTstJxygokiGVBf1k,soulite.jp,info@soulite.jp,https://soulite.jp/pages/contact,both,A,omotenashi,,,
株式会社エコマコ,https://ecomaco.com/,ecomaco.com,,https://ecomaco.com/2019/12/19/disaster-victim-support/,form,B,omotenashi,,,
株式会社ワイズインテグレーション,https://www.ssu.co.jp/,ssu.co.jp,,https://www.ssu.co.jp/contact/,form,B,omotenashi,,,
名古屋樹脂工業株式会社,https://www.nagoyajushi.co.jp/,nagoyajushi.co.jp,,https://www.nagoyajushi.co.jp/contact/,form,B,omotenashi,,,
株式会社ALTインフォメーション,https://altinfo.jp/,altinfo.jp,info@altinfo.jp,https://altinfo.jp/,both,A,omotenashi,,,
株式会社マルゼキ,https://www.maruzeki.com/ja_JP/home,maruzeki.com,maruzeki@lingble.com,https://www.maruzeki.com/ja_JP/contactus,both,A,omotenashi,,,1
宮尾酒造株式会社,https://www.shimeharitsuru.co.jp/,shimeharitsuru.co.jp,,https://www.shimeharitsuru.co.jp/contact/index.html,form,B,omotenashi,,,
Brillian,https://brillian.pwa.1cs.jp/,brillian.pwa.1cs.jp,,,none,none,omotenashi,,,
有限会社ヴァズ,https://vaz.co.jp/,vaz.co.jp,,https://vaz.co.jp/contact/#general,form,B,omotenashi,,,
株式会社COOLKNOT JAPAN,https://coolknot.co.jp/,coolknot.co.jp,,https://coolknot.co.jp/contact/,form,B,omotenashi,,,
株式会社桔梗屋,https://kikyouya.co.jp/,kikyouya.co.jp,eigyou4@kikyouya.co.jp,https://kikyouya.co.jp/2026/01/10/%E3%80%90%E3%81%8A%E7%9F%A5%E3%82%89%E3%81%9B%E3%80%91%E5%96%B6%E6%A5%AD%E6%99%82%E9%96%93%E5%A4%89%E6%9B%B4%E3%81%AE%E3%81%8A%E7%9F%A5%E3%82%89%E3%81%9B-12/,both,A,omotenashi,,,
株式会社ミカコーポレーション,https://www.iidashi-mizunoto.com/,iidashi-mizunoto.com,info@iidashi-mizunoto.com,https://www.iidashi-mizunoto.com/,both,A,omotenashi,,,
株式会社ウッドワーク,https://www.wood-work.ltd/,wood-work.ltd,,https://www.wood-work.ltd/contact,form,B,omotenashi,,,
株式会社トミゼンフーヅ,https://www.saikano-hoseki.jp/,saikano-hoseki.jp,,,none,none,omotenashi,,,
有限会社シャルムベーカリー、ポンシェ,https://www.ponshe.com/,ponshe.com,,,none,none,omotenashi,,,
株式会社ALHAMBRA,https://www.alhambrainc.com/,alhambrainc.com,info@alhambrainc.jp,https://www.alhambrainc.com/contact,both,A,omotenashi,,,1
相場産業株式会社,https://www.abc-tool.co.jp/,abc-tool.co.jp,,https://www.abc-tool.co.jp/contactus.html,form,B,omotenashi,,,
株式会社Savon de Siesta,https://at-siesta.com/?srsltid=AfmBOoo5LrfMdYKc5tPc32pUKINSTb7rgfclDXzwwHyN-5FmIXVYKVLZ,at-siesta.com,office@at-siesta.com,https://dp00001596.shop-pro.jp/customer/signup/new,both,A,omotenashi,,,
株式会社サカエ工業,https://www.sakae-k.co.jp/,sakae-k.co.jp,,https://www.sakae-k.co.jp/contact.html,form,B,omotenashi,,,
山忠食品工業株式会社,https://www.mozuku.co.jp/,mozuku.co.jp,,https://www.mozuku.co.jp/contact,form,B,omotenashi,,,
ゑびす醤油株式会社,https://yebisu-tei.shop/,yebisu-tei.shop,shop@yebisu-tei.shop,http://yebisu-tei.shop/contact,both,A,omotenashi,,,
株式会社Sirusi,https://www.sirusi.jp/,sirusi.jp,info@sirusi.jp,https://www.sirusi.jp/contact/,both,A,omotenashi,,,
有限会社児玉工業所,https://ko-k.video-c.jp/,ko-k.video-c.jp,,https://ko-k.video-c.jp/#contact,form,B,omotenashi,,,
株式会社カネ吉ヤマモトフーズ,https://www.oumigyuu.jp/,oumigyuu.jp,,,none,none,omotenashi,,,
まるきんまる 有限会社友栄水産,https://marukinmaru.com/,marukinmaru.com,marukinmaru.fisher@gmail.com,https://marukinmaru.com/,both,A,omotenashi,,1,
EGRET（ビジネスハーモニー株式会社）,https://www.egret-jp.com/,egret-jp.com,info@biz-harmony.com,https://www.egret-jp.com/pages/support,both,A,omotenashi,,,1
株式会社亀田屋酒造店,https://www.kametaya.com/?srsltid=AfmBOorGT0eUgHXXLhDpHUoVrTBws2LY_ePA5OhQsawy6q4JVtnG0FDc,kametaya.com,,https://www.kametaya.com/hpgen/HPB/shop/policy.html,form,B,omotenashi,,,
株式会社エイチケイ商会,https://hk-shokai.bsj.jp/,hk-shokai.bsj.jp,,,none,none,omotenashi,,,
株式会社ママムーン,https://www.mamamoon.jp/,mamamoon.jp,mamamoon.hm@gmail.com,https://www.mamamoon.jp/,both,A,omotenashi,,1,
明宝特産物加工株式会社,https://www.meihoham.co.jp/,meihoham.co.jp,webinfo@meihoham.co.jp,https://www.meihoham.co.jp/contact/,both,A,omotenashi,,,
株式会社ウェルカムジョン万カンパニー,https://mungero.com/,mungero.com,kagekage@gmail.com,https://mungero.com/inquiry/,both,A,omotenashi,,1,
みやかみ（株式会社K’s Factory）,https://www.k-sfactory.com/company-profile/,k-sfactory.com,,https://www.k-sfactory.com/contact/,form,B,omotenashi,,,
株式会社アトリウム,http://atrium246.com/,atrium246.com,info@atrium246.com,http://atrium246.com/contact/,both,A,omotenashi,,,
ライト・イア合同会社,https://right-ear.jp/,right-ear.jp,,,none,none,omotenashi,,,
株式会社丸惣,https://ka-te.jp/,ka-te.jp,info@ka-te.jp,https://ka-te.jp/,both,A,omotenashi,,,
福井物産株式会社,https://fukui-bussan.co.jp/,fukui-bussan.co.jp,,https://fukui-bussan.co.jp/contact/,form,B,omotenashi,,,
クリーニングリブレ,https://livrer.co.jp/?srsltid=AfmBOorywBV7kqriciD_IMo9eqLJn6UO3eoiBV1a05Q4b0B4tHzt7ARi,livrer.co.jp,livrer-inquiry@barrel-japan.com,https://livrer.co.jp/pages/contact,both,A,omotenashi,,,1
株式会社うつぼ屋,https://utuboya.co.jp/,utuboya.co.jp,info@utuboya.co.jp,,email,A,omotenashi,,,
akibito株式会社,https://www.akibito.co.jp/,akibito.co.jp,k.honma@akibito.net,https://www.akibito.co.jp/,both,A,omotenashi,,,1
富士ゴム産業株式会社,https://www.fujigomu.co.jp/,fujigomu.co.jp,info@fujigomu.co.jp,https://www.fujigomu.co.jp/,both,A,omotenashi,,,
なまえ香,https://www.namaekou.jp/index.html,namaekou.jp,,https://www.namaekou.jp/contact/index.html,form,B,omotenashi,,,
寿司大学 ロール巻子,https://rollmakiko.com/,rollmakiko.com,rollmakiko@gmail.com,https://rollmakiko.com/,both,A,omotenashi,,1,
一般社団法人Compath,https://compath-fukui.jp/,compath-fukui.jp,,https://compath-fukui.jp/#contact,form,B,omotenashi,,,
株式会社京屋染物店,https://kyo-ya.net/,kyo-ya.net,info@kyo-ya.net,https://kyo-ya.net/,both,A,omotenashi,,,
株式会社デジタルアックス,https://digital-axe.co.jp/,digital-axe.co.jp,,https://digital-axe.co.jp/contact/,form,B,omotenashi,,,
有限会社松本商店,https://matsumotosyouten.com/,matsumotosyouten.com,,https://matsumotosyouten.com/contact/,form,B,omotenashi,,,
嘉祥株式会社,https://www.sushi-kichijo.com/company/,sushi-kichijo.com,sushikichijyo@gmail.com,,email,A,omotenashi,,1,
wawawa 和輪笑,https://rhkwawawa.dreamlog.jp/,rhkwawawa.dreamlog.jp,,https://rhkwawawa.dreamlog.jp/,form,B,omotenashi,,,
株式会社ZOLA,http://zola-home.com/,zola-home.com,,,none,none,omotenashi,,,
バッケンモーツアルト,https://www.b-mozart.co.jp/,b-mozart.co.jp,,https://b-mozart.shop-pro.jp/customer/signup/new,form,B,omotenashi,,,
コンペイトウ王国（大阪糖菓株式会社）,https://www.osaka-toka.co.jp/,osaka-toka.co.jp,info@konpeitou.jp,https://www.osaka-toka.co.jp/index.php?%E3%81%8A%E5%95%8F%E3%81%84%E5%90%88%E3%82%8F%E3%81%9B,both,A,omotenashi,,,1
三重県,https://www.pref.mie.lg.jp/,pref.mie.lg.jp,koho@pref.mie.lg.jp,https://www.pref.mie.lg.jp/,both,A,omotenashi,,,
有限会社SOKEN飾屋,https://bio-cleaning.co.jp/,bio-cleaning.co.jp,soken-kazariya@bio-cleaning.co.jp,https://bio-cleaning.co.jp/contact/index.html,both,A,omotenashi,,,
ラソックスジャパン株式会社,https://rasoxjapan.co.jp/,rasoxjapan.co.jp,,,none,none,omotenashi,,,
株式会社岩手牛乳,https://www.iwategyunyu.com/,iwategyunyu.com,iwate-milk@odense.jp,https://www.iwategyunyu.com/%E5%B2%A9%E6%89%8B%E7%89%9B%E4%B9%B3%E3%81%8A%E5%95%8F%E3%81%84%E5%90%88%E3%82%8F%E3%81%9B,both,A,omotenashi,,,1
ベイシスラボ株式会社,https://www.basis-lab.co.jp/,basis-lab.co.jp,,https://www.basis-lab.co.jp/contact,form,B,omotenashi,,,
株式会社リーディングラボ,https://www.leading-labo.com/,leading-labo.com,soumu.la@leading-labo.jp,https://www.leading-labo.com/,both,A,omotenashi,,,1
うどん本陣 山田家（株式会社山田家物流）,https://yamada-ya.com/,yamada-ya.com,reserve@yamada-ya.com,,email,A,omotenashi,,,
有限会社 祇園ない藤,http://gion-naitou.com/,gion-naitou.com,form_mailer@gion-naitou.com,http://gion-naitou.com/,both,A,omotenashi,,,
アサヒグループ食品株式会社,https://www.asahi-gf.co.jp/,asahi-gf.co.jp,,https://www.asahi-gf.co.jp/customer/,form,B,omotenashi,,,
オケクラフト,https://okecraft.or.jp/,okecraft.or.jp,,https://okecraft.or.jp/about-okecraft/,form,B,omotenashi,,,
株式会社 シャルロット,https://maison-charlotte.net/,maison-charlotte.net,,,none,none,omotenashi,,,
株式会社グリーンハート,https://www.green-heart.co.jp/,green-heart.co.jp,,https://www.green-heart.co.jp/contact,form,B,omotenashi,,,
株式会社ノベルズ食品,https://nobels.co.jp/nobelsfood/,nobels.co.jp,,https://nobels.co.jp/nobelsfood/about/,form,B,omotenashi,,,
株式会社弥栄,http://yaei-corporation.co.jp/,yaei-corporation.co.jp,,http://yaei-corporation.co.jp/fmail/contact.html,form,B,omotenashi,,,
Le Verger Yamayo ヤマヨ果樹園,https://www.niigata-yamayo.net/,niigata-yamayo.net,,https://www.niigata-yamayo.net/contact-yamayo/307,form,B,omotenashi,,,
有限会社但馬フーズラボ,https://tajimafoodslabo.jp/,tajimafoodslabo.jp,,https://tajimafoodslabo.jp/,form,B,omotenashi,,,
株式会社タマテックス,https://tamatex.jp/,tamatex.jp,info816@tamatex.jp,https://tamatex.jp/contact/,both,A,omotenashi,,,
チエモク株式会社,https://chiemoku.co.jp/,chiemoku.co.jp,,https://chiemoku.co.jp/,form,B,omotenashi,,,
Mille Heureux（ミルフル合同会社）,https://mille-heureux.com/,mille-heureux.com,yorozuya-as-no.1@extra.ocn.ne.jp,https://mille-heureux.com/contact/?BASERCMS=140edf583d540d65415f193daa37e040,both,A,omotenashi,,,1
Add和！TOKYO株式会社,https://www.addwa-tokyo.jp/,addwa-tokyo.jp,info@addwa-tokyo.jp,https://www.addwa-tokyo.jp/login/inquiryedit,both,A,omotenashi,,,
山県古民家ちごのもり,https://chigonomori.com/,chigonomori.com,,https://chigonomori.com/contact/,form,B,omotenashi,,,
有限会社ミヤモトデザイン,http://www.miyamotodesign.com/,miyamotodesign.com,m-design@p1.coralnet.or.jp,https://miyamotodesign.ssl-link.jp/contact/,both,A,omotenashi,,,1
株式会社MIKAN,https://mikan.link/,mikan.link,,,none,none,omotenashi,,,
新星金属製作所,https://shinsei-kinzoku.com/,shinsei-kinzoku.com,,https://shinsei-kinzoku.com/#contact,form,B,omotenashi,,,
株式会社サポート しまなみお菓子工房,https://www.petitfour.jp/,petitfour.jp,,https://www.petitfour.jp/about,form,B,omotenashi,,,
株式会社鶴屋長生,https://kyofuzei.jp/,kyofuzei.jp,,https://kyofuzei.jp/contact,form,B,omotenashi,,,
株式会社PENIVIA,https://www.penivia.com/,penivia.com,,https://www.penivia.com/information,form,B,omotenashi,,,
株式会社篠原化学,https://shinoharakagaku.com/,shinoharakagaku.com,toiawase@piloxs.co.jp,https://shinoharakagaku.com/,both,A,omotenashi,,,1
株式会社SKK,https://www.skk-crane.co.jp/ja/,skk-crane.co.jp,,https://www.skk-crane.co.jp/ja/contact/,form,B,omotenashi,,,
人、自然にやさしいお店 moko,https://www.moko-sekken.com/,moko-sekken.com,info@moko-sekken.com,https://www.moko-sekken.com/,both,A,omotenashi,,,
合資会社光武酒造場,https://www.kinpa.jp/sp/,kinpa.jp,info@kinpa.jp,https://www.kinpa.jp/,both,A,omotenashi,,,
秩父リゾート（有限会社柴企画）,https://chichibu-resort.com/,chichibu-resort.com,,https://chichibu-resort.com/contact/,form,B,omotenashi,,,
ビジュピコ（株式会社G・T・B・T）,http://bijoupiko.co.jp/,bijoupiko.co.jp,info@bijoupiko.co.jp,https://bijoupiko.co.jp/contact/,both,A,omotenashi,,,
丹羽幸株式会社,https://www.niwako.jp/,niwako.jp,nwk-hinkan001@niwako.co.jp,https://www.niwako.jp/contact/,both,A,omotenashi,,,1
株式会社塩,https://sio-miu.co.jp/,sio-miu.co.jp,info@sio-miu.co.jp,https://sio-miu.co.jp/contact/,both,A,omotenashi,,,
ヨネマル商事株式会社,https://www.hana-zori.com/,hana-zori.com,sungrove@sungrove.co.jp,https://www.hana-zori.com/contact/,both,A,omotenashi,,,1
株式会社KURUMU,https://montmorillonite.jp/,montmorillonite.jp,info@montmorillonite.jp,https://montmorillonite.jp/aboutmont,both,A,omotenashi,,,
仙次郎はさがけ米,https://www.senjiro.com/,senjiro.com,,,none,none,omotenashi,,,
株式会社A-Stage,https://a-stage-inc.jp/,a-stage-inc.jp,privacy@a-stage-inc.jp,https://a-stage-inc.jp/contact/,both,A,omotenashi,,,
有限会社塩澤製作所,http://www.shiozawa-ss.jp/,shiozawa-ss.jp,,http://www.shiozawa-ss.jp/pc/otoiawase.html,form,B,omotenashi,,,
株式会社道楽,https://douraku-inc.co.jp/,douraku-inc.co.jp,,,none,none,omotenashi,,,
株式会社渡会電気土木,https://www.watarai-ec.co.jp/,watarai-ec.co.jp,,https://www.watarai-ec.co.jp/watarai-contact/,form,B,omotenashi,,,
株式会社エコノレッグ,https://www.econoleg.com/,econoleg.com,econoleg@nishikutu.co.jp,https://www.econoleg.com/,both,A,omotenashi,,,1
株式会社森國酒造,https://www.morikuni.jp/,morikuni.jp,,https://www.morikuni.jp/?mode=cate&cbid=1776370&csid=0,form,B,omotenashi,,,
株式会社ラキスプリード,https://luckyspread.work/,luckyspread.work,info@luckyspread.work,https://luckyspread.work/contact/,both,A,omotenashi,,,
有限会社シンセイフーズ,http://sinseifoods.com/index.html,sinseifoods.com,,,none,none,omotenashi,,,
株式会社ウイッシュボン,https://wishbon.co.jp/,wishbon.co.jp,,https://wishbon.co.jp/contact/,form,B,omotenashi,,,
イッチク・カルチュアバリュー株式会社,https://icciku.com/,icciku.com,,https://icciku.com/contactus/,form,B,omotenashi,,,
株式会社クジラテラス,https://kuji-ra.com/,kuji-ra.com,,https://kuji-ra.com/#contact,form,B,omotenashi,,,
株式会社豆腐の盛田屋,https://www.tofu-moritaya.com/?srsltid=AfmBOoo6gp-wgT8180X2a1kXJU0jrXGfEM1Yl8fQlWEhovc2L8aAxJ-E,tofu-moritaya.com,,https://www.tofu-moritaya.com/Form/Login.aspx,form,B,omotenashi,,,
カカオブローマ（ロッツ株式会社）,https://cacaobroma.shop/?srsltid=AfmBOopnnoO2F8S2LY9ZZ7zOAOR-y3GjUW4fhPMuq_FVfUmfhpgCNDda,cacaobroma.shop,,,none,none,omotenashi,,,
株式会社アクアビジョン,http://m3djapan.com/,m3djapan.com,,,none,none,omotenashi,,,
INAVANCE（株式会社イナバエンジニア）,https://www.inavance.jp/,inavance.jp,,https://www.inavance.jp/hpgen/HPB/shop/policy.html,form,B,omotenashi,,,
株式会社D.K International,https://mira-dashi.com/case/dkinternational/,mira-dashi.com,,https://mira-dashi.com/contact/,form,B,omotenashi,,,
株式会社トライアード,https://triad.company/,triad.company,,,none,none,omotenashi,,,
株式会社鶴林精舎,https://kakurinbo.jp/,kakurinbo.jp,,https://kakurinbo.jp/contact,form,B,omotenashi,,,
株式会社ソトー,https://sotoh.co.jp/,sotoh.co.jp,,https://sotoh.co.jp/contact/index.html,form,B,omotenashi,,,
MUSASHI JAPAN（TAIMATSU株式会社）,https://www.tai-matsu.jp/,tai-matsu.jp,help@tai-matsu.jp,https://www.tai-matsu.jp/,both,A,omotenashi;ambiente_direct,,,
サントリー株式会社,https://www.suntory.co.jp/,suntory.co.jp,,,none,none,omotenashi,,,
株式会社大河内家具工房,https://ohkochikagu.com/,ohkochikagu.com,,https://ohkochikagu.com/,form,B,omotenashi,,,
人気酒造株式会社,https://ninki.co.jp/,ninki.co.jp,info@ninki.co.jp,https://ninki.co.jp/,both,A,omotenashi,,,
株式会社フォレストフィーリング,https://kizara.jp/products/%E4%BC%9A%E7%A4%BE%E6%A6%82%E8%A6%81/,kizara.jp,info@kizara.jp,https://kizara.jp/products/%E4%BC%9A%E7%A4%BE%E6%A6%82%E8%A6%81/,both,A,omotenashi,,,
株式会社万城食品,https://www.banjo.co.jp/,banjo.co.jp,,https://www.banjo.co.jp/information,form,B,omotenashi,,,
菓処 芋いつも,https://imo-itsumo.com/,imo-itsumo.com,,https://imo-itsumo.com/contact,form,B,omotenashi,,,
CHROMES株式会社,http://chromes-2016.com/,chromes-2016.com,nagasawa.s.k@outlook.jp,http://chromes-2016.com/contact,both,A,omotenashi,,1,
株式会社パティシエ エス コヤマ,https://www.es-koyama.com/,es-koyama.com,,https://www.es-koyama.com/form/offer/,form,B,omotenashi,,,
tree coat,https://treecoat.theshop.jp/,treecoat.theshop.jp,,https://treecoat.theshop.jp/law,form,B,omotenashi,,,
尾形米穀合同会社,https://www.ogatabeikoku.com/,ogatabeikoku.com,,,none,none,omotenashi,,,
新田ゼラチンダイレクト（新田ゼラチン株式会社）,http://www.nitta-gelatin.jp/?srsltid=AfmBOoooiHzuYgex04vdNSyvaky677IAal4BUmOk4sSZT9KGvFxpBW9O,nitta-gelatin.jp,nitta@gelatin.com,https://www.nitta-gelatin.jp/Form/Inquiry/InquiryInput.aspx,both,A,omotenashi,,,1
株式会社ロワジール・ホテルズ沖縄,https://www.loisir-naha.com/,loisir-naha.com,,https://www.loisir-naha.com/contact/,form,B,omotenashi,,,
株式会社マイクリエイト,http://www.my-cre8.com/,my-cre8.com,info@my-cre8.com,,email,A,omotenashi,,,
株式会社鳴門千鳥本舗,https://narutochidori.co.jp/,narutochidori.co.jp,,https://narutochidori.co.jp/,form,B,omotenashi,,,
株式会社ラック,https://www.lac.co.jp/,lac.co.jp,,https://www.lac.co.jp/contact.html,form,B,omotenashi,,,
株式会社ハナサンナチュレ,https://suimin.shop/?srsltid=AfmBOoqZQnM8FV6GlrfmsyGFCzYY7uJluBD93trqxRj-FA5apVPpQVpb,suimin.shop,suimin@suimin.shop,https://suimin.shop/pages/contact,both,A,omotenashi,,,
株式会社森内穀粉,http://moriuchi-kokufun.co.jp/,moriuchi-kokufun.co.jp,,http://moriuchi-kokufun.co.jp/contact/,form,B,omotenashi,,,
みるふちゃん工房,https://mirufuchan.com/,mirufuchan.com,mirufuchan@gmail.com,https://mirufuchan.com/,both,A,omotenashi,,1,
丸英製菓株式会社,https://www.marueiseika.co.jp/,marueiseika.co.jp,,https://marueiseika.co.jp/contact.html,form,B,omotenashi,,,
硝子工房NAKAMORI,https://nakamoriglass.mystrikingly.com/,nakamoriglass.mystrikingly.com,,https://nakamoriglass.mystrikingly.com/,form,B,omotenashi,,,
イヴレス株式会社,https://ivresse.jp/,ivresse.jp,info@ivresse.jp,https://ivresse.jp/contact/,both,A,omotenashi,,,
株式会社ホクビ,https://hokubi.com/,hokubi.com,,https://hokubi.com/contact/,form,B,omotenashi,,,
昇珠園,https://www.umehana.com/,umehana.com,,https://www.umehana.com/#top-contact,form,B,omotenashi,,,
EDUL Design株式会社,https://www.edul-design.com/,edul-design.com,,,none,none,omotenashi,,,
ケイ・エス・ティ・ワールド株式会社,https://www.sam.seiren.com/outline/,sam.seiren.com,office-kst@sam.seiren.com,https://www.sam.seiren.com/inquiry/,both,A,omotenashi,,,
ロイヤルブルーティージャパン株式会社,https://www.royalbluetea.com/,royalbluetea.com,,,none,none,omotenashi,,,
株式会社スタビライザー,https://www.stabilizer.co.jp/,stabilizer.co.jp,,https://www.stabilizer.co.jp/contact/,form,B,omotenashi,,,
株式会社サムシング・グレート,https://shingari.asia/,shingari.asia,,https://shingari.asia/contact/,form,B,omotenashi,,,
株式会社アベ鳥取堂,https://www.abetori.co.jp/,abetori.co.jp,,https://www.abetori.co.jp/contact/,form,B,omotenashi,,,
株式会社HUIS,https://1-huis.com/,1-huis.com,info@1-huis.com,https://1-huis.com/contact/,both,A,omotenashi;dainipponichi,,,
株式会社たにぐち,https://www.taniguchi-net.com/,taniguchi-net.com,,https://www.taniguchi-net.com/contact,form,B,omotenashi,,,
有限会社石田魚店,https://www.yakisaba-ishida.com/,yakisaba-ishida.com,,https://www.yakisaba-ishida.com/login/inquiryedit,form,B,omotenashi,,,
ジェネリック化粧品株式会社,https://generic-cosmetics.co.jp/?srsltid=AfmBOoreymkGI_GW-kTSOBFDCbkYwf2l3v4judbCRUZh_tjEgyL2qWOT,generic-cosmetics.co.jp,,https://generic-cosmetics.co.jp/shop/contact/draft,form,B,omotenashi,,,
合同会社身体研究所,https://bodyresearch.jp/,bodyresearch.jp,info@bodyresearch.jp,https://bodyresearch.jp/contact/,both,A,omotenashi,,,
四国阿波はすや,https://www.has710.com/,has710.com,,https://www.has710.com/,form,B,omotenashi,,,
株式会社豊島屋本店,https://www.hato.co.jp/,hato.co.jp,support@hato.co.jp,,email,A,omotenashi,,,
株式会社本巣ヱ,https://motosue.co.jp/,motosue.co.jp,info@motosue.co.jp,https://motosue.co.jp/,both,A,omotenashi,,,
株式会社NIL,https://nil-co.jp/,nil-co.jp,info@nil-co.jp,,email,A,omotenashi,,,
株式会社北坂たまご,https://kitasaka.net/,kitasaka.net,,https://kitasaka.net/#contact,form,B,omotenashi,,,
株式会社AStart,https://www.astart.co.jp/,astart.co.jp,a-contact@a-astart.jp,https://www.astart.co.jp/,both,A,omotenashi,,,1
株式会社エムツーデザイン,https://m2design.jp/,m2design.jp,,,none,none,omotenashi,,,
PARFUM SYMPHONIE,https://symphonie.official.ec/,symphonie.official.ec,,https://symphonie.official.ec/about,form,B,omotenashi,,,
株式会社TSUKUMO,https://shop.tsukumo.co.jp/,shop.tsukumo.co.jp,,https://shop.tsukumo.co.jp/,form,B,omotenashi,,,
KAMAKURA HANDS CRAFT,https://ichiren-port.com/,ichiren-port.com,,,none,none,omotenashi,,,
農業生産法人株式会社金井農園,https://www.kanainouen.jp/,kanainouen.jp,info@kanainouen.jp,https://www.kanainouen.jp/form.html,both,A,omotenashi,,,
ノットスタンダード株式会社,https://www.knotstandard.com/,knotstandard.com,info@knotstandard.com,https://www.knotstandard.com/,both,A,omotenashi,,,
福岡正信自然農園（株式会社日本総合園芸）,https://f-masanobu.jp/?srsltid=AfmBOoq2CLDyPcG9CcCNLupfJLbrzCX7ybKqBHCqi-XmvJ8msnBwSYv_,f-masanobu.jp,,https://f-masanobu.jp/contact/,form,B,omotenashi,,,
吉市醤油店／吉市発酵食品,https://www.4c1.jp/,4c1.jp,ma34@4c1.jp,https://www.4c1.jp/contact/,both,A,omotenashi,,,
株式会社ケイジェイシー,https://allkjc.com/,allkjc.com,,https://allkjc.com/contact,form,B,omotenashi,,,
株式会社京玄庵（水円）,https://www.kitchoan.co.jp/,kitchoan.co.jp,,,none,none,omotenashi,,,
株式会社一休庵,https://www.19an.com/,19an.com,,https://www.19an.com/,form,B,omotenashi,,,
株式会社リピカ,https://www.ripica.com/,ripica.com,info@ripica.com,https://www.ripica.com/contact/,both,A,omotenashi,,,
株式会社タイタン・アート,https://titan-art.com/,titan-art.com,,https://titan-art.com/contact,form,B,omotenashi,,,
株式会社プライベートラボ,https://privatelab.jp/,privatelab.jp,customer@privatelab.jp,https://privatelab.jp/,both,A,omotenashi,,,
有限会社ダヴィンチクリエイト,https://davinci-presents.com/,davinci-presents.com,,https://davinci-presents.com/contact,form,B,omotenashi,,,
株式会社そらゆい,https://cotovia.co.jp/projects/sorayui,cotovia.co.jp,,,none,none,omotenashi,,,
アールウェディング株式会社,https://www.rweddings.jp/,rweddings.jp,,https://www.rweddings.jp/information/,form,B,omotenashi,,,
株式会社サンシャインジュース,https://sunshinejuice.jp/?srsltid=AfmBOoqYPhFIYgPY4hB18jAZPTd7soUqYoiWIBjPtbyWiEfW11TN_cjG,sunshinejuice.jp,onlineshop@sunshinejuice.jp,https://sunshinejuice.jp/collections/performance-up,both,A,omotenashi,,,
有限会社カフェー工房松山,https://botchancoffee.jp/,botchancoffee.jp,,https://botchancoffee.jp/contact/,form,B,omotenashi,,,
マクロビオティック酵素株式会社,https://macrobiotic-koso.com/,macrobiotic-koso.com,,https://macrobiotic-koso.com/contact/,form,B,omotenashi,,,
株式会社早和果樹園,https://sowakajuen.com/,sowakajuen.com,mikan@sowakajuen.com,https://sowakajuen.com/,both,A,omotenashi,,,
株式会社オーギュストケクレ,https://surena.august-kekule.com/,surena.august-kekule.com,,https://surena.august-kekule.com/about,form,B,omotenashi,,,
有限会社坪川製箱所,https://www.tsubokawa-box.co.jp/,tsubokawa-box.co.jp,,https://www.tsubokawa-box.co.jp/contact/,form,B,omotenashi,,,
hidamari tea TOKYO (合同会社 hidamari tea TOKYO),https://shop.hidamaritea.tokyo/,shop.hidamaritea.tokyo,,https://shop.hidamaritea.tokyo/about,form,B,omotenashi,,,
やまげん株式会社（なでしこ農園）,https://nadesiko-nouen.com/,nadesiko-nouen.com,info@nadesiko-nouen.com,https://nadesiko-nouen.com/contact/index.html,both,A,omotenashi,,,
株式会社A. GLOBAL,https://a-global.com/,a-global.com,,https://a-global.com/contact/,form,B,omotenashi,,,
株式会社ニッチ,http://www.nich.jp/,nich.jp,,http://www.nich.jp/contact/,form,B,omotenashi,,,
株式会社hybrid,https://hybrid05.net/,hybrid05.net,kanri@hybrid05.jp,https://hybrid05.net/forms.html,both,A,omotenashi,,,1
株式会社ネイチャーズウェイ,https://www.naturesway.jp/,naturesway.jp,,https://www.naturesway.jp/shop/customer/menu.aspx,form,B,omotenashi,,,
株式会社RED,https://red-inc.jp/,red-inc.jp,,https://red-inc.jp/contact/,form,B,omotenashi,,,
有限会社やまい伊藤製陶所,https://yamaipottery.com/?srsltid=AfmBOoos0TaJWHRIazY1wOnjpI1JD_cNjmc_6I5y_POBCzwfRpKQ8n4Y,yamaipottery.com,info@yamaipottery.com,https://yamaipottery.com/pages/contact,both,A,omotenashi,,,
株式会社トネ製作所,https://tone-ss.co.jp/,tone-ss.co.jp,info@tone-ss.co.jp,https://tone-ss.co.jp/,both,A,omotenashi,,,
株式会社やぶうち商会,https://yabuuchi.net/,yabuuchi.net,,https://yabuuchi.net/contact.php,form,B,omotenashi,,,
株式会社本気モード,https://www.honki-mode.co.jp/,honki-mode.co.jp,,https://www.honki-mode.co.jp/contact/,form,B,omotenashi,,,
旅館 比与志,https://hiyoshi-ryokan.com/,hiyoshi-ryokan.com,,https://hiyoshi-ryokan.com/,form,B,omotenashi,,,
うちの茶舗（有限会社内野）,https://uchino-chaho.com/,uchino-chaho.com,,,none,none,omotenashi,,,
株式会社Plugnauts,https://www.plugnauts.com/,plugnauts.com,info@plugnauts.com,https://www.plugnauts.com/,both,A,omotenashi,,,
MUSUBIプロモーション合同会社,https://www.musubi77.com/,musubi77.com,support@musubi77.com,https://www.musubi77.com/event,both,A,omotenashi,,,
株式会社ミツボシコーポレーション,https://www.mitsuboshi-co.co.jp/,mitsuboshi-co.co.jp,,https://www.mitsuboshi-co.co.jp/contact.html,form,B,omotenashi,,,
株式会社宮本商行,https://www.miyamoto-shoko.com/,miyamoto-shoko.com,,https://www.miyamoto-shoko.com/about/,form,B,omotenashi,,,
鮪のわらやき屋,https://magurowarayaki.com/?srsltid=AfmBOophHIW6kOC42WnBxfYFYlqhBDS3h2jasJNkw3_akkwptGXW4eUD,magurowarayaki.com,maguronowarayakiya@gmail.com,https://magurowarayaki.com/pages/contact,both,A,omotenashi,,1,
玄海漬株式会社,https://genkaizuke.co.jp/,genkaizuke.co.jp,shopmaster@genkaizuke.uq.shopserve.jp,https://genkaizuke.co.jp/,both,A,omotenashi,,,1
GRANESS（グラネス株式会社）,https://graness.co.jp/,graness.co.jp,hanako@graness.cco.jp,https://graness.co.jp/contact/,both,A,omotenashi,,,1
株式会社YARN HOUSE,https://yarnhouse.jp/,yarnhouse.jp,,https://yarnhouse.jp/contact-yarn/,form,B,omotenashi,,,
とんでん株式会社,https://www.tonden.co.jp/,tonden.co.jp,,,none,none,omotenashi,,,
株式会社山忠,https://www.yamachu.net/,yamachu.net,info@yamachu.net,https://www.yamachu.net/inquiry/,both,A,omotenashi,,,
ブルーベリーファクトリー岐阜,https://www.blueberry-factory.com/,blueberry-factory.com,,https://www.blueberry-factory.com/about/,form,B,omotenashi,,,
株式会社カドナガセレクト（株式会社門永水産）,http://www.kadonaga.com/,kadonaga.com,,http://www.kadonaga.com/privacy/,form,B,omotenashi,,,
GRIND ARCHITECTS TAKADA+MAEDA,https://grind-architects.com/,grind-architects.com,,,none,none,omotenashi,,,
株式会社橋本幸作漆器店,https://urushi18zen.com/,urushi18zen.com,,https://urushi18zen.com/contact/,form,B,omotenashi,,,
Shisyuoshibori.com株式会社,https://shisyuoshibori.com/,shisyuoshibori.com,sushidokoro.toshi@yahoo.ne.jp,https://shisyuoshibori.com/,both,A,omotenashi,,,1
株式会社SRG,http://srg-jp.com/,srg-jp.com,,,none,none,omotenashi,,,
ヴェルサイユファーム株式会社,https://www.versailles-farm.com/,versailles-farm.com,,,none,none,omotenashi,,,
株式会社三条特殊鋳工所,https://www.e-santoku.co.jp/,e-santoku.co.jp,stk21@e-santoku.co.jp,https://www.e-santoku.co.jp/contact/,both,A,omotenashi,,,
hap株式会社,https://hap-h.jp/,hap-h.jp,,https://hap-h.jp/contact/,form,B,omotenashi,,,
WATARUブリッジ,https://kodawataru.com/?srsltid=AfmBOoqpV6xjV-nyJ8tFD5tUGoyl9y_XuHjQ3L7SF2mJXoIGzRx0bjTA,kodawataru.com,,https://kodawataru.com/?mode=privacy,form,B,omotenashi,,,
京都瑞鳳堂,https://zuihodo-kyoto.com/ja/,zuihodo-kyoto.com,,,none,none,omotenashi,,,
俺の株式会社,https://www.oreno.co.jp/,oreno.co.jp,,https://www.oreno.co.jp/contact,form,B,omotenashi,,,
株式会社トライピークス,https://tripeaks.co.jp/,tripeaks.co.jp,,https://tripeaks.co.jp/contact/,form,B,omotenashi,,,
株式会社H2R Japan,https://www.lebonheur-jpn.com/,lebonheur-jpn.com,,https://www.lebonheur-jpn.com/btob/,form,B,omotenashi,,,
株式会社GEウェルネス,https://ge-hd.co.jp/business/wellness/,ge-hd.co.jp,info_ec_all@ge-online.jp,https://ge-hd.co.jp/contact/,both,A,omotenashi,,,1
三井不動産株式会社／株式会社新日屋,https://www.shinnichiya.com/,shinnichiya.com,reservation@shinnichiya.com,https://www.shinnichiya.com/contact,both,A,omotenashi,,,
椿のおもてなし,https://www.tsubakinoomotenashi.com/,tsubakinoomotenashi.com,,,none,none,omotenashi,,,
猩々農園株式会社,https://shojo-farm.com/,shojo-farm.com,,https://shojo-farm.com/contact/,form,B,omotenashi,,,
くろーばー結び（株式会社クローバー365）,https://clover-musubi.jp/,clover-musubi.jp,,https://clover-musubi.jp/contact,form,B,omotenashi,,,
極光電気株式会社,https://kyokko-denki.co.jp/,kyokko-denki.co.jp,entry@kyokko-denki.co.jp,https://kyokko-denki.co.jp/contact/,both,A,omotenashi,,,
株式会社匠創生,https://oldvintage.jp/?srsltid=AfmBOooMeBMRdrBom7Gr05imIFNcafh5lj9VVp48Uaue7vgaNrYCkMMU,oldvintage.jp,info@takumisousei.jp,https://oldvintage.jp/pages/contact,both,A,omotenashi,,,1
株式会社タケマン,https://www.takeman.jp/,takeman.jp,,https://www.takeman.jp/login/Customertemporarilyedit,form,B,omotenashi,,,
株式会社ふるさと物語,https://yukigunistory.com/,yukigunistory.com,info@yukigunistory.com,https://yukigunistory.com/contact,both,A,omotenashi,,,
株式会社ビーアンドオー研究所,https://www.b-and-o.co.jp/,b-and-o.co.jp,info@b-and-o.co.jp,https://www.b-and-o.co.jp/contact/,both,A,omotenashi,,,
株式会社大洋商会,https://www.9191.co.jp/,9191.co.jp,,https://www.9191.co.jp/contact/,form,B,omotenashi,,,
折形礼法、水引カルチャー倶楽部,https://www.origata-mizuhiki.jp/,origata-mizuhiki.jp,,https://www.origata-mizuhiki.jp/contact,form,B,omotenashi,,,
株式会社ミシュワン,https://mishone.co.jp/,mishone.co.jp,,https://mishone.co.jp/contact/,form,B,omotenashi,,,
株式会社五郎丸屋,https://goromaruya.com/,goromaruya.com,info@goromaruya.com,,email,A,omotenashi,,,
Ring-a-Bell,https://ring-a-bell.jp/,ring-a-bell.jp,bell@ring-a-bell-.jp,https://ring-a-bell.jp/#makeshop-common-contact-url,both,A,omotenashi,,,1
新興タオル株式会社,https://shinko-towel.co.jp/,shinko-towel.co.jp,info@shinko-towel.co.jp,https://shinko-towel.co.jp/contact/,both,A,omotenashi,,,
プロモツール株式会社,https://www.promotool.jp/,promotool.jp,toshihiro_yanagiya@writeup.co.jp,https://www.promotool.jp/contact/,both,A,omotenashi,,,1
NEGRONI ネグローニ,https://www.negronistore.com/?srsltid=AfmBOopx6Q-iBKHOJXdU7Clf9vqAwe4my6VcMN3govbyCoG7qeiDcEwS,negronistore.com,info@negroni.jp,https://www.negronistore.com/?srsltid=AfmBOopx6Q-iBKHOJXdU7Clf9vqAwe4my6VcMN3govbyCoG7qeiDcEwS,both,A,omotenashi,,,1
株式会社GMAKe,https://g-make.jp/,g-make.jp,,https://g-make.jp/contact,form,B,omotenashi,,,
株式会社ピーハピィ,https://ibaraki.wedding/,ibaraki.wedding,info@eclat-w.jp,,email,A,omotenashi,,,1
株式会社マウンテンクラフト社,https://mountaincraft.shop-pro.jp/,mountaincraft.shop-pro.jp,,https://mountaincraft.shop-pro.jp/customer/inquiries/new,form,B,omotenashi,,,
株式会社ケー・アイ・エス,http://www.kis-solar.co.jp/,kis-solar.co.jp,info@kis-solar.co.jp,http://www.kis-solar.co.jp/cgi/mailform.cgi?id=1,both,A,omotenashi,,,
天道虫吉祥図案店,https://ladybug.stores.jp/,ladybug.stores.jp,,,none,none,omotenashi,,,
株式会社サジェスコム,https://www.suggescom.co.jp/,suggescom.co.jp,,https://www.suggescom.co.jp/contact/,form,B,omotenashi,,,
株式会社飯盛グリーン開発,https://i-green-d.co.jp/,i-green-d.co.jp,,https://i-green-d.co.jp/contact/,form,B,omotenashi,,,
株式会社ディアス,http://www.dias-respa.com/,dias-respa.com,,http://www.dias-respa.com/inquiry.html,form,B,omotenashi,,,
三共食品株式会社 FOODBASE,https://sankyofoods.co.jp/foodbase/,sankyofoods.co.jp,,https://sankyofoods.co.jp/contact/,form,B,omotenashi,,,
株式会社SUNAO製薬,https://sunao-seiyaku.com/,sunao-seiyaku.com,contact@sunao-seiyaku.com,https://sunao-seiyaku.com/contact/,both,A,omotenashi,,,
株式会社KDC,https://www.kdc-jp.com/,kdc-jp.com,compliance@kdc-jp.com,https://www.kdc-jp.com/contact/,both,A,omotenashi,,,
KoH T,https://www.koht-company.com/,koht-company.com,,https://www.koht-company.com/contact,form,B,omotenashi,,,
勇和水産,https://kitaki-kaki.com/,kitaki-kaki.com,info@kitaki-kaki.com,https://kitaki-kaki.com/cn/index.html,both,A,omotenashi,,,
株式会社下堂園,https://shimo.co.jp/,shimo.co.jp,tea@shimo.co.jp,https://shimo.co.jp/,both,A,omotenashi,,,
有限会社彩霞堂,http://saikadou.jp/,saikadou.jp,,https://saikadou.jp/pages/contact,form,B,omotenashi,,,
和乃果（HACKJAPANホールディングス株式会社）,https://wanocajitu.jp/,wanocajitu.jp,your-email@xxx.com,https://wanocajitu.jp/contact,both,A,omotenashi,,,1
アロマギフト,https://aromagift.net/,aromagift.net,,https://aromagift.net/contact/,form,B,omotenashi,,,
株式会社箕輪漆行,https://www.urushiya.jp/,urushiya.jp,minowa@urushiya.jp,https://www.urushiya.jp/,both,A,omotenashi,,,
日本ケミフェルト株式会社,https://chemifelt.jp/,chemifelt.jp,,https://chemifelt.jp/,form,B,omotenashi,,,
株式会社大東スピニング,https://daito-spinning.jp/,daito-spinning.jp,,https://daito-spinning.jp/alternative-to-press-forming/,form,B,omotenashi,,,
音琴otokoto,https://www.otokoto.online/japanese/,otokoto.online,,,none,none,omotenashi,,,
修善寺プリン工房（一般社団法人イズバウンド）,https://izubound.jimdosite.com/,izubound.jimdosite.com,,,none,none,omotenashi,,,
有限会社 奥津荘,https://okutsuso.com/,okutsuso.com,info@okutsuso.com,https://okutsuso.com/contact/,both,A,omotenashi,,,
株式会社レグレット LE MUSEE DE H,http://le-musee-de-h.jp/,le-musee-de-h.jp,,https://le-musee-de-h.jp/contact/index.html,form,B,omotenashi,,,
カラーズ株式会社,https://colours.co.jp/,colours.co.jp,,https://colours.co.jp/company/,form,B,omotenashi,,,
日本海の活魚・割烹 鈴蘭別館（有限会社鈴蘭別館）,https://www.suzuranbekkan.com/,suzuranbekkan.com,,,none,none,omotenashi,,,
株式会社ワイツーオフィス,http://www.y2-office.com/,y2-office.com,info@y2-office.com,http://www.y2-office.com/inquiry.html,both,A,omotenashi,,,
GETA LABO（株式会社バランステック京都）,https://balancetec.co.jp/index.html,balancetec.co.jp,,https://balancetec.co.jp/contact.html,form,B,omotenashi,,,
KRAACH（合同会社クオーターソサエティ）,https://kraach.com/?srsltid=AfmBOorTUmxYhd71JEVPzwoYjkVnEwrd4j2MZk2C067qrP2wdITql2fX,kraach.com,contact@kraach.jewelry,https://kraach.com/pages/contact,both,A,omotenashi,,,1
株式会社N.B.L,https://www.nbl-asnon.co.jp/,nbl-asnon.co.jp,info@nbl-asnon.co.jp,,email,A,omotenashi,,,
有限会社咲花観光ホテル,https://hotel-sakihana.com/,hotel-sakihana.com,info@hotel-sakihana.com,https://hotel-sakihana.com/,both,A,omotenashi,,,
有限会社のりの鈴舟,https://norinorinsyu.com/,norinorinsyu.com,,https://norinorinsyu.com/contact/,form,B,omotenashi,,,
株式会社ヤスダ,https://yasudafootball.com/,yasudafootball.com,,https://yasudafootball.com/company/,form,B,omotenashi,,,
有限会社十勝ミルキー,https://tokachi-milky.com/,tokachi-milky.com,,https://tokachi-milky.com/company/,form,B,omotenashi,,,
株式会社勝手,https://www.katsute.co.jp/,katsute.co.jp,info@katsute.co.jp,https://www.katsute.co.jp/,both,A,omotenashi,,,
株式会社ヒューマンリソースコミュニケーションズ,https://hrc.inc/,hrc.inc,,https://hrc.inc/contact/,form,B,omotenashi,,,
やまわか農園,https://www.yamawaka.jp/,yamawaka.jp,,https://www.yamawaka.jp/,form,B,omotenashi,,,
日本トレイドアーチ株式会社,http://jtradearch.co.jp/,jtradearch.co.jp,info@jtradearch.co.jp,http://jtradearch.co.jp/,both,A,omotenashi,,,
鍛冶工房弘光,https://kaji-hiromitsu.com/,kaji-hiromitsu.com,contact@kaji-hiromitsu.com,https://kaji-hiromitsu.com/contact,both,A,omotenashi,,,
株式会社風雅,https://www.fugamaki.com/,fugamaki.com,,https://www.fugamaki.com/contact/,form,B,omotenashi,,,
米粉と大豆ベーカリー ぽけっと,https://komeomame-pocket.hp.peraichi.com/,komeomame-pocket.hp.peraichi.com,chihiro4479@gmail.com,,email,A,omotenashi,,1,
有限会社梅田,https://www.umedaopt.co.jp/,umedaopt.co.jp,info@umedaopt.co.jp,https://www.umedaopt.co.jp/contact/,both,A,omotenashi,,,
一般財団法人岬の分教場保存会（二十四の瞳映画村）,https://www.24hitomi.or.jp/,24hitomi.or.jp,mail@meipam.net,https://www.24hitomi.or.jp/,both,A,omotenashi,,,1
株式会社TwentyCompany,https://twentycompany.com/,twentycompany.com,,https://twentycompany.com/#contact,form,B,omotenashi,,,
株式会社エアウィーヴ×ロフテー株式会社,https://lofty.co.jp/?srsltid=AfmBOopYuC7heIjfspScVDHrESq5wjhknDJpQvew-e5nTelOj5MAVWz8,lofty.co.jp,support-engineer@programmerhat.com,https://lofty.co.jp/?srsltid=AfmBOopYuC7heIjfspScVDHrESq5wjhknDJpQvew-e5nTelOj5MAVWz8,both,A,omotenashi,,,1
INCUBOSS合同会社,https://www.mollyssmoked.jp/,mollyssmoked.jp,,https://www.mollyssmoked.jp/contact,form,B,omotenashi,,,
岡本織物株式会社,https://okamotoorimono.com/,okamotoorimono.com,mail@okamotoorimono.com,https://okamotoorimono.com/,both,A,omotenashi,,,
株式会社百姓屋,https://www.hyakusyouya.jp/,hyakusyouya.jp,info@hyakusyouya.jp,https://www.hyakusyouya.jp/company.html,both,A,omotenashi,,,
オヨホテルズ ジャパン合同会社,https://tabist.co.jp/,tabist.co.jp,f-legal@tabist.co.jp,https://tabist.co.jp/account/login,both,A,omotenashi,,,
株式会社Pleasant.japan,https://pleasant-japan.com/,pleasant-japan.com,,https://pleasant-japan.com/contact,form,B,omotenashi,,,
やまりん製茶,https://yamarinseicha.jp/,yamarinseicha.jp,,https://yamarinseicha.jp/contact,form,B,omotenashi,,,
Derailleur Brew Works（株式会社シクロ）,https://derailleurbrewworks.com/,derailleurbrewworks.com,info@derailleurbrewworks.com,,email,A,omotenashi,,,
竹村株式会社,https://takemura.ltd/,takemura.ltd,info@takemura.ltd,https://takemura.ltd/contact/,both,A,omotenashi,,,
特定非営利活動法人ディーセントワーク・ラボ,https://decentwork-lab.org/,decentwork-lab.org,info@decentwork-lab.org,https://decentwork-lab.org/,both,A,omotenashi,,,
株式会社コバヤシ,https://www.kbjapan.co.jp/,kbjapan.co.jp,recruit@kbjapan.co.jp,https://www.kbjapan.co.jp/jpn/contact,form,A,omotenashi;ilt_direct;ilt_v2,https://www.kbjapan.co.jp/jpn,,
コイキングス株式会社,https://koikings.suntech-japan.com/,koikings.suntech-japan.com,,https://koikings.suntech-japan.com/,form,B,omotenashi,,,
株式会社ササキ工芸,https://www.sasaki-kogei.jp/?srsltid=AfmBOoqrhT02aCU25Jz26T9VheIGiNNMzr4dY3_6n803ta3NPB0oeTEc,sasaki-kogei.jp,info@supernova-jp.com,https://www.sasaki-kogei.jp/pages/contact,both,A,omotenashi,,,1
株式会社FUURO JAPAN,http://www.fuurojapan.com/,fuurojapan.com,mail@gallery-fuuro.com,,email,A,omotenashi,,,1
株式会社開運堂,https://www.kaiundo.co.jp/,kaiundo.co.jp,member@ooooo.com,https://www.kaiundo.co.jp/Form/FeaturePage/FeaturePageList.aspx,both,A,omotenashi,,,1
中村忠三郎商店（株式会社中忠商店）,https://www.nakachuu.shop/?srsltid=AfmBOoor82VY4SdArewM_1aidlhQdZN1DCJk0J5212xkm38wM4WCetAE,nakachuu.shop,shop@nakachuu.co.jp,https://nakachuu.shop-pro.jp/customer/signup/new,both,A,omotenashi,,,1
小島染織工業株式会社,https://www.kojimasenshoku.com/,kojimasenshoku.com,,https://www.kojimasenshoku.com/inquiry/,form,B,omotenashi;satofull,,,
株式会社HiOLI,https://hioli.co.jp/,hioli.co.jp,,,none,none,omotenashi,,,
WACHA,https://www.wacha-world.com/,wacha-world.com,info@wacha.info,https://www.wacha-world.com/,both,A,omotenashi,,,1
飛田柑橘園,https://hidakankitsuen.stores.jp/,hidakankitsuen.stores.jp,,,none,none,omotenashi,,,
株式会社GREEN RUSH BY WEED,https://www.grbw.jp/,grbw.jp,,,none,none,omotenashi,,,
アトリエアンダンテ,https://www.a-andante.com/,a-andante.com,,,none,none,omotenashi,,,
株式会社みんなの奥永源寺,http://www.okueigenji.co.jp/,okueigenji.co.jp,,,none,none,omotenashi,,,
SYRINX合同会社,https://syrinx.audio/?srsltid=AfmBOooRokhLlHEoojIjqV4rqWHLRgspgKTDq4YKphvyfr9HGKQwS4Lv,syrinx.audio,info@syrinx.audio,https://syrinx.audio/pages/contact,both,A,omotenashi,,,
株式会社米匠庵,https://maishoan.co.jp/,maishoan.co.jp,,https://maishoan.co.jp/contact.php,form,B,omotenashi,,,
株式会社茶禅,https://www.chazen-co.jp/,chazen-co.jp,info@chazen-co.jp,https://www.chazen-co.jp/,both,A,omotenashi,,,
能登情熱和菓子店 すぎもり,https://s-kashi.com/,s-kashi.com,support@s-kashi.com,,email,A,omotenashi,,,
有限会社月の音,https://www.tsukinooto.com/,tsukinooto.com,,,none,none,omotenashi,,,
株式会社山城,https://www.yamashiro1951.co.jp/,yamashiro1951.co.jp,info@yamashiro-malaysia.com,https://www.yamashiro1951.co.jp/contact/,both,A,omotenashi,,,1
株式会社メルヘン・プラザ,https://www.meruhen-plaza.jp/,meruhen-plaza.jp,,https://www.meruhen-plaza.jp/contact.html,form,B,omotenashi,,,
株式会社ノルコーポレーション,https://www.nolcorp.co.jp/,nolcorp.co.jp,,https://www.nolcorp.co.jp/contact/,form,B,omotenashi,,,
GOLDEN EYE SPARK株式会社,https://www.kinnome.jp/company/,kinnome.jp,kinnome1@kinnome.jp,https://www.kinnome.jp/company/,both,A,omotenashi,,,
UNLOCK TOKYO 合同会社,https://unlocktokyo.jp/,unlocktokyo.jp,,,none,none,omotenashi,,,
THE PILLOW（まくら株式会社）,https://pillow.jp/,pillow.jp,support@pillow.jp,https://pillow.jp/shop/contact/draft,both,A,omotenashi,,,
株式会社リトル・サイエンティスト,https://littlescientist.jp/,littlescientist.jp,,https://littlescientist.jp/contact/,form,B,omotenashi,,,
株式会社オブ・コスメティックス,https://ofcosmetics.co.jp/?srsltid=AfmBOopYXkOxgeimIPt5noNaMo0I5Pf39JepCxkKzoEAE3FXTIRbHtKP,ofcosmetics.co.jp,shopping@ofcosmetics.co.jp,https://ofcosmetics.co.jp/pages/contact,both,A,omotenashi,,,
東洋紡STC株式会社,https://www.stc.toyobo.co.jp/,stc.toyobo.co.jp,,https://www.stc.toyobo.co.jp/contact/,form,B,omotenashi,,,
花王株式会社,https://www.kao.com/jp/,kao.com,,https://www.kao.com/jp/investor-relations/financial/key-performance-indicators/,form,B,omotenashi,,,
株式会社ポイントピュール,https://pointpyuru.co.jp/,pointpyuru.co.jp,,https://pointpyuru.co.jp/contact/,form,B,omotenashi,,,
ビチェリン・ファミリアーレ株式会社,https://bicerin.co.jp/,bicerin.co.jp,,https://bicerin.co.jp/contact/,form,B,omotenashi,,,
株式会社LogStyle,https://logstyle-oita.com/,logstyle-oita.com,,https://logstyle-oita.com/contact/,form,B,omotenashi,,,
池内友禅,https://www.ikeuchi-yuzen.com/,ikeuchi-yuzen.com,masahiro_ikeuchi@ikeuchi-yuzen.com,https://www.ikeuchi-yuzen.com/contact,both,A,omotenashi,,,
株式会社一心,http://issin.co.jp/,issin.co.jp,info@issin.co.jp,http://issin.co.jp/,both,A,omotenashi,,,
ハリウッド株式会社,https://hollywood-jp.com/,hollywood-jp.com,eigyohonbu@hollywood-jp.com,https://hollywood-jp.com/contact/,both,A,omotenashi,,,
株式会社アベジュエリー,https://abe-j.co.jp/,abe-j.co.jp,,https://abe-j.co.jp/contact/,form,B,omotenashi,,,
株式会社小林工具製作所,https://kobayashi-tools.com/,kobayashi-tools.com,kaihatu@kobayashi-tools.com,https://kobayashi-tools.com/contact,both,A,omotenashi,,,
幸光家具,https://saikou-kagu.com/,saikou-kagu.com,,https://saikou-kagu.com/contact/index.html,form,B,omotenashi,,,
左京商事株式会社,http://www.sakyo.co.jp/,sakyo.co.jp,sakyo3523@gmail.com,,email,A,omotenashi,,1,
NODOKA,https://www.nodokatea.com/?srsltid=AfmBOop1DjNE6pWhTEzHIG6anghn2-XsMG1pfMBdKySApMN5NLDG2lR-,nodokatea.com,info@nodokatea.com,https://www.nodokatea.com/pages/contact-wholesale,both,A,omotenashi;dainipponichi,,,
kbt．（有限会社加冨登）,https://www.wahou.jp/about/,wahou.jp,wahou@mx4.fctv.ne.jp,https://www.wahou.jp/about/,both,A,omotenashi,,,1
有限会社法本胡麻豆腐店,https://www.houmoto.co.jp/,houmoto.co.jp,goma@houmoto.co.jp,https://www.houmoto.co.jp/contact,both,A,omotenashi,,,
有限会社丸三漆器,https://hidehiranuri.jp/,hidehiranuri.jp,mail@hidemaru.jp,https://hidehiranuri.jp/contact.html,both,A,omotenashi,,,1
株式会社AB&Company,https://ab-company.co.jp/jp/,ab-company.co.jp,,https://ab-company.co.jp/jp/contact/,form,B,omotenashi,,,
waffle haramaki（株式会社トータス）,https://waffle-haramaki.com/?srsltid=AfmBOop9kIBFoWgLAniIOMggS0UlyZYXaHwvj_-5g5TmUfJ8mAGJebcY,waffle-haramaki.com,,https://waffle-haramaki.com/policies/terms-of-service,form,B,omotenashi,,,
粋匠鰻（フジ物産株式会社）,https://fuji-bussan.com/,fuji-bussan.com,,https://fuji-bussan.com/contact/,form,B,omotenashi,,,
有限会社LIFELO,https://lifelo.jp/,lifelo.jp,info@lifelo.jp,https://lifelo.jp/inquiry/,both,A,omotenashi,,,
株式会社セルタン,https://cellutane.co.jp/?srsltid=AfmBOor1eorVsJ-EPERTP8EW2dFL719i-2vW2ibITNCHEF5XjW2XOjnc,cellutane.co.jp,order@cellutane.co.jp,https://cellutane.co.jp/?srsltid=AfmBOor1eorVsJ-EPERTP8EW2dFL719i-2vW2ibITNCHEF5XjW2XOjnc,both,A,omotenashi,,,
株式会社オヴァールリエゾン,https://www.ovaleliaison.com/,ovaleliaison.com,,,none,none,omotenashi,,,
マービン貿易株式会社,https://marvin.co.jp/,marvin.co.jp,,https://marvin.co.jp/contact,form,B,omotenashi,,,
オリカ株式会社,https://www.orika-kk.co.jp/,orika-kk.co.jp,,https://www.orika-kk.co.jp/contact_new/fabric/,form,B,omotenashi,,,
山本製粉株式会社,https://yamamotoseifun.co.jp/,yamamotoseifun.co.jp,,https://yamamotoseifun.co.jp/,form,B,omotenashi,,,
トップマン工業株式会社,https://www.topman-ind.co.jp/,topman-ind.co.jp,,https://www.topman-ind.co.jp/contact/,form,B,omotenashi,,,
ぷろろ健美堂（株式会社生活プロモート）,https://www.proro-kenbido.jp/lp01/?srsltid=AfmBOoofL9ZLS7z0OF63P4fJxb6njkovp34l8TflE0ITFml-YwQHFKDR,proro-kenbido.jp,,,none,none,omotenashi,,,
とびしま柑橘工房株式会社,https://tobishima.hiroshima.jp/,tobishima.hiroshima.jp,,,none,none,omotenashi,,,
株式会社Esupport International,https://esupport-int.com/,esupport-int.com,info@esupport-int.com,,email,A,omotenashi,,,
株式会社扶桑,https://kkfusou.co.jp/,kkfusou.co.jp,,,none,none,omotenashi,,,
日本クリンテック株式会社,https://clean-tech.net/,clean-tech.net,,https://clean-tech.net/contact,form,B,omotenashi,,,
株式会社ニシカワ,https://www.nishikawa-gr.com/,nishikawa-gr.com,nishikawa@inet-g.co.jp,https://www.nishikawa-gr.com/contact/,both,A,omotenashi,,,1
東春酒造株式会社,https://www.azumaryu.co.jp/,azumaryu.co.jp,,https://www.azumaryu.co.jp/contact,form,B,omotenashi,,,
合資会社奥原硝子製造所,https://okuhara-glass.shop/,okuhara-glass.shop,,,none,none,omotenashi,,,
YOT WATCH（株式会社三栄コーポレーション）,https://yotwatch.com/?srsltid=AfmBOoqUoyO559tzBXR_74Xcj2FkCioYtlN21Ub1ZDFw8iXfcIjK42ay,yotwatch.com,,https://yotwatch.com/pages/customerservice,form,B,omotenashi,,,
株式会社プレスビー,https://www.presby.co.jp/,presby.co.jp,,https://www.presby.co.jp/contact/,form,B,omotenashi,,,
市岡製菓株式会社,https://www.ichioka-seika.co.jp/,ichioka-seika.co.jp,user@domain.com,https://www.ichioka-seika.co.jp/english.html,both,A,omotenashi,,,1
角野晒染株式会社,https://www.kadono-sarashi.jp/,kadono-sarashi.jp,,https://www.kadono-sarashi.jp/inquiry.html,form,B,omotenashi,,,
株式会社青木刃物製作所,https://aoki-hamono.co.jp/,aoki-hamono.co.jp,sakai@aoki-hamono.co.jp,https://aoki-hamono.co.jp/contact/,both,A,omotenashi,,,
株式会社ビーツー,https://www.bee-2.com/,bee-2.com,b2-03@bee-2.com,https://www.bee-2.com/,both,A,omotenashi,,,
株式会社天王,https://www.tenou.co.jp/,tenou.co.jp,,https://www.tenou.co.jp/contact/,form,B,omotenashi,,,
有限会社創修,http://yama-zou.com/,yama-zou.com,,http://yama-zou.com/?mode=privacy,form,B,omotenashi,,,
スリーホルンズ,https://three-horns.com/,three-horns.com,info@three-horns.com,https://three-horns.com/contact/,both,A,omotenashi,,,
株式会社リバークレス,https://kakivinegar-haliyo.com/,kakivinegar-haliyo.com,info@kakivinegar-haliyo.com,https://kakivinegar-haliyo.com/contact/,both,A,omotenashi,,,
有限会社大塚竹管楽器,https://www.fueya.com/,fueya.com,,,none,none,omotenashi,,,
株式会社東洋軒,http://www.touyouken.co.jp/,touyouken.co.jp,,https://touyouken.co.jp/contact.html,form,B,omotenashi,,,
株式会社アチェロ,https://acero.co.jp/,acero.co.jp,,,none,none,omotenashi,,,
株式会社真田製あん,https://ankofoods.co.jp/,ankofoods.co.jp,,https://ankofoods.co.jp/contact/,form,B,omotenashi,,,
株式会社ISSO,https://tea.issojapan.com/?srsltid=AfmBOopz0jjQ8zVZTZWXXMT4GMu9A2VUKtVNwe8gfsSrbT8WMGk9iPHS,tea.issojapan.com,,https://tea.issojapan.com/pages/contact,form,B,omotenashi,,,
株式会社Ocrasi,https://ocrasi.com/?srsltid=AfmBOorUmXfTKul5bFp3qAS2JT4AalzFxwpzPfODk-YSDaJ_MoCxFG-X,ocrasi.com,info@ocrasi.com,https://ocrasi.com/pages/contact,both,A,omotenashi,,,
株式会社燦燦園,https://www.beripla.jp/,beripla.jp,,,none,none,omotenashi,,,
Crystal Rabbit,https://crystal-rabbit.com/,crystal-rabbit.com,,https://crystal-rabbit.com/contact/,form,B,omotenashi,,,
株式会社茜庵（菓游 茜庵）,https://www.akanean.com/,akanean.com,,https://www.akanean.com/contact,form,B,omotenashi,,,
ゆげ製茶,https://www.yamecha-yuge.com/,yamecha-yuge.com,info@yamecha-yuge.com,https://www.yamecha-yuge.com/?mode=privacy,both,A,omotenashi,,,
株式会社REASON,https://reason2012.jp/,reason2012.jp,,https://reason2012.jp/#contact,form,B,omotenashi,,,
COFFEE ROASTERY 101（茶房あずまや）,https://shop.roastery101.com/,shop.roastery101.com,,https://shop.roastery101.com/pages/contact,form,B,omotenashi,,,
株式会社永山本家酒造場,https://www.domainetaka.com/,domainetaka.com,,https://www.domainetaka.com/contact-2/,form,B,omotenashi,,,
株式会社森山,http://www.mori-yama.com/,mori-yama.com,post@mori-yama.com,,email,A,omotenashi,,,
はてな企画,https://hatena-kikaku.jp/,hatena-kikaku.jp,,https://hatena-kikaku.jp/,form,B,omotenashi,,,
株式会社地美人,https://www.tibijin.com/about?srsltid=AfmBOoqdF0RFq3HppREOEKoZ6zL1FF-Mw1FyMayGuodhWe8TUmBfy_g-,tibijin.com,,,none,none,omotenashi,,,
川德商事株式会社,https://kawatoku-microhighness.com/,kawatoku-microhighness.com,,https://kawatoku-microhighness.com/contact/,form,B,omotenashi,,,
有限会社YS企画,https://www.sankyo-ys.co.jp/ys/%E4%BC%9A%E7%A4%BE%E6%A6%82%E8%A6%81/,sankyo-ys.co.jp,info@sankyo-ys.co.jp,https://www.sankyo-ys.co.jp/sankyo/contact/,both,A,omotenashi;ilt_direct,,,
株式会社フォーハート,https://4-heart.com/,4-heart.com,,https://4-heart.com/contact.html,form,B,omotenashi,,,
株式会社サン・アド,https://sun-ad.co.jp/,sun-ad.co.jp,info@sunad.co.jp,https://sun-ad.co.jp/contact/,both,A,omotenashi,,,1
株式会社アステップ,https://1963astep.com/,1963astep.com,,https://1963astep.com/astep_contact,form,B,omotenashi,,,
日英物産株式会社,https://www.nichiei-bs.co.jp/,nichiei-bs.co.jp,,https://www.nichiei-bs.co.jp/contact,form,B,omotenashi,,,
株式会社TTNコーポレーション,https://ttn-corporation.co.jp/,ttn-corporation.co.jp,info@ttn-corporation.co.jp,https://ttn-corporation.co.jp/contact/,both,A,omotenashi,,,
株式会社市原農園,https://www.ichihara-farm.com/,ichihara-farm.com,,https://www.ichihara-farm.com/contact,form,B,omotenashi,,,
株式会社AWOMB,https://awomb.com/,awomb.com,,https://awomb.com/about/,form,B,omotenashi,,,
株式会社カツウラ化粧品,https://www.katwra.co.jp/,katwra.co.jp,,https://www.katwra.co.jp/contact.php,form,B,omotenashi,,,
株式会社長谷友,https://cs-n.jp/,cs-n.jp,,https://cs-n.jp/company-2/,form,B,omotenashi,,,
特定非営利活動法人ヘゼリヒプライン,https://www.gezelligplein.com/,gezelligplein.com,,https://www.gezelligplein.com/contact.html,form,B,omotenashi,,,
幸楽窯 徳永陶磁器株式会社,https://kouraku.jp.net/,kouraku.jp.net,kouraku.jp@gmail.com,https://kouraku.jp.net/inquiry/,both,A,omotenashi,,1,
Su Rue design,https://surue.net/,surue.net,,,none,none,omotenashi,,,
なかほら牧場（農業生産法人 株式会社企業農業研究所）,https://nakahora-bokujou.jp/?srsltid=AfmBOoouHeaUd2u_zgLTp7aoJGOm12pF0dOweKRWGpu_3h72Z3n3pcMV,nakahora-bokujou.jp,info@nakahora-bokujou.jp,https://nakahora-bokujou.jp/pages/contacts,both,A,omotenashi,,,
リープ,https://leapleap.jp/home/,leapleap.jp,,https://leapleap.jp/contact/,form,B,omotenashi,,,
パティスリーロリアンコティ（株式会社パティスリーロリアン）,https://rorian-cote.com/,rorian-cote.com,,https://rorian-cote.com/contact/,form,B,omotenashi,,,
株式会社虎屋,https://www.toraya-group.co.jp/?srsltid=AfmBOorTzJ3tBBVzgQC1BdWxaFknpvE5wqNTH-HWKinBSeK8oRB1r5iD,toraya-group.co.jp,,,none,none,omotenashi,,,
マテンロウ,https://ken-house58.com/?srsltid=AfmBOooMP0cM_IOxkyTL1PMxAXlONJnUXL_p0F9NxT-E4wf2ovuS5K2k,ken-house58.com,info@ken-house58.com,https://ken-house58.com/pages/contact,both,A,omotenashi,,,
ラディウス株式会社,https://www.radius.co.jp/,radius.co.jp,,https://www.radius.co.jp/support/,form,B,omotenashi,,,
なかや菓子店,https://sweets-n.com/,sweets-n.com,,https://sweets-n.com/contact/,form,B,omotenashi,,,
株式会社三香堂,https://www.opal-co.co.jp/,opal-co.co.jp,cs@opal-co.co.jp,https://www.opal-co.co.jp/faq/form/,both,A,omotenashi,,,
株式会社笠盛,http://www.kasamori.co.jp/,kasamori.co.jp,webinfo@kasamori.co.jp,http://www.kasamori.co.jp/,both,A,omotenashi,,,
厚木ハム,https://www.atsugiham.jp/view/category/ct17,atsugiham.jp,,,none,none,omotenashi,,,
koguMi 株式会社KURUKURU,https://www.kurukuru.co.jp/,kurukuru.co.jp,,https://www.kurukuru.co.jp/contact/,form,B,omotenashi,,,
石川鋳造株式会社,https://ishikawa-chuzo.co.jp/,ishikawa-chuzo.co.jp,,,none,none,omotenashi,,,
ソラーレ ホテルズ アンド リゾーツ株式会社,https://www.solarehotels.com/,solarehotels.com,info@president-hotel-mito.co.jp,https://www.solarehotels.com/contact/,both,A,omotenashi,,,1
株式会社サンムーン,https://sunmooncompany.co.jp/,sunmooncompany.co.jp,,https://sunmooncompany.co.jp/contact.html,form,B,omotenashi,,,
株式会社丸山ステンレス工業,https://maruyama-sk.co.jp/,maruyama-sk.co.jp,maruyama@maruyama-sk.co.jp,,email,A,omotenashi,,,
有限会社笹木商店,http://www.kakuouzan-tofu.com/,kakuouzan-tofu.com,kakuouzantofu_4@yahoo.co.jp,http://www.kakuouzan-tofu.com/,both,A,omotenashi,,1,
株式会社ウノシヨウ,http://www.kimonomonjuan.com/,kimonomonjuan.com,,http://www.kimonomonjuan.com/contact/,form,B,omotenashi,,,
REALIZE合同会社,https://real-ize.co.jp/,real-ize.co.jp,info@real-ize.co.jp,https://real-ize.co.jp/,both,A,omotenashi,,,
有限会社ウチノ,https://uchino.shop/?srsltid=AfmBOop1y0gwC_3PmcLfToddBLPZNpMw9fLQYimYaJJzKkoesvlnapVR,uchino.shop,,https://uchino.shop/guide/inquiry,form,B,omotenashi,,,
株式会社evis,https://suprevori.com/,suprevori.com,,https://suprevori.com/%E3%80%8C%E7%BF%BC%E3%81%AE%E7%8E%8B%E5%9B%BD%E3%80%8D%E3%81%AB%E6%8E%B2%E8%BC%89%E3%81%95%E3%82%8C%E3%81%BE%E3%81%97%E3%81%9F/,form,B,omotenashi,,,
鹿児島堀口製茶有限会社,https://horiguchiseicha.com/,horiguchiseicha.com,,https://horiguchiseicha.com/,form,B,omotenashi,,,
株式会社永豊フーズ,https://eihoufoods.co.jp/,eihoufoods.co.jp,,https://eihoufoods.co.jp/pages/contact,form,B,omotenashi,,,
株式会社ラヴィドール,https://www.laviedor.co.jp/,laviedor.co.jp,,https://www.laviedor.co.jp/mainform/,form,B,omotenashi,,,
株式会社灯,http://www.k-akari.co.jp/,k-akari.co.jp,,http://www.k-akari.co.jp/contact/,form,B,omotenashi;ilt_direct;ilt_v2,,,
株式会社NATURE＆CLAY,https://www.nature-clay.com/,nature-clay.com,,,none,none,omotenashi,,,
櫻井商店（トライレーン株式会社）,https://www.sakurai-s.jp/,sakurai-s.jp,,https://www.sakurai-s.jp/law,form,B,omotenashi,,,
株式会社シーダース,https://seeders.jp/,seeders.jp,,https://seeders.jp/contact.html,form,B,omotenashi,,,
須裁株式会社,https://susai.jp/,susai.jp,,https://susai.jp/inquiry/,form,B,omotenashi,,,
豊彩窯,https://housaigama.jp/,housaigama.jp,,https://housaigama.jp/contact,form,B,omotenashi,,,
株式会社理創研,https://www.risoken.co.jp/,risoken.co.jp,,https://www.risoken.co.jp/contact/,form,B,omotenashi,,,
株式会社新晃社,https://www.shinkohsha.co.jp/,shinkohsha.co.jp,privacy-cc@shinkohsha.co.jp,https://www.shinkohsha.co.jp/inquiry/,both,A,omotenashi,,,
skyibis 株式会社アイビス,https://www.ibis.ne.jp/,ibis.ne.jp,,https://www.ibis.ne.jp/contact/,form,B,omotenashi,,,
株式会社アップルアンドローゼスカンパニージャパン,https://apple-roses.com/,apple-roses.com,info@apple-roses.com,https://apple-roses.com/,both,A,omotenashi,,,
FRIANDS GALLERY（株式会社ヴァレ・リジェール）,https://friandsgallery.com/,friandsgallery.com,,https://friandsgallery.com/contact/,form,B,omotenashi,,,
株式会社WiNEEDS HOLDINGS,https://wineeds-hd.jp/,wineeds-hd.jp,,https://wineeds-hd.jp/contact,form,B,omotenashi,,,
CGコミュニケーションズ株式会社,http://cgcom.asia/,cgcom.asia,info@cgcom.asia,http://cgcom.asia/contact/,both,A,omotenashi,,,
JAPANPOWERS,https://www.j-powerplant.com/,j-powerplant.com,,,none,none,omotenashi,,,
株式会社末廣堂,https://suehirodo-sensu.co.jp/,suehirodo-sensu.co.jp,nagoya@suehirodo-sensu.co.jp,https://suehirodo-sensu.co.jp/contact/,both,A,omotenashi,,,
宝山酒造株式会社,https://takarayama-brewery.co.jp/,takarayama-brewery.co.jp,info@takarayama-sake.co.jp,,email,A,omotenashi,,,1
スギ製菓株式会社,https://www.sugiseika.co.jp/,sugiseika.co.jp,,https://www.sugiseika.co.jp/,form,B,omotenashi,,,
株式会社子の日,https://nenohi.jp/,nenohi.jp,,https://nenohi.jp/,both,B,omotenashi,,,
株式会社あつまるホールディングス,https://atsumaru-hd.jp/,atsumaru-hd.jp,info@atsumaru-hd.jp,https://atsumaru-hd.jp/,both,A,omotenashi,,,
忠孝酒造株式会社,https://www.chuko-awamori.com/,chuko-awamori.com,,https://www.chuko-awamori.com/contact,form,B,omotenashi,,,
株式会社身体機能研究所,https://www.reliveshirts.com/,reliveshirts.com,,https://www.reliveshirts.com/contact/,form,B,omotenashi,,,
株式会社ミネラリスト,https://www.bambina365.co.jp/,bambina365.co.jp,info@bambina365.co.jp,https://www.bambina365.co.jp/contact/,both,A,omotenashi,,,
有限会社SANBE BURGER,https://www.sanbe-bg.com/,sanbe-bg.com,,https://www.sanbe-bg.com/contact/,form,B,omotenashi,,,
近江ちゃんぽん亭（ドリームフーズ株式会社）,https://chanpontei.com/,chanpontei.com,,https://chanpontei.com/contact-media/,form,B,omotenashi,,,
正田醤油株式会社,https://www.shoda.co.jp/,shoda.co.jp,,https://www.shoda.co.jp/info/contact,form,B,omotenashi,,,
株式会社シンギ,https://www.shingi.co.jp/,shingi.co.jp,,https://www.shingi.co.jp/contact/,form,B,omotenashi,,,
山麓はっち,https://sunrockhacci.com/?srsltid=AfmBOooMb4WRospj67k9OotDFeIJuNrMHmaQut8GXKG-OSN-3w4eB3fK,sunrockhacci.com,,,none,none,omotenashi,,,
かたい信用 やわらかい肉 肉のいとう（WIDEFOOD株式会社）,https://www.widefood.jp/,widefood.jp,,,none,none,omotenashi,,,
キヤノンマーケティングジャパン株式会社,https://corporate.jp.canon/profile,corporate.jp.canon,,https://corporate.jp.canon/profile/group/biz-attenda/inquiry,form,B,omotenashi,,,
栄光酒造株式会社,https://eikoo.com/,eikoo.com,,https://eikoo.com/contact/,form,B,omotenashi,,,
株式会社ケアウィル,https://www.carewill.co.jp/?srsltid=AfmBOorwpyz30oYlOJKx3ZzFZ2v6hQZH4c69yV6KpWzJoSyAV40b3q_P,carewill.co.jp,contact@carewill.co.jp,https://www.carewill.co.jp/?srsltid=AfmBOorwpyz30oYlOJKx3ZzFZ2v6hQZH4c69yV6KpWzJoSyAV40b3q_P,both,A,omotenashi,,,
株式会社Wonder Wanderers,https://wonderwanderers.com/,wonderwanderers.com,,https://wonderwanderers.com/#top_contact,form,B,omotenashi,,,
ティーライフ株式会社,https://www.tealife.co.jp/,tealife.co.jp,info@tealife.co.jp,https://www.tealife.co.jp/contact,both,A,omotenashi,,,
株式会社高見澤,https://www.kk-takamisawa.co.jp/,kk-takamisawa.co.jp,,https://www.kk-takamisawa.co.jp/contact/,form,B,omotenashi,,,
株式会社エフォート,https://www.effort-japan.com/,effort-japan.com,,https://www.effort-japan.com/contact/,form,B,omotenashi,,,
株式会社医食同源,https://ishokudogen.co.jp/,ishokudogen.co.jp,,https://ishokudogen.co.jp/contact/#tab1,form,B,omotenashi,,,
トーラスパズルインターナショナル株式会社,https://hinosutekofu.square.site/,hinosutekofu.square.site,hi@mystore.com,,email,A,omotenashi,,,1
素直な力株式会社 (MISO POTA KYOTO),https://misopotakyoto.jp/,misopotakyoto.jp,info@misopotakyoto.jp,https://misopotakyoto.jp/contact/,both,A,omotenashi,,,
株式会社長手長栄堂,https://nagate.com/,nagate.com,info@nagate.com,https://nagate.com/contact/,both,A,omotenashi,,,
株式会社いさ屋,https://www.isaya.com/,isaya.com,,https://www.isaya.com/shop/contact.html,form,B,omotenashi,,,
合同会社Emmagination,https://www.emmagination.jp/,emmagination.jp,,https://www.emmagination.jp/contact/,form,B,omotenashi,,,
株式会社Kamipita Japan,https://www.kamipita.com/,kamipita.com,info@mysite.com,https://www.kamipita.com/,both,A,omotenashi,,,1
有限会社林酒造場,https://www.hayashisyuzo.com/,hayashisyuzo.com,,,none,none,omotenashi,,,
株式会社アルナ,https://aluna.co.jp/,aluna.co.jp,info@aluna.co.jp,https://aluna.co.jp/contact/,both,A,omotenashi;ilt_direct;ilt_v2,,,
株式会社林屋久太郎商店,https://www.chayudo.co.jp/,chayudo.co.jp,,https://www.chayudo.co.jp/,form,B,omotenashi,,,
株式会社展真ダイニング,https://nougat.jp/,nougat.jp,shop@nougat.jp,https://nougat.jp/customer/login,both,A,omotenashi,,,
株式会社池林堂半七,https://ikehan.jp/,ikehan.jp,ikehan.kyoto@gmail.com,,email,A,omotenashi,,1,
株式会社ミモナ,https://mimona.co.jp/,mimona.co.jp,,https://mimona.co.jp/contact/,form,B,omotenashi,,,
木村員毛織株式会社,https://bishu-japan.com/company/detail/43,bishu-japan.com,,https://bishu-japan.com/company/detail/43/contact/input,form,B,omotenashi,,,
株式会社ワイ・エム・ケー長岡,https://ymk-pro.co.jp/,ymk-pro.co.jp,nagaoka@ymk-pro.co.jp,,email,A,omotenashi,,,
蘭と月株式会社,https://rantotsuki.com/,rantotsuki.com,,https://rantotsuki.com/contact2.html#central,form,B,omotenashi,,,
JAT株式会社,https://www.jat.asia/,jat.asia,,,none,none,omotenashi,,,
株式会社柚餅子総本家中浦屋,https://yubeshi.jp/,yubeshi.jp,info@yubeshi.jp,https://yubeshi.jp/about/,both,A,omotenashi,,,
株式会社COAROO,https://coaroo.co.jp/?srsltid=AfmBOoqHuYa2sBnoJW95qZfWBuQq2sPdTikEEfXccV7N0VxYjNTm4yrZ,coaroo.co.jp,info@coaroo.co.jp,https://coaroo.co.jp/pages/contact,both,A,omotenashi,,,
宮川産業株式会社,https://miyagawa-sangyou.co.jp/,miyagawa-sangyou.co.jp,,https://miyagawa-sangyou.co.jp/contact,form,B,omotenashi,,,
貝印株式会社,https://www.kai-group.com/,kai-group.com,inquiry-en@kai-group.com,https://www.kai-group.com/support/,form,A,omotenashi;ambiente_direct,messe_frankfurt_exhibitor_api,,
MAMMA ROMAN株式会社,https://www.takaopotato.com/company/,takaopotato.com,info@takaopotato.com,https://www.takaopotato.com/company/,both,A,omotenashi,,,
株式会社ボウンディア,https://jgoodtech.smrj.go.jp/web/page/corp/-/info/JC0000000024174/appeal/jpn,jgoodtech.smrj.go.jp,jgoodtech_cs2@smrj.go.jp,,email,A,omotenashi,,,1
日本ハルマ株式会社,https://www.nihonharuma.com/,nihonharuma.com,,,none,none,omotenashi,,,
ハニーファイバー株式会社 （商標 おたふくわた）,https://www.otafukuwata.com/,otafukuwata.com,,https://www.otafukuwata.com/hpgen/HPB/shop/policy.html,form,B,omotenashi,,,
ミツワ醤油,https://www.mitsuwashoyu.com/,mitsuwashoyu.com,,https://www.mitsuwashoyu.com/contact/,form,B,omotenashi,,,
株式会社和雲,https://wakumo.co.jp/?srsltid=AfmBOorC7JXZiq9DIaiP1QqF8clEVThACT9ZXGX-OaPeY4g9nNzX7ac9,wakumo.co.jp,support@wakumo.co.jp,https://wakumo.co.jp/?srsltid=AfmBOorC7JXZiq9DIaiP1QqF8clEVThACT9ZXGX-OaPeY4g9nNzX7ac9,both,A,omotenashi,,,
株式会社ライフリング,https://breezebronze.co.jp/company/,breezebronze.co.jp,,https://breezebronze.co.jp/contact/,form,B,omotenashi,,,
株式会社あぶらび,https://aburabi.jp/,aburabi.jp,aburabi@wcv.jp,https://aburabi.jp/privacy-policy/,both,A,omotenashi,,,1
株式会社金銀箔工芸さくだ,https://goldleaf-sakuda.jp/,goldleaf-sakuda.jp,kinpakuya@goldleaf-sakuda.jp,https://goldleaf-sakuda.jp/,both,A,omotenashi,,,
株式会社LUCY ALTER DESIGN,https://lucyalterdesign.com/,lucyalterdesign.com,,,none,none,omotenashi,,,
株式会社ヨコチュー,https://yokochu.co.jp/,yokochu.co.jp,,https://yokochu.co.jp/contact/,form,B,omotenashi,,,
株式会社佳雅,https://yosimasa.co.jp/,yosimasa.co.jp,scarf@yosimasa.co.jp,https://yosimasa.co.jp/contact/,both,A,omotenashi,,,
有限会社ヨガワークス,https://www.yogaworks.jp/,yogaworks.jp,ecom-swiper@11.css,https://www.yogaworks.jp/,both,A,omotenashi,,,1
FRMA株式会社,https://frma.earth/?srsltid=AfmBOoodfeAZFBS9XXp7ucd95HYXxi9J68u2y-iBnJAG7VMVNYimH5YN,frma.earth,,https://frma.earth/pages/contact,form,B,omotenashi,,,
株式会社淡路屋,https://www.awajiya.co.jp/,awajiya.co.jp,,https://www.awajiya.co.jp/privacypolicy/,form,B,omotenashi,,,
ロート製薬株式会社,https://www.rohto.co.jp/,rohto.co.jp,,https://www.rohto.co.jp/company/,form,B,omotenashi,,,
サンライズファーム株式会社,https://sunrisefarm.co.jp/,sunrisefarm.co.jp,,https://sunrisefarm.co.jp/contact/,form,B,omotenashi,,,
株式会社ルノール,https://www.le-nord.com/,le-nord.com,f-delice@le-nord.com,https://www.le-nord.com/contact,both,A,omotenashi,,,
株式会社アキュラホーム,https://www.aqura.co.jp/,aqura.co.jp,,https://www.aqura.co.jp/contact/,form,B,omotenashi,,,
農業法人深作農園有限会社,https://fukasaku.com/,fukasaku.com,online@fukasaku.com,https://fukasaku.com/contact/,both,A,omotenashi,,,
有限会社有田牧畜産業,https://aritabokujyo.jp/,aritabokujyo.jp,,https://aritabokujyo.jp/contact/,form,B,omotenashi,,,
株式会社シンティトロ,https://www.taneco.jp/,taneco.jp,taneco1831@gmail.com,https://www.taneco.jp/law,both,A,omotenashi,,1,
GOLDREAM,https://www.goldream.info/,goldream.info,gold_leaf_y@yahoo.co.jp,,email,A,omotenashi,,1,
株式会社イコル,https://www.ikorushop.com/,ikorushop.com,tenryu@ikoru.co.jp,https://www.ikorushop.com/contact/,both,A,omotenashi,,,1
株式会社東農園,http://www.tonoen.co.jp/,tonoen.co.jp,office@tonoen.co.jp,,email,A,omotenashi,,,
霜旦舎 定右衛門商店(株式会社ハチ・ビット),https://www.sadaemon.shop/home,sadaemon.shop,sadaemon@8bit-design.jp,,email,A,omotenashi,,,1
キモノグラース,https://www.kimonograce.net/,kimonograce.net,,https://www.kimonograce.net/,form,B,omotenashi,,,
伊勢抹茶株式会社,https://isematcha.co.jp/,isematcha.co.jp,,https://isematcha.co.jp/profile/,form,B,omotenashi,,,
和田八蒲鉾製造株式会社,https://www.gfp1.maff.go.jp/user/3013/about/,gfp1.maff.go.jp,,https://www.gfp1.maff.go.jp/contact,form,B,omotenashi,,,
omnomnom,https://omnomnom.jp/,omnomnom.jp,,https://omnomnom.jp/inquiry/,form,B,omotenashi,,,
株式会社實光,https://www.jikko.jp/,jikko.jp,,https://www.jikko.jp/c/guide/contact,form,B,omotenashi,,,
有限会社内田販売システム,https://uchida-power.jp/,uchida-power.jp,uchidaps@uchida-power.jp,https://uchida-power.jp/contact/,both,A,omotenashi,,,
フローナル株式会社,https://iseflownal.jp/?srsltid=AfmBOopkAJQD0LWpfHmIZYJy-jQ2K8STDDfEYzj6wOF4PNaQAgrEOxl1,iseflownal.jp,ise@iseflownal.jp,https://iseflownal.jp/pages/contact,both,A,omotenashi,,,
竹中金彩,http://takenaka-kinsai.jp/,takenaka-kinsai.jp,,http://takenaka-kinsai.jp/contact/,form,B,omotenashi,,,
合同会社303CATLAB,https://303catlab.com/,303catlab.com,info@303catlab.com,https://303catlab.com/inquiry/,both,A,omotenashi,,,
福一漁業株式会社,https://fukuichi-world.jp/,fukuichi-world.jp,,https://fukuichi-world.jp/contact/,form,B,omotenashi,,,
自遊自裁株式会社,https://jiyujisai.com/,jiyujisai.com,,https://jiyujisai.com/,form,B,omotenashi,,,
株式会社寺一,https://teraichi.co.jp/,teraichi.co.jp,,https://teraichi.co.jp/contact/,form,B,omotenashi,,,
大分製紙株式会社,https://www.oita-seishi.com/,oita-seishi.com,,https://www.oita-seishi.com/contact/,form,B,omotenashi,,,
有限会社肉乃橋本,https://higo-basashi.com/,higo-basashi.com,,,none,none,omotenashi,,,
和味餃子,https://nagomi-gyoza.stores.jp/?srsltid=AfmBOorjw0ts4S2ASDUMH3paI6rvn3wtynQbSlAa6e0qACorMMvtrCKS,nagomi-gyoza.stores.jp,,,none,none,omotenashi,,,
株式会社馬籠館,https://www.magomekan.co.jp/,magomekan.co.jp,info@magomekan.co.jp,https://www.magomekan.co.jp/contact,both,A,omotenashi,,,
株式会社AO Labo.,https://www.aolabo.net/?srsltid=AfmBOoqMjyNI_tGd0oeSCWTNcLzPGcRKSA2Jwbsa7K5ehUtMkudWlis7,aolabo.net,contactao@aolabo.net,,email,A,omotenashi,,,
有限会社知名御多出横,https://www.audio.co.jp/,audio.co.jp,,,none,none,omotenashi,,,
菅原工芸硝子株式会社,https://www.sugahara.com/,sugahara.com,info@sugahara.com,https://www.sugahara.com/contact/,both,A,omotenashi,,,
株式会社泉屋物産店,https://www.nagaragawa.com/,nagaragawa.com,,https://www.nagaragawa.com/contact.php,form,B,omotenashi,,,
株式会社モルファ,https://morpha.co.jp/,morpha.co.jp,,https://morpha.co.jp/contact/,form,B,omotenashi,,,
株式会社及富,https://oitomi.jp/,oitomi.jp,info@oitomi.jp,https://oitomi.jp/contact/,both,A,omotenashi,,,
株式会社美創,https://www.bisoh-p.co.jp/,bisoh-p.co.jp,,https://www.bisoh-p.co.jp/contact,form,B,omotenashi,,,
丸和繊維工業株式会社,https://maruwa-tex-ind.co.jp/,maruwa-tex-ind.co.jp,,https://maruwa-tex-ind.co.jp/contact/,form,B,omotenashi,,,
朝倉調味料株式会社,https://asakura-chomiryo.com/,asakura-chomiryo.com,,https://asakura-chomiryo.com/contact/,form,B,omotenashi,,,
株式会社コジット,https://www.cogit.co.jp/,cogit.co.jp,,https://www.cogit.co.jp/#information,form,B,omotenashi,,,
株式会社小松製菓,https://quatre-klee.com/,quatre-klee.com,,https://quatre-klee.com/contact/,form,B,omotenashi,,,
株式会社エスプリ,https://esprit-net.co.jp/,esprit-net.co.jp,,http://esprit-net.co.jp/script/mailform/otoiawase/,form,B,omotenashi,,,
第一フーズ株式会社,https://daiichi-foods.com/,daiichi-foods.com,,https://daiichi-foods.com/contact/,form,B,omotenashi,,,
IMPHY,https://imphy.jp/,imphy.jp,,https://imphy.jp/contact/,form,B,omotenashi,,,
大東寝具工業株式会社,https://www.daitoushingu.com/,daitoushingu.com,info@daitoushingu.com,https://www.daitoushingu.com/contact/,both,A,omotenashi,,,
BLESSRING（ブレスリング）,https://www.blessring.okinawa/,blessring.okinawa,,https://www.blessring.okinawa/contact/,form,B,omotenashi,,,
株式会社さくら,https://www.sakura-inc.net/,sakura-inc.net,info@sakura-inc.net,https://www.sakura-inc.net/build/support.php,both,A,omotenashi,,,
メディソル株式会社,https://www.medisol.jp/,medisol.jp,,https://www.medisol.jp/contact/,form,B,omotenashi,,,
横浜バニラ株式会社,https://yokohamavanilla.com/,yokohamavanilla.com,,,none,none,omotenashi,,,
株式会社ワッゼド,https://wazzedo.hippy.jp/,wazzedo.hippy.jp,h-kozuru@live.jp,https://wazzedo.hippy.jp/,both,A,omotenashi,,,1
アムツムグ,https://amtsumg.com/?srsltid=AfmBOooZDtX5YQseTRIl5Th7HBF71IkYYOyuASNKhJbkZC8KHpiXbe06,amtsumg.com,info@amtsumg.com,https://amtsumg.com/pages/contact,both,A,omotenashi,,,
株式会社エクシート,https://exceet.co.jp/,exceet.co.jp,,https://exceet.co.jp/contact/,form,B,omotenashi,,,
株式会社スキーマ,https://llschema.com/,llschema.com,info@llschema.com,,email,A,omotenashi,,,
株式会社砂糖傳 増尾商店,https://www.satouden.com/,satouden.com,,https://www.satouden.com/contact/?form=2,form,B,omotenashi,,,
八景,https://hakkei-yubara.jp/,hakkei-yubara.jp,english@hakkei-yubara.jp,https://hakkei-yubara.jp/,both,A,omotenashi,,,
エシカルレザーSobagni,https://sobagni.jp/,sobagni.jp,sobagni@kyowale.co.jp,"https://sobagni.jp/?match=all&subcats=Y&search_performed=Y&dispatch=products.search&cid=2,1,3,5,35,104,8,36,98",both,A,omotenashi,,,1
株式会社ヒノキラボ,https://www.hinokilab.co.jp/,hinokilab.co.jp,,https://www.hinokilab.co.jp/#makeshop-common-contact-url,form,B,omotenashi,,,
琉球ガラス工房glass32,https://glass32.com/,glass32.com,,https://glass32.com/contact/,form,B,omotenashi,,,
レンタル着物ルチル,https://furisode-furimo.com/magazine/3234,furisode-furimo.com,info@m-sj.net,https://furisode-furimo.com/magazine/3234,both,A,omotenashi,,,1
株式会社if me,https://ifme.co.jp/,ifme.co.jp,,https://ifme.co.jp/contact/,form,B,omotenashi,,,
有限会社福井堂,https://www.fukuido.co.jp/,fukuido.co.jp,,,none,none,omotenashi,,,
合同会社サイプレス,https://cy-press.com/,cy-press.com,info@cy-press.co.jp,https://cy-press.com/pages/contact,both,A,omotenashi,,,1
田所刃物,https://www.tadokorohamono-marushin888.com/,tadokorohamono-marushin888.com,,,none,none,omotenashi,,,
KOYOMI（東湘印版株式会社）,https://ja.koyomi-shop.com/,ja.koyomi-shop.com,info@tosho-inban.co.jp,https://ja.koyomi-shop.com/pages/contact/,both,A,omotenashi,,,1
SWEETS LABO BONGOUT（株式会社ボングー）,https://www.sweetslabo-bongout.com/,sweetslabo-bongout.com,inho@sweetslabo-bongout.com,https://www.sweetslabo-bongout.com/,both,A,omotenashi,,,
栄新薬株式会社,https://www.sakaeshinyaku.co.jp/,sakaeshinyaku.co.jp,info@sakaeshinyaku.co.jp,https://www.sakaeshinyaku.co.jp/contacts.html,both,A,omotenashi,,,
株式会社フンドーダイ五葉,https://www.fundodai.jp/,fundodai.jp,inquiry@fundodai.jp,https://www.fundodai.jp/inquiry,both,A,omotenashi,,,
日本医薬品製造株式会社,https://nihoniyakuhin.deca.jp/,nihoniyakuhin.deca.jp,,https://nihoniyakuhin.deca.jp/inquiry.htm,form,B,omotenashi,,,
お濃茶スイーツ専門店 雷一茶,https://www.kaminari-issa.com/?srsltid=AfmBOopSwQza1dw-rvpxp2WTzvVXa7DwbQss3fwp8JnvJVxTD8YqEHtj,kaminari-issa.com,,https://www.kaminari-issa.com/contact,form,B,omotenashi,,,
うでまくりDINING 喜楽人,https://udemakuridiningkirakuzin0206.com/,udemakuridiningkirakuzin0206.com,,https://udemakuridiningkirakuzin0206.com/,form,B,omotenashi,,,
バルスタック株式会社,https://www.valstack.co.jp/,valstack.co.jp,agri@valstack.co.jp,https://www.valstack.co.jp/contact/,both,A,omotenashi,,,
京都錦市場 櫂KAI,https://www.nisiki-kai.com/,nisiki-kai.com,info@nisiki-kai.com,https://www.nisiki-kai.com/,both,A,omotenashi,,,
淡海酢有限会社,https://www.tankaisu.co.jp/,tankaisu.co.jp,,,none,none,omotenashi,,,
株式会社中矢パイル,https://kinkazan.jp/,kinkazan.jp,nakaya.pile@kkh.biglobe.ne.jp,https://kinkazan.jp/privacy-policy/,both,A,omotenashi,,,1
株式会社ウエイアウト,http://wayout-ltd.com/,wayout-ltd.com,,,none,none,omotenashi,,,
京都伝統文化イノベーション研究センター/Whole Love Kyoto,https://wlk.wholelovekyoto.jp/?srsltid=AfmBOooY1JZHMVL9yOVj9yJ-L63FlIQmligLNPGIR1mSEELLpc1sYthY,wlk.wholelovekyoto.jp,wlk@chimaski.jp,https://wlk.wholelovekyoto.jp/pages/contactus,both,A,omotenashi,,,1
奥出雲酒造株式会社,https://okuizumosyuzou.com/,okuizumosyuzou.com,,,none,none,omotenashi,,,
ジャパンスペシャリティアパレル株式会社,https://www.japan-specialty-apparel.co.jp/,japan-specialty-apparel.co.jp,info@japan-specialty-apparel.co.jp,https://www.japan-specialty-apparel.co.jp/about-2,both,A,omotenashi,,,
Tachi Miyabi合同会社,https://age-leather.com/pages/legal_info?srsltid=AfmBOool88MPMQqbQ3Jpj_Y_O99DlEY5-56L__ce6ar-r0Vcz423TKQY,age-leather.com,support@age-leather.com,https://age-leather.com/pages/legal_info?srsltid=AfmBOool88MPMQqbQ3Jpj_Y_O99DlEY5-56L__ce6ar-r0Vcz423TKQY,both,A,omotenashi,,,
株式会社バードオフィス,https://birdoffice.com/,birdoffice.com,,https://birdoffice.com/?mode=privacy,form,B,omotenashi,,,
株式会社ふくいブルー,https://www.fukuiblue.co.jp/,fukuiblue.co.jp,fukui-blue@xxx.com,https://www.fukuiblue.co.jp/contact/,both,A,omotenashi,,,1
株式会社花蜂園,http://www.kahouen.jp/,kahouen.jp,info@kahouen.jp,http://www.kahouen.jp/,both,A,omotenashi,,,
健康屋本店有限会社,https://kenkouyahonten.net/,kenkouyahonten.net,,https://kenkouyahonten.net/about-5ala/,form,B,omotenashi,,,
CosmoWater（株式会社コスモライフ）,https://www.cosmowater.com/,cosmowater.com,info@cosmowater.com,https://www.cosmowater.com/commit/performance/,both,A,omotenashi,,,
有限会社烹菓,http://www.pouka.co.jp/,pouka.co.jp,,http://www.pouka.co.jp/contact/,form,B,omotenashi,,,
株式会社すえ木工,https://www.suemokko.co.jp/,suemokko.co.jp,suemokko@sue2021.xbiz.jp,https://www.suemokko.co.jp/,both,A,omotenashi,,,1
ドルチェ・ディ・ロッカ カリーノ,https://camc.jp/,camc.jp,,https://camc.jp/pages/contact,form,B,omotenashi,,,
株式会社ハレデザイン／株式会社メッセージデザインセンター,https://www.hare-design.com/,hare-design.com,,https://www.hare-design.com/#contact,form,B,omotenashi,,,
青柳醤油,https://shop-aoyagi.com/?srsltid=AfmBOoroWb0a4GfppMxw1-5q4xIUFHylg_cxo1gDWKHenzsRnYuuebGH,shop-aoyagi.com,,https://aoyagi.shop-pro.jp/customer/signup/new,form,B,omotenashi,,,
大建工業株式会社,https://www.daiken.jp/,daiken.jp,kankyo@daiken.co.jp,https://www.daiken.jp/buildingmaterials/prosupporttool/,both,A,omotenashi,,,1
株式会社八勝 長谷製麺,https://fukura-tenobe-seimenjyo.jp/,fukura-tenobe-seimenjyo.jp,haseseimen@river.sannet.ne.jp,https://fukura-tenobe-seimenjyo.jp/,both,A,omotenashi,,,1
株式会社水生活製作所,https://www.mizsei.co.jp/,mizsei.co.jp,information@mizsei.co.jp,,email,A,omotenashi,,,
株式会社小堀酒造店,https://manzairaku.co.jp/,manzairaku.co.jp,,https://manzairaku.co.jp/contact/,form,B,omotenashi,,,
河部精密工業株式会社,http://www.ksk-kawabe.co.jp/,ksk-kawabe.co.jp,ksk@ksk-kawabe.co.jp,http://www.ksk-kawabe.co.jp/,both,A,omotenashi,,,
株式会社美幸コーポレーション,https://corp.myufull.co.jp/,corp.myufull.co.jp,,https://corp.myufull.co.jp/contact/,form,B,omotenashi,,,
紗紗 xiaxia hijab Japan,https://xiaxiahijab.com/,xiaxiahijab.com,,https://xiaxiahijab.com/contact-2/,form,B,omotenashi,,,
株式会社ミュージーコーポレーション,https://www.museecorp.com/,museecorp.com,contact@museecorp.com,,email,A,omotenashi,,,
株式会社若菜,https://kyuusyoku-wakana.com/,kyuusyoku-wakana.com,info@kyuusyoku-wakana.com,https://kyuusyoku-wakana.com/contact/,both,A,omotenashi,,,
御菓子司 美濃屋（有限会社美濃屋）,https://minoya.jp/,minoya.jp,,,none,none,omotenashi,,,
株式会社ベネクス,https://store.venex-j.co.jp/?srsltid=AfmBOoqCRmuXKsNQ-fU5gjzbQkRjuC3hCcUoGEFr_F5-0zhz6-6kCCBI,store.venex-j.co.jp,,,none,none,omotenashi,,,
hinna（株式会社エル・ローズ）,https://www.santelabo.jp/,santelabo.jp,support@santelabo.jp,https://www.santelabo.jp/f/contact,both,A,omotenashi,,,
株式会社モバイル・プランニング,https://mobile-p.co.jp/,mobile-p.co.jp,info@mobile-p.co.jp,https://mobile-p.co.jp/contact/,both,A,omotenashi,,,
GRANT（株式会社GRANT）,https://grant-t.co.jp/,grant-t.co.jp,,https://grant-t.co.jp/contact,form,B,omotenashi,,,
株式会社丸玉,https://www.marutama-ryukyu.com/,marutama-ryukyu.com,,https://www.marutama-ryukyu.com/contact/,form,B,omotenashi,,,
お菓子工房アンドンカフェ（オヤマダイニング合同会社）,https://andoncafe.com/,andoncafe.com,pc-mail@andoncafe.com,https://andoncafe.com/contact,both,A,omotenashi,,,
17colors株式会社,https://17colors.net/,17colors.net,info@17colors.net,https://17colors.net/contact/,both,A,omotenashi,,,
株式会社ハグ・オザワ,https://www.hugozawa.jp/,hugozawa.jp,info@hugozawa.jp,https://www.hugozawa.jp/contact,both,A,omotenashi,,,
ra・ku・ra 株式会社マルエーニット,https://www.marueiknit.com/?srsltid=AfmBOor7ylqjvDC5XS7rymgLyxMb0iIKEdZWv39UCsc-J0NeWFFgJoPL,marueiknit.com,sendonly@epsilon.jp,https://www.marueiknit.com/?srsltid=AfmBOor7ylqjvDC5XS7rymgLyxMb0iIKEdZWv39UCsc-J0NeWFFgJoPL,both,A,omotenashi,,,1
亀甲萬本店（キッコーマン食品株式会社）,https://www.kikkoman.co.jp/honten/,kikkoman.co.jp,,https://www.kikkoman.co.jp/customer/,none,B,omotenashi,,,
株式会社榛原,https://www.haibara.co.jp/,haibara.co.jp,info@haibara.co.jp,https://www.haibara.co.jp/apps/note/contact/,both,A,omotenashi,,,
株式会社Anc,https://anc-a.co.jp/,anc-a.co.jp,info@anc-a.co.jp,https://anc-a.co.jp/,both,A,omotenashi,,,
キュウエイファーム株式会社,https://www.kyueifarm.com/,kyueifarm.com,,https://www.kyueifarm.com/contact.php,form,B,omotenashi,,,
株式会社sion works,https://sion-works.com/,sion-works.com,,https://sion-works.com/contact,form,B,omotenashi,,,
合同会社104Games,https://104group.jp/,104group.jp,infomakase@gmail.com,,email,A,omotenashi,,1,
株式会社夢職人,https://www.yumeshokunin.jp/,yumeshokunin.jp,,,none,none,omotenashi,,,
株式会社丹後,https://www.tango-imabari.jp/,tango-imabari.jp,info@tango-imabari.jp,https://www.tango-imabari.jp/,both,A,omotenashi,,,
トトノエ菓子,https://romi-sweets.stores.jp/,romi-sweets.stores.jp,,,none,none,omotenashi,,,
超テロメア企画株式会社,https://extelimits.co.jp/,extelimits.co.jp,info@extelimits.co.jp,http://extelimits.co.jp/?page_id=64,both,A,omotenashi,,,
Project Felicia,https://www.project-felicia.com/,project-felicia.com,info@project-felicia.com,,email,A,omotenashi,,,
株式会社アットイマジン,http://www.at-imagine.com/,at-imagine.com,info@at-imagine.com,http://www.at-imagine.com/cgi_mail/at-imagine/otoiawase.html,both,A,omotenashi,,,
エルダー・田中＆アソシエイツ株式会社,https://www.elder-tanaka.com/,elder-tanaka.com,,https://www.elder-tanaka.com/contact/,form,B,omotenashi,,,
山仁産業有限会社,https://www.yamanisangyo.jp/,yamanisangyo.jp,,https://www.yamanisangyo.jp/contact.php,form,B,omotenashi,,,
日本雑貨株式会社,https://www.jcjc.jp/,jcjc.jp,,https://www.jcjc.jp/,form,B,omotenashi,,,
株式会社陶花,http://www.tohka.co.jp/,tohka.co.jp,,http://www.tohka.co.jp/contact/index.html,form,B,omotenashi,,,
デジタメ株式会社,https://digitame.co.jp/,digitame.co.jp,contact@digitame.co.jp,https://digitame.co.jp/,both,A,omotenashi,,,
鈴木工業株式会社,http://www.suzuki-kogyo.com/,suzuki-kogyo.com,eigyo_unit@suzuki-kogyo.com,,email,A,omotenashi,,,
アクアブルー株式会社,http://gow-g.com/aqua-blue/,gow-g.com,info@gow-g.com,,email,A,omotenashi,,,
藤安醸造株式会社,https://www.hishiku.co.jp/,hishiku.co.jp,horebore@hishiku.co.jp,,email,A,omotenashi,,,
かまた刃研社（株式会社ケンマックス）,https://www.kap-kam.com/,kap-kam.com,,https://www.kap-kam.com/about/,form,B,omotenashi,,,
八幡帆布鞄 Cogocoro,https://cogocoro.com/,cogocoro.com,cogocoro@gmail.com,,email,A,omotenashi,,1,
有限会社麻布珈琲店,https://azabu-cb.com/,azabu-cb.com,nakamura@azabu-cb.com,https://azabu-cb.com/form/,both,A,omotenashi,,,
うおがし銘茶株式会社,https://www.uogashi-meicha.co.jp/,uogashi-meicha.co.jp,hanako@uogashi-meicha.co.jp,https://www.uogashi-meicha.co.jp/form/contact/,both,A,omotenashi,,,
株式会社シャンソン化粧品,https://chansoncosmetics.jp/,chansoncosmetics.jp,,https://chansoncosmetics.jp/contact/,form,B,omotenashi,,,
有限会社ojim,http://www.opteria-glassias.com/,opteria-glassias.com,,http://www.opteria-glassias.com/#inquiry,form,B,omotenashi,,,
株式会社アシストエリア,http://www.assistarea.jp/,assistarea.jp,info@assistarea.jp,,email,A,omotenashi,,,
有限会社玉樹,http://www.tamaki-r-est.co.jp/profile/,tamaki-r-est.co.jp,info@tamaki-r-est.co.jp,http://www.tamaki-r-est.co.jp/cgi-bin/sendform.cgi,both,A,omotenashi,,,
株式会社つつわび,http://www.tsutsuwabi.co.jp/,tsutsuwabi.co.jp,info@tsutsuwabi.co.jp,http://www.tsutsuwabi.co.jp/contact,both,A,omotenashi,,,
有限会社フジセイ,https://www.fujisei-roller.co.jp/,fujisei-roller.co.jp,,https://www.fujisei-roller.co.jp/contact,form,B,omotenashi,,,
とりまぶし（株式会社豊卓）,https://torimabushi.com/,torimabushi.com,,https://torimabushi.com/,both,B,omotenashi,,,
RelationKaoriLabo りらしおんかおりらぼ,https://shop.relation358.jp/,shop.relation358.jp,,,none,none,omotenashi,,,
株式会社GreeNexus,http://greenexus-bamboo.com/,greenexus-bamboo.com,,http://greenexus-bamboo.com/#contact,form,B,omotenashi,,,
有限会社エクセルプラン,https://www.excel-plan.com/,excel-plan.com,,https://www.excel-plan.com/inquiry.html,form,B,omotenashi,,,
株式会社PUZZLCE,https://puzzlce.com/,puzzlce.com,contact@puzzlce.com,https://puzzlce.com/,both,A,omotenashi,,,
株式会社丸鮮道場水産,https://www.michiba-suisan.host.jp/,michiba-suisan.host.jp,info@michiba-suisan.host.jp,https://www.michiba-suisan.host.jp/form/default.htm,both,A,omotenashi,,,
二十四節氣 神楽,https://24sekki-kagra.com/,24sekki-kagra.com,,https://24sekki-kagra.com/,form,B,omotenashi,,,
こもれびガーデン株式会社,https://komorebigarden.ocnk.net/?srsltid=AfmBOor9RYIk6nqaC5vjcM0zOMDiMKsTLbCmgVFWHh5BecGhy6HMCV_Y,komorebigarden.ocnk.net,,https://komorebigarden.ocnk.net/contact,form,B,omotenashi,,,
有限会社幸栄,http://koei-gr.co.jp/smarts/index/30/,koei-gr.co.jp,,,none,none,omotenashi,,,
Hevn tokyo（株式会社ジェイパブリック）,https://hven.jp/,hven.jp,,https://hven.jp/general-information,both,B,omotenashi,,,
株式会社オステオカルシン研究所,https://www.osteocalcin-labo.co.jp/,osteocalcin-labo.co.jp,info@osteocalcin-labo.com,https://www.osteocalcin-labo.co.jp/law/,both,A,omotenashi,,,1
株式会社ユニオン真珠,https://unionpearl.com/,unionpearl.com,,https://unionpearl.com/contact/,form,B,omotenashi,,,
株式会社ニッケテキスタイル,https://nikke-textile.jp/,nikke-textile.jp,,,none,none,omotenashi,,,
京和志,https://kyowasi.com/,kyowasi.com,,https://kyowasi.com/otoiawase/,form,B,omotenashi,,,
月島名物もんじゃだるま（株式会社だるま）,https://monjadaruma.com/,monjadaruma.com,,,none,none,omotenashi,,,
さつま糀商店,https://satsumakojishoten.com/,satsumakojishoten.com,,,none,none,omotenashi,,,
株式会社シンカテック,http://sinkatec.co.jp/,sinkatec.co.jp,,http://sinkatec.co.jp/info/contact.html,form,B,omotenashi,,,
有限会社日青工業,https://www.nissei-kougyo.com/,nissei-kougyo.com,,,none,none,omotenashi,,,
椿屋本舗合同会社,https://tsubakiya.moo.jp/,tsubakiya.moo.jp,,,none,none,omotenashi,,,
株式会社ピュアリー,https://purely-corp.com/,purely-corp.com,,https://purely-corp.com/contact/,form,B,omotenashi,,,
株式会社フタバモデル製作所,https://futabamodel.co.jp/,futabamodel.co.jp,recruit@futabamodel.co.jp,https://futabamodel.co.jp/contact/,both,A,omotenashi,,,
丸安洋傘株式会社,https://maruyasuweb.jp/,maruyasuweb.jp,,https://maruyasuweb.jp/contact/,form,B,omotenashi,,,
グローアンドグロー株式会社,https://gro-glo.co.jp/,gro-glo.co.jp,,,none,none,omotenashi,,,
梅研本舗ジャパン株式会社,https://www.umeken-japan.com/?srsltid=AfmBOoootizJ4YUMGAJ4pvSZkGqjbyy3rps5WjApyD0OVhR5zuJy705R,umeken-japan.com,umeken@umeken-japan.com,https://www.umeken-japan.com/?srsltid=AfmBOoootizJ4YUMGAJ4pvSZkGqjbyy3rps5WjApyD0OVhR5zuJy705R,both,A,omotenashi,,,
3minkimono株式会社,https://3minkimono.com/ja/collections/frontpage,3minkimono.com,mio@3minkimono.com,https://3minkimono.com/ja/policies/contact-information,both,A,omotenashi,,,
有限会社大真産業,https://daishinsg.com/,daishinsg.com,,https://daishinsg.com/contact/,form,B,omotenashi,,,
株式会社八恵堂,https://hakkeido.com/?srsltid=AfmBOoqd_OI0T55J0t5Cle2MIgJTnR7keXYyOZHjUsjHxTogNqAMMz4g,hakkeido.com,,https://hakkeido.com/pages/company_contact,form,B,omotenashi,,,
とろり天使のわらびもち株式会社,https://www.torori-tenshi-no-warabimochi.com/,torori-tenshi-no-warabimochi.com,info@torori-tenshi-no-warabimochi.com,https://www.torori-tenshi-no-warabimochi.com/contact,both,A,omotenashi,,,
株式会社ヒルズ・ファーム,https://hills-firm.co.jp/,hills-firm.co.jp,,https://hills-firm.co.jp/,form,B,omotenashi,,,
株式会社シーウィングス,https://www.seawings-group.com/,seawings-group.com,info@seawings-group.com,https://web.gogo.jp/seawings-group/form/corporation,both,A,omotenashi,,,
ウフウフガーデン（株式会社山田鶏卵）,http://www.ufuuhugarden.com/,ufuuhugarden.com,,,none,none,omotenashi,,,
有限会社高橋木工製作所,https://www.mokkou-ss.com/,mokkou-ss.com,,https://www.mokkou-ss.com/contact/faq.html,form,B,omotenashi,,,
株式会社ブライテスト,https://www.brightest-w.com/,brightest-w.com,,,none,none,omotenashi,,,
有限会社平川食品工業,https://www.saga-hirakawaya.jp/,saga-hirakawaya.jp,hello@saga-hirakawaya.co.jp,https://saga-hirakawaya.jp/brand/contact/,both,A,omotenashi,,,1
合同会社まっかなほんと,https://www.makka-na-honto.com/,makka-na-honto.com,,,none,none,omotenashi,,,
家具工房 旅する木,https://www.tabisuruki.com/,tabisuruki.com,kagu@tabisuruki.com,https://www.tabisuruki.com/,both,A,omotenashi,,,
株式会社SIX,https://sixinc.jp/,sixinc.jp,,,none,none,omotenashi,,,
大山崎油座商店【ナルックスホールディングス株式会社】,https://oyamazaki-aburaza-syoten.com/,oyamazaki-aburaza-syoten.com,info_agri@nalux.co.jp,https://oyamazaki-aburaza-syoten.com/pages/contact,both,A,omotenashi,,,1
三洋興産株式会社,https://sanyoukousan.com/,sanyoukousan.com,info@mypapit.net,https://sanyoukousan.com/pages/11/,both,A,omotenashi,,,1
Kuma3,https://www.ginza-kuma3cake.com/,ginza-kuma3cake.com,,,none,none,omotenashi,,,
Cyberbeauty株式会社,https://www.cyberbeauty.info/,cyberbeauty.info,,,none,none,omotenashi,,,
HAWSTONE株式会社,https://www.hawstone.jp/,hawstone.jp,info@hawstone.ltd,,email,A,omotenashi,,,1
テクシる,https://texsil.jp/,texsil.jp,info@texsil.jp,https://texsil.jp/,both,A,omotenashi,,,
日東電化工業株式会社,https://www.nitto-ec.co.jp/,nitto-ec.co.jp,,http://www.nitto-ec.co.jp/contact/,form,B,omotenashi,,,
株式会社和工,https://www.wakoh.net/,wakoh.net,,https://www.wakoh.net/inquiry.html,form,B,omotenashi,,,
ケイナンクリーン株式会社,https://www.keinan-clean.com/,keinan-clean.com,,https://www.keinan-clean.com/contact/index.cgi,form,B,omotenashi,,,
Braria（株式会社Beautiful People）,https://beautiful-people.jp/?srsltid=AfmBOopez0qNkVauVQSa-7uR3BEOKXYOxY6xwOeY2tbevF9UuVkbYrW-,beautiful-people.jp,,https://beautiful-people.jp/pages/contact,form,B,omotenashi,,,
株式会社菅野漬物食品,https://www.tamagoya.jp/,tamagoya.jp,,https://tamagoya.jp/contact/,form,B,omotenashi,,,
株式会社Qvou,https://qvou.com/,qvou.com,info@qvou.com,https://qvou.com/company-info/,both,A,omotenashi,,,
ツボサン株式会社,https://tsubosan.co.jp/,tsubosan.co.jp,,https://tsubosan.co.jp/contact/,form,B,omotenashi,,,
株式会社byJAPAN,https://gozzo.byjapan.co.jp/company,gozzo.byjapan.co.jp,info@byjapan.co.jp,https://gozzo.byjapan.co.jp/company,both,A,omotenashi,,,1
KAZUOモクザイ（有限会社古場一男材木店）,https://www.kazuomokuzai.jp/,kazuomokuzai.jp,kazuomokuzai@hotmail.com,https://www.kazuomokuzai.jp/login/inquiryedit,both,A,omotenashi,,1,
木曽川染絨株式会社（kiso natural dye）,https://kisonaturaldye.com/,kisonaturaldye.com,,https://kisonaturaldye.shop-pro.jp/customer/inquiries/new,form,B,omotenashi,,,
株式会社正木屋材木店,https://masakiyawood.com/,masakiyawood.com,,https://masakiyawood.com/contact/,form,B,omotenashi,,,
有限会社ノアランド,https://hinoya.jp/company/,hinoya.jp,,https://hinoya.jp/contact/,form,B,omotenashi,,,
株式会社高橋高音堂,https://kouondou.com/,kouondou.com,,,none,none,omotenashi,,,
株式会社イチカワ,https://www.ichikawa.co.jp/,ichikawa.co.jp,,https://www.ichikawa.co.jp/contact/,form,B,omotenashi,,,
有限会社シライデザイン,https://www.shiraidesign.co.jp/,shiraidesign.co.jp,shirai@cd5.so-net.ne.jp,https://www.shiraidesign.co.jp/,both,A,omotenashi,,,1
datta.沖縄南の島陶芸工房（有限会社オキナワロイヤルクラフト）,https://datta.jp/,datta.jp,,https://datta.jp/?mode=privacy,form,B,omotenashi,,,
株式会社表参道美容研究所,https://genoashop.net/?srsltid=AfmBOortqgap_aFDdsin1_tnXs5bCKuYE0VZGinY3aweqDDPLBRKwkuO,genoashop.net,info@genoashop.net,https://genoashop.net/#information,both,A,omotenashi,,,
トップサート株式会社,https://rokusuiren.com/,rokusuiren.com,yukiko@top-sart.com,https://rokusuiren.com/pages/contact,both,A,omotenashi,,,1
COZY COFFEE,https://www.cozycoffee.club/,cozycoffee.club,,,none,none,omotenashi,,,
香りラボ sidefield（株式会社横田仏壇店）,https://kaorilabsidefield.hp.peraichi.com/,kaorilabsidefield.hp.peraichi.com,isashi@yokotabutudan.com,,email,A,omotenashi,,,1
迫田刃物,https://sakodahamono.com/,sakodahamono.com,sakodahamono@sml.jp,https://sakodahamono.com/%E8%BF%AB%E7%94%B0%E5%88%83%E7%89%A9%E3%81%8A%E5%95%8F%E3%81%84%E5%90%88%E3%82%8F%E3%81%9B%E3%83%9A%E3%83%BC%E3%82%B8_hgeysndoe67ajklijhhggg00/,both,A,omotenashi,,,1
有限会社小張精米店,http://www.cam.hi-ho.ne.jp/kobariseimaiten/,cam.hi-ho.ne.jp,fkobariseimaiten@fol.hi-ho.ne.jp,,email,A,omotenashi,,,1
金砂郷食品株式会社,https://www.sitogi.jp/,sitogi.jp,,,none,none,omotenashi,,,
株式会社マルゼン,https://www.maruzen-kitchen.co.jp/,maruzen-kitchen.co.jp,,,none,none,omotenashi,,,
株式会社ケイス,https://www.case-style.com/,case-style.com,,https://www.case-style.com/contact,form,B,omotenashi,,,
有限会社木村卯兵衛商店,http://kimurauhei.co.jp/,kimurauhei.co.jp,kimura1738@nifty.com,,email,A,omotenashi,,,1
株式会社はくばく,https://www.hakubaku.co.jp/,hakubaku.co.jp,,https://www.hakubaku.co.jp/customer/,form,B,omotenashi;satofull,,,
株式会社FO.P,https://www.fop-japan.co.jp/,fop-japan.co.jp,privacy@fop-japan.co.jp,https://www.fop-japan.co.jp/,both,A,omotenashi,,,
メゾン ランドゥメンヌ ジャポン,https://www.maisonlandemainejapon.com/,maisonlandemainejapon.com,,https://www.maisonlandemainejapon.com/contact,form,B,omotenashi,,,
有限会社印鑑の西野オンライン工房,https://e-nisino.com/?srsltid=AfmBOood_Zk16lpY2AKHPUivcSsNTFFBMQOz_YmqyZ6gNPjcNMGL3WTG,e-nisino.com,,https://e-nisino.com/adresform77/,form,B,omotenashi,,,
株式会社ソルテラス,https://www.buluga.co.jp/corp,buluga.co.jp,info@soltelas.com,,email,A,omotenashi,,,1
株式会社KARAFURU,https://www.karafuru.jp/,karafuru.jp,info@karafuru.jp,https://www.karafuru.jp/pages/aftersupport,both,A,omotenashi,,,
農家と薬味小作（一般社団法人杉水）,https://suginomizu.thebase.in/,suginomizu.thebase.in,,,none,none,omotenashi,,,
株式会社チェントトレンタ,https://centotrenta.co.jp/,centotrenta.co.jp,,https://centotrenta.co.jp/,form,B,omotenashi,,,
有限会社柴田慶信商店,https://magewappa.com/?srsltid=AfmBOop64kg1FwLp6f7KZ6YSluc3kqddabCtUozgSEEu0G9kMTjtaUGt,magewappa.com,info@magewappa.com,https://magewappa.com/pages/contactus,both,A,omotenashi,,,
有限会社アリス・インターナショナル,https://baby-alice.co.jp/,baby-alice.co.jp,info@alice-in.com,https://baby-alice.co.jp/2026/02/13/child-morning-cold-support-project/,both,A,omotenashi,,,1
有限会社エニシング,https://anything.ne.jp/?srsltid=AfmBOoquV_wb--ikz7DZ1AWGODJO0p_VO07xrqx7iOPNBlelZYqQNm5A,anything.ne.jp,eng@anything.ne.jp,https://anything.ne.jp/?srsltid=AfmBOoquV_wb--ikz7DZ1AWGODJO0p_VO07xrqx7iOPNBlelZYqQNm5A,both,A,omotenashi,,,
アイディーテンジャパン株式会社,https://id10.jp/,id10.jp,,https://id10.jp/company,form,B,omotenashi,,,
株式会社グラン・ママ奈良,https://www.grandmama-nara.co.jp/,grandmama-nara.co.jp,,,none,none,omotenashi,,,
有限会社吉永鰹節店,https://www.tosano-katsuoya.co.jp/,tosano-katsuoya.co.jp,shopmaster@tosano-katsuoya.co.jp,https://www.tosano-katsuoya.co.jp/,both,A,omotenashi,,,
株式会社ロゼッタコーヒージャパン,https://www.rosetta-caffe.jp/,rosetta-caffe.jp,,https://www.rosetta-caffe.jp/contact,form,B,omotenashi,,,
株式会社諸井醸造,https://www.shottsuru.jp/,shottsuru.jp,,https://www.shottsuru.jp/inquire/,form,B,omotenashi,,,
真澄結びのKTP,https://masumi-ktp.jp/,masumi-ktp.jp,,https://masumi-ktp.jp/access-and-contact/,form,B,omotenashi,,,
有限会社大伸,https://daishin-st.com/,daishin-st.com,,https://daishin-st.com/contact.html,form,B,omotenashi,,,
株式会社グースカンパニー,https://goosecompany.com/,goosecompany.com,kouhou@babygoose.co.jp,https://goosecompany.com/,both,A,omotenashi,,,1
株式会社百養美人,https://hyakuyou-bijin.co.jp/?cat=70,hyakuyou-bijin.co.jp,contact@hyakuyou-bijin.co.jp,https://hyakuyou-bijin.co.jp/?cat=70,both,A,omotenashi,,,
和尚株式会社,https://www.washo.net/,washo.net,,https://www.washo.net/#information_165,form,B,omotenashi,,,
株式会社山ヨ榊原商店,https://yamayo-nori.jp/,yamayo-nori.jp,nori-yamayo@luck.ocn.ne.jp,https://yamayo-nori.jp/contact/,both,A,omotenashi,,,1
株式会社常陸風月堂,https://www.fugetsudo.net/,fugetsudo.net,,https://www.fugetsudo.net/contact,form,B,omotenashi,,,
Ai ga to（株式会社ジーアールコミュニケート）,https://aigato.jp/products/list?srsltid=AfmBOopobbYcPlzxuJRRM5vZVIvDj2WZFrYAIo3EtejsOFznMrvREWA9,aigato.jp,info@aigato.jp,https://aigato.jp/contact,both,A,omotenashi,,,
株式会社石川技研,https://www.g-ishikawa.co.jp/,g-ishikawa.co.jp,,https://www.g-ishikawa.co.jp/contact/,form,B,omotenashi,,,
株式会社Excess Beauty,https://excess-beauty.com/,excess-beauty.com,info@excess-beauty.com,https://excess-beauty.com/contact.html,both,A,omotenashi,,,
博多 浜や,https://www.hamaya-shop.net/?srsltid=AfmBOorLAqBBJWtg55elUW3tnMnQjEstl0zP7eiPIx0TRDFpIEyfzGqs,hamaya-shop.net,hamaya.info@gmail.com,https://www.hamaya-shop.net/?srsltid=AfmBOorLAqBBJWtg55elUW3tnMnQjEstl0zP7eiPIx0TRDFpIEyfzGqs,both,A,omotenashi,,1,
クルン株式会社,https://kurun.official.ec/,kurun.official.ec,,https://kurun.official.ec/about,form,B,omotenashi,,,
バリューマネジメント株式会社,https://www.vmc.co.jp/,vmc.co.jp,,https://www.vmc.co.jp/contact/,form,B,omotenashi,,,
株式会社シケン,https://www.shiken-jp.com/,shiken-jp.com,,https://www.shiken-jp.com/contact/,form,B,omotenashi,,,
トキリン株式会社,https://tkilyn.co.jp/,tkilyn.co.jp,,,none,none,omotenashi,,,
株式会社アバンギャルド,https://avantgardeoutdoor.com/?srsltid=AfmBOorVFsl0VCUBl_9eaeUnlCej-fHD_XYw-F4ZXSlt6QzpIFyI-_ey,avantgardeoutdoor.com,info@avantgardeoutdoor.com,https://avantgardeoutdoor.com/?srsltid=AfmBOorVFsl0VCUBl_9eaeUnlCej-fHD_XYw-F4ZXSlt6QzpIFyI-_ey,both,A,omotenashi,,,
ひさだアートインダストリー株式会社,https://hisada1899.com/,hisada1899.com,hair@hisada1899.com,https://hisada1899.com/,both,A,omotenashi,,,
株式会社かまいしDMC,https://kamaishi-dmc.com/,kamaishi-dmc.com,,https://kamaishi-dmc.com/contact/,form,B,omotenashi,,,
株式会社アークリード,https://arc-lead.com/,arc-lead.com,yamaguchi@arc-lead.com,https://arc-lead.com/,both,A,omotenashi,,,
株式会社ヘアテック・ジャパン,https://www.airtech-japan.co.jp/,airtech-japan.co.jp,,https://www.airtech-japan.co.jp/contact/,form,B,omotenashi,,,
Wa Nail （株式会社レモテ）,https://wanail.com/ja-jp,wanail.com,info@wanail.com,https://wanail.com/ja-jp/pages/contact,both,A,omotenashi,,,
AYAMI JEWELRY,https://www.ayamijewelry.com/collection.html,ayamijewelry.com,,https://misty-collection.co.jp/view/company,form,B,omotenashi,,,
株式会社わくわくお米本舗,https://www.waku2okome.com/,waku2okome.com,,https://www.waku2okome.com/contact,form,B,omotenashi,,,
株式会社旅館たにがわ 別邸仙寿庵,https://www.senjyuan.jp/,senjyuan.jp,info@senjyuan.jp,https://www.senjyuan.jp/contact/,both,A,omotenashi,,,
有限会社 浩之勗,https://www.hironosuke.net/hironosuke,hironosuke.net,,https://www.hironosuke.net/hironosuke,form,B,omotenashi,,,
遠州スプリング有限会社,https://www.enshu-spring.co.jp/,enshu-spring.co.jp,mail@enshu-spring.co.jp,https://www.enshu-spring.co.jp/contact,both,A,omotenashi,,,
西村友禅彫刻店,https://nishimura-yuzen-chokoku.com/,nishimura-yuzen-chokoku.com,,https://nishimura-yuzen-chokoku.com/,form,B,omotenashi,,,
株式会社メモリアルアートの大野屋,https://www.ohnoya.co.jp/,ohnoya.co.jp,,https://www.ohnoya.co.jp/contact/,form,B,omotenashi,,,
株式会社林吾,https://www.hayashi-go.co.jp/,hayashi-go.co.jp,,https://www.hayashi-go.co.jp/index.html#about,form,B,omotenashi,,,
MAIMO（株式会社KURUKURU）,https://maimo-travel.com/pages/company?srsltid=AfmBOooVLXhIRVOIX80E5hEW0QtkIMpbKMKBofWiH4uXhe9YjTYn4Uo4,maimo-travel.com,support@maimo-travel.com,https://maimo-travel.com/pages/contact,both,A,omotenashi,,,
藤井株式会社,https://yamatomomen-fujii.com/,yamatomomen-fujii.com,,https://yamatomomen-fujii.com/contact,form,B,omotenashi,,,
北海道ナチュラルバイオグループ株式会社,https://hokkaido-nb.jp/,hokkaido-nb.jp,,,none,none,omotenashi,,,
株式会社堀口切子,https://kiriko.biz/,kiriko.biz,info@kiriko.biz,https://kiriko.biz/,both,A,omotenashi,,,
有限会社白鷺木工,https://www.shirasagi-mk.com/,shirasagi-mk.com,,,none,none,omotenashi,,,
豆腐工房 ぬくもり畑,https://www.nukumori-batake.com/?srsltid=AfmBOooktBuqx9GR-kxZco6ce6UF0WsZ5zu4BRlF5sA9EEAuzcjVzoui,nukumori-batake.com,info@nukumori-batake.com,https://www.nukumori-batake.com//contact,both,A,omotenashi,,,
有限会社プラスチャーミング,https://plus-charming.shop/,plus-charming.shop,,https://plus-charming.shop/pages/contact,form,B,omotenashi,,,
株式会社新香,https://www.sin-ko.co.jp/,sin-ko.co.jp,,https://www.sin-ko.co.jp/contact/,form,B,omotenashi,,,
株式会社グッド,https://www.good-good.co.jp/,good-good.co.jp,official@good-good.co.jp,https://www.good-good.co.jp/contact/,both,A,omotenashi,,,
株式会社S・S・I,https://www.s-s-i.jp/,s-s-i.jp,,https://www.s-s-i.jp/mailform/,form,B,omotenashi,,,
株式会社クリエイターズ,https://creators.me/,creators.me,info@creators.me,https://creators.me/,both,A,omotenashi,,,
扇酒屋堂株式会社,https://ougisakayado.com/,ougisakayado.com,info@ougisakayado.com,,email,A,omotenashi,,,
株式会社糀屋三左衛門,https://kojiyasanzaemon.store/,kojiyasanzaemon.store,alerts@restockrocket.io,https://kojiyasanzaemon.store/,both,A,omotenashi,,,1
九州薪販売センター（株式会社折園）,https://9shu-maki.com/,9shu-maki.com,,https://9shu-maki.com/commerce/,form,B,omotenashi,,,
株式会社庫や,https://www.kuraya-group.co.jp/,kuraya-group.co.jp,,https://www.kuraya-group.co.jp/contact/,form,B,omotenashi,,,
小林保温工業株式会社,https://rcorrect.jp/,rcorrect.jp,kobayashi@rcorrect.com,https://rcorrect.jp/,both,A,omotenashi,,,1
株式会社優雅「オーガニックコットンyuga」,https://yugastore.jp/?srsltid=AfmBOop-gcA_wCZkiUdVXjt3_wbYXAI3SMI3WQjjMlzrYs-xoNR7sQRs,yugastore.jp,store@yugacolor.com,https://yugastore.jp/?srsltid=AfmBOop-gcA_wCZkiUdVXjt3_wbYXAI3SMI3WQjjMlzrYs-xoNR7sQRs,both,A,omotenashi,,,1
株式会社諏訪田製作所,https://www.suwada.co.jp/,suwada.co.jp,support@suwadalondon.co.uk,https://www.suwada.co.jp/contact_ja,both,A,omotenashi;ambiente_direct,,,1
株式会社LABOT,https://www.labot.co.jp/,labot.co.jp,labot@labot.co.jp,https://www.labot.co.jp/contact,both,A,omotenashi,,,
革のある暮らし,https://store.lwl.jp/?srsltid=AfmBOorFixIvSvtgusQKIcTlThi8B01vdKIXSJ9lHrdUeEeoAtH5tBCW,store.lwl.jp,info@lwl.jp,https://store.lwl.jp/pages/contact,both,A,omotenashi,,,1
えがちゃん農園,https://egachan-nouen.com/,egachan-nouen.com,,https://egachan-nouen.com/inquiry/75.html,form,B,omotenashi,,,
有限会社プロシード（プロモンテファーム）,https://promontefarm.com/,promontefarm.com,,https://promontefarm.com/contact,form,B,omotenashi,,,
ペーパリー株式会社,https://www.kingjim.co.jp/sp/boogieboard/bb18.html,kingjim.co.jp,,https://www.kingjim.co.jp/popup/bbscan/compatible.html,form,B,omotenashi,,,
有限会社杉野商店,https://www.firm-sugino.jp/,firm-sugino.jp,,https://www.firm-sugino.jp/form.html,form,B,omotenashi,,,
ロンネフェルト・ティ・サロン・名古屋,https://ronnenagoya.com/,ronnenagoya.com,staff@hisho3.com,https://ronnenagoya.com/shop/contact/draft,both,A,omotenashi,,,1
菊一輪,https://kikuichirin.org/,kikuichirin.org,contact_kikuichirin@watase-group.sakura.ne.jp,https://kikuichirin.org/,both,A,omotenashi,,,1
株式会社元気移人研究所,https://genkiijin.jp/,genkiijin.jp,info@genkiijin.jp,https://genkiijin.jp/cheering_form/,both,A,omotenashi,,,
農業生産法人 株式会社森ライス,https://www.moririce.co.jp/,moririce.co.jp,gifunokome@moririce.co.jp,https://www.moririce.co.jp/,both,A,omotenashi,,,
プレジール株式会社,https://plaisir-f.com/,plaisir-f.com,,https://plaisir-f.com/contact/,form,B,omotenashi,,,
株式会社マイコビクス,http://micobics.com/,micobics.com,info@micobics.com,http://micobics.com/cleaner.html#cleaner,both,A,omotenashi,,,
株式会社アルセル,https://www.alseru.com/,alseru.com,,https://www.alseru.com/,form,B,omotenashi,,,
Mon Conamon,https://www.moncona.jp/,moncona.jp,,https://www.moncona.jp/login/inquiryedit,form,B,omotenashi,,,
FOLLISSI（株式会社フェミウェル）,https://femiwell.co.jp/,femiwell.co.jp,info@femiwell.co.jp,,email,A,omotenashi,,,
株式会社サンテフレスコ,https://www.thankyou-bayu.com/?srsltid=AfmBOoqy2Ecpy9C9TyQwfYKjU-REMPTpALo7TAv-PK5vAOECGn_w8QV-,thankyou-bayu.com,info@thankyou-bayu.com,https://www.thankyou-bayu.com/contact/,both,A,omotenashi,,,
株式会社漁師村,https://www.ryoushi-mura.com/,ryoushi-mura.com,,,none,none,omotenashi,,,
平野缶詰有限会社,https://yakumo-enmusubi.tkc.best-hp.jp/,yakumo-enmusubi.tkc.best-hp.jp,,https://web.gogo.jp/yakumo-enmusubi/form/contact,form,B,omotenashi,,,
IIOプロデュース株式会社,https://iio-produce.jp/,iio-produce.jp,,https://iio-produce.jp/contact,form,B,omotenashi,,,
株式会社宏昇製作所,https://www.hirosho-ss.com/,hirosho-ss.com,,https://www.hirosho-ss.com/contact,form,B,omotenashi,,,
Chilty株式会社,https://www.chilltea-tokyo.com/,chilltea-tokyo.com,info@chilty.com,https://www.chilltea-tokyo.com/,both,A,omotenashi,,,1
株式会社QINUDE,https://qinude.jp/,qinude.jp,,https://qinude.jp/contact.html,form,B,omotenashi,,,
渡明織物,https://hatajirushi.jp/home,hatajirushi.jp,,https://hatajirushi.jp/contact,form,B,omotenashi,,,
浅草ハム株式会社,https://www.asakusa-ham.co.jp/,asakusa-ham.co.jp,honsya@asakusa-ham.co.jp,https://www.asakusa-ham.co.jp/contact/,both,A,omotenashi,,,
株式会社ごはん,https://gohan-company.com/,gohan-company.com,,https://gohan-company.com/,form,B,omotenashi,,,
マルキン印（金井産業株式会社）,https://kanai-marukin.com/,kanai-marukin.com,,https://kanai-marukin.com/contact/,form,B,omotenashi,,,
Wackプランニング株式会社,https://from-earth.org/index.html,from-earth.org,,https://from-earth.org/contact/form/index.html,form,B,omotenashi,,,
有限会社落合製材所,https://www.ochiaiseizai.com/,ochiaiseizai.com,,,none,none,omotenashi,,,
株式会社Spesia,https://spesia.co.jp/,spesia.co.jp,t-jinnouchi@spesia.net,https://spesia.co.jp/inquiry/,both,A,omotenashi,,,1
株式会社いちばんぼし,https://ichiban-boshi.com/?srsltid=AfmBOooxDpedYzJUenpHnLUPCQfp8GqXYESX1VwstoBpO80-jwx7yPPR,ichiban-boshi.com,info@ichiban-boshi.com,https://ichiban-boshi.com/shop/contact/draft,both,A,omotenashi,,,
株式会社長沼あいす,https://icenoie.info/,icenoie.info,,https://icenoie.info/contact/,form,B,omotenashi,,,
株式会社成和,https://www.seiwa.tv/,seiwa.tv,,https://www.seiwa.tv/,form,B,omotenashi,,,
ホーユー株式会社,https://www.hoyu.co.jp/,hoyu.co.jp,,https://www.hoyu.co.jp/customer/,form,B,omotenashi,,,
武蔵ワイナリー株式会社,https://musashiwinery.com/,musashiwinery.com,musashiwinery@gmail.com,https://musashiwinery.com/contact/,both,A,omotenashi,,1,
株式会社田代食品,https://tashirosyokuhin-tofu.co.jp/,tashirosyokuhin-tofu.co.jp,info@tashirosyokuhin-tofu.co.jp,https://tashirosyokuhin-tofu.co.jp/contact/,both,A,omotenashi,,,
株式会社日本一金物店,https://www.nihonichi-k.com/,nihonichi-k.com,,https://www.nihonichi-k.com/login/inquiryedit,form,B,omotenashi,,,
株式会社airprotection HITOFURIプロジェクト,https://hitofuriproject.com/?srsltid=AfmBOooxfN66QdwfC-hd4vzp3SmVVRO3D42zpDPf1Z2ZAdVyXPjAwXKx,hitofuriproject.com,info@hitofuriproject.com,https://hitofuriproject.com/pages/contact,both,A,omotenashi,,,
江の浦海苔本舗,https://enouranori.com/,enouranori.com,info@enouranori.com,https://enouranori.com/?mode=privacy,both,A,omotenashi,,,
エンジェル工房SHIHO,https://pipocchi.com/?srsltid=AfmBOorKKR_Y302s5-tZhg6kk2EOH8UzSxjdEuMt571y89dAskZQspIl,pipocchi.com,pipocchiinfo@gmail.com,https://pipocchi.com/blogs/information,both,A,omotenashi,,1,
株式会社Dr.高須英津子コスメ,https://jullants.jp/,jullants.jp,customer@jullants.jp,https://jullants.jp/,both,A,omotenashi,,,
有限会社与佐ヱ門,https://www.yozaemon.jp/,yozaemon.jp,info@michinoeki-ichikawa.jp,https://www.yozaemon.jp/,both,A,omotenashi,,,1
日本近代礼法,https://kindaireiho.com/,kindaireiho.com,,https://kindaireiho.com/contact/,form,B,omotenashi,,,
株式会社アクティフリー,https://actyfree.jp/,actyfree.jp,contact@actyfree.jp,https://actyfree.jp/contact/,both,A,omotenashi,,,
京鹿六せんべい本舗（池本車体工業株式会社）,https://kyokaroku.jp/,kyokaroku.jp,,https://kyokaroku.jp/contact/,form,B,omotenashi,,,
ユニトライク株式会社,https://unique-office.com/,unique-office.com,,https://unique-office.com/contact/,form,B,omotenashi,,,
株式会社アラミック,https://www.arromic.co.jp/,arromic.co.jp,onlinestore@arromic.co.jp,https://www.arromic.co.jp/contact/,both,A,omotenashi,,,
宮崎ひだか（丸一株式会社）,http://ryouteihidaka.com/,ryouteihidaka.com,,http://ryouteihidaka.com/index.php?cmd=qhmauth,form,B,omotenashi,,,
株式会社高井商店,http://www.takai-shoten.com/,takai-shoten.com,,https://www.takai-shoten.com/contact,form,B,omotenashi,,,
有限会社渡辺水産,https://www.watanabe-suisan.co.jp/,watanabe-suisan.co.jp,,https://www.watanabe-suisan.co.jp/contact,form,B,omotenashi,,,
有限会社松本魚問屋,https://matsumoto-uodonya.co.jp/,matsumoto-uodonya.co.jp,info@matsumoto-uodonya.co.jp,https://matsumoto-uodonya.co.jp/privacy/,both,A,omotenashi,,,
釜屋（株式会社カネリョウ商店）,https://kamaya-kaneryo.com/?srsltid=AfmBOoqIk6fFYcNtxk8UJckacwJKcoQLJCqHafZSlcWkUCBZsCRCIFrA,kamaya-kaneryo.com,kaneryou@theia.ocn.ne.jp,https://kamaya-kaneryo.com/pages/contact,both,A,omotenashi,,,1
農業生産法人有限会社白川ファーム,https://shirakawafarm.shop/,shirakawafarm.shop,,https://shirakawafarm.shop/?mode=privacy,form,B,omotenashi,,,
合同会社NOM,https://www.nom-official.jp/llc-nom,nom-official.jp,info@nom-official.jp,https://www.nom-official.jp/%E3%81%8A%E5%95%8F%E3%81%84%E5%90%88%E3%82%8F%E3%81%9B,both,A,omotenashi,,,
株式会社38研究所,https://www.38explore.com/,38explore.com,,https://www.38explore.com/about,form,B,omotenashi,,,
有限会社オーセンエンジニアリング（玉川小町）,https://authen-net.shop/?srsltid=AfmBOoqP7QVOheeTAjgTB-_XZmvDAw1HYl9RDuaBH-eDAOo1CIqa74Gf,authen-net.shop,,,none,none,omotenashi,,,
株式会社Kurumi,https://kurumi.co.jp/,kurumi.co.jp,contact@kurumi-inc.com,https://kurumi.co.jp/#support,both,A,omotenashi,,,1
株式会社QIX,https://www.qix.co.jp/,qix.co.jp,info@qix.co.jp,https://www.qix.co.jp/brands/joyzze/#support-service,both,A,omotenashi,,,
株式会社MonoProgram,https://mono-program.co.jp/,mono-program.co.jp,common@mono-program.co.jp,,email,A,omotenashi,,,
Synk株式会社,https://www.synk.co.jp/,synk.co.jp,info@synk.co.jp,https://www.synk.co.jp/contact.html,both,A,omotenashi,,,
しゃかいデザイン株式会社,https://teshigotoclub.com/pages/corporate?srsltid=AfmBOorj2nLyb0Tu_V_DNjRmXHfMPMcdfxOhePhg8mQN7QNMNYatsR8o,teshigotoclub.com,info.miekobayashi.22@gmail.com,https://teshigotoclub.com/pages/about-us,both,A,omotenashi,,1,
株式会社hanafu,https://hanafu.com/,hanafu.com,,,none,none,omotenashi,,,
博多あき津゛（株式会社ビー・アズ）,https://www.akizu.co.jp/,akizu.co.jp,,https://www.akizu.co.jp/#makeshop-common-contact-url,form,B,omotenashi,,,
株式会社ピー・エス・インターナショナル,https://www.ps-intl.co.jp/,ps-intl.co.jp,,https://www.ps-intl.co.jp/agreement,form,B,omotenashi,,,
わがらん家,https://citykumano.jp/,citykumano.jp,,https://citykumano.jp/contact/,form,B,omotenashi,,,
SAKE Generation株式会社,https://1chido.jp/?srsltid=AfmBOorbtfH1Wj879BlUwuKdGXc7oKmvNgKstDRU2gTnKCTVWfr3LUc4,1chido.jp,contact@sake-g.com,https://1chido.jp/?srsltid=AfmBOorbtfH1Wj879BlUwuKdGXc7oKmvNgKstDRU2gTnKCTVWfr3LUc4,both,A,omotenashi,,,1
株式会社ビービーラボラトリーズ,https://www.bb-lab.com/,bb-lab.com,,,none,none,omotenashi,,,
株式会社イー・エス・エス,https://www.ess.ne.jp/,ess.ne.jp,,https://www.ess.ne.jp/beauty-information/post-30278,form,B,omotenashi,,,
紅花食品株式会社,https://www.benibana.jp/,benibana.jp,,https://www.benibana.jp/,form,B,omotenashi,,,
株式会社秋田屋本店,http://www.akitayahonten.co.jp/,akitayahonten.co.jp,info@akitayahonten.co.jp,https://www.akitayahonten.co.jp/,both,A,omotenashi,,,
蒼築舎株式会社,https://tutikabe.net/,tutikabe.net,,https://tutikabe.net/contact/,form,B,omotenashi,,,
株式会社TOKIO Lab,https://tokio-lab.com/,tokio-lab.com,info@tokio-lab.com,https://tokio-lab.com/contact.php,both,A,omotenashi,,,
株式会社FORVES.,https://www.forves.co.jp/,forves.co.jp,info@forves.co.jp,https://www.forves.co.jp/,both,A,omotenashi,,,
広島筆産業株式会社,https://www.artbrush-hiroshima.com/,artbrush-hiroshima.com,kojohen@artbrush-hiroshima.com,https://www.artbrush-hiroshima.com/contact/,both,A,omotenashi,,,
株式会社ミレックスジャパン,http://millex-japan.jp/,millex-japan.jp,info@millex-japan.jp,http://millex-japan.jp/,both,A,omotenashi,,,
熊養蜂,https://mitsuhime-honey.com/,mitsuhime-honey.com,support@shopify.com,https://mitsuhime-honey.com/,both,A,omotenashi,,,1
株式会社MIKURA,https://mikura.jp/,mikura.jp,,https://mikura.jp/category/information/,form,B,omotenashi,,,
日産自動車株式会社,https://www.nissan.co.jp/,nissan.co.jp,,https://www.nissan.co.jp/CONFIGURATOR/SIMULATOR/?rstid=20140314rst000010005,form,B,omotenashi,,,
合同会社simclear,https://www.simclear.com/,simclear.com,,https://www.simclear.com/contacts.html,form,B,omotenashi,,,
味工房ふ～でゅ～す（株式会社ふ～でゅ～す）,https://www.fooduce.jp/,fooduce.jp,,,none,none,omotenashi,,,
株式会社ビ・マジーク,https://www.vie-magique.com/,vie-magique.com,info@vie-magique.com,https://www.vie-magique.com/blog/information/,both,A,omotenashi,,,
株式会社ハセガワ,http://www.hasegawa-model.co.jp/,hasegawa-model.co.jp,hsghp@hasegawa-model.co.jp,,email,A,omotenashi,,,
香山 善弘,https://moon-clay.com/,moon-clay.com,,https://moon-clay.com/contact/,form,B,omotenashi,,,
shodai bio nature（株式会社agricoeules）,https://shodaibionature.net/?srsltid=AfmBOorfXO8h0JqdUX4-ohr5jbnJRivKPi2vc74gSQ8THou8Mn0dTLjN,shodaibionature.net,,https://shodaibionature.net/pages/contact,form,B,omotenashi,,,
コーワフード株式会社,https://www.nihonichi.jp/aboutus/company-kowa,nihonichi.jp,info@nihonichi.jp,https://www.nihonichi.jp/contact/,both,A,omotenashi,,,
尾道造酢株式会社,https://kakuhoshisu-onomiti.com/,kakuhoshisu-onomiti.com,info@kakuhoshisu-onomiti.com,https://kakuhoshisu-onomiti.com/contact.php,both,A,omotenashi,,,
龍野コルク工業株式会社,https://www.tatsuno-cork.co.jp/,tatsuno-cork.co.jp,,https://www.tatsuno-cork.co.jp/contact/,form,B,omotenashi,,,
美噌元（株式会社諸国美味）,https://www.misogen-online.com/,misogen-online.com,customer@misogen.com,https://www.misogen-online.com/,both,A,omotenashi,,,1
フジコーワ工業株式会社,https://www.fujikowa.co.jp/,fujikowa.co.jp,info@fujikowa.co.jp,https://www.fujikowa.co.jp/customer/,both,A,omotenashi,,,
有限会社益野製菓 ムッシュ・マスノ アルパジョン,https://www.arpajon-sendai.com/,arpajon-sendai.com,,https://www.arpajon-sendai.com/corporate-orders/,form,B,omotenashi,,,
有限会社十勝スロウフード,https://www.gyutoro.com/?srsltid=AfmBOoo9lK6bUG4PSdKloTfBVZhKPgWTgxoOPQujl5b8ilsZ4DgNCml3,gyutoro.com,,https://www.gyutoro.com/hpgen/HPB/shop/policy.html,form,B,omotenashi,,,
有限会社農業法人清里ジャム,https://kiyosatojam.com/,kiyosatojam.com,,https://kiyosatojam.com/contact/,form,B,omotenashi,,,
株式会社アトリエ岐阜,http://www.atorie-gifu.jp/,atorie-gifu.jp,bikan@atorie-gifu.jp,http://www.atorie-gifu.jp/contactus.html,both,A,omotenashi,,,
habits（株式会社バレット）,https://hb-habits.com/,hb-habits.com,info@valette.jp,https://hb-habits.com/pages/contact,both,A,omotenashi,,,1
豚職人工房ぶぅーぶー（倉持ピッグファウム株式会社）,https://www.buu-bu.com/,buu-bu.com,info@buu-bu.com,https://www.buu-bu.com/login/inquiryedit,both,A,omotenashi,,,
株式会社海連,https://www.kai-ren.co.jp/,kai-ren.co.jp,,https://www.kai-ren.co.jp/contact/,form,B,omotenashi,,,
株式会社アルティ,https://www.althi.co.jp/,althi.co.jp,,https://www.althi.co.jp/#all_inquiry,form,B,omotenashi,,,
あかちゃん肌着専門店マルマイユ（株式会社美泉）,https://www.marmaille.jp/,marmaille.jp,info@marmaille.jp,https://www.marmaille.jp/,both,A,omotenashi,,,
株式会社青石,https://aoishi.co.jp/,aoishi.co.jp,info@aoishi.biz,,email,A,omotenashi,,,1
株式会社日新製菓,https://www.nissin-seika.co.jp/,nissin-seika.co.jp,,https://www.nissin-seika.co.jp/contact/,form,B,omotenashi,,,
宇和島農産株式会社,https://honey-uwajima.jp/,honey-uwajima.jp,uwajimanousan@leaf.ocn.ne.jp,https://honey-uwajima.jp/contact/,both,A,omotenashi,,,1
株式会社スイスセルラボ・ジャパン,https://takanoyuri.co.jp/swiss-celllab-japan/,takanoyuri.co.jp,y2w@x.ywd,https://takanoyuri.co.jp/,both,A,omotenashi,,,1
有限会社フィセル,https://www.ficelle.co.jp/,ficelle.co.jp,info-company@ficelle.co.jp,,email,A,omotenashi,,,
株式会社グランビスタ ホテル＆リゾート,https://www.granvista.co.jp/,granvista.co.jp,yumoto@granvista.co.jp,https://www.granvista.co.jp/contact/,both,A,omotenashi,,,
株式会社ハナビ,https://www.hanabi-inc.net/,hanabi-inc.net,info@hanabi-inc.net,,email,A,omotenashi,,,
株式会社デリシャスフロム北海道,https://hakkoginger.theshop.jp/,hakkoginger.theshop.jp,,https://hakkoginger.theshop.jp/about,form,B,omotenashi,,,
株式会社エヌビー社,https://nb1949.net/?srsltid=AfmBOorB_CDpKemiiCx8dkJ5ZCxJHz86ID5LRjKL0BnKI1o8LQre8uES,nb1949.net,,https://nb1949.shop-pro.jp/customer/signup/new,form,B,omotenashi,,,
Green Algae Tech JAPAN株式会社,http://www.gat-japan.com/index.html,gat-japan.com,stevesatoshi2047@gmail.com,,email,A,omotenashi,,1,
有限会社平治煎餅本店,https://heijisenbei.com/,heijisenbei.com,,https://heijisenbei.com/contact/,form,B,omotenashi,,,
OLDOVER,https://oldover.com/,oldover.com,info@oldover.com,https://oldover.com/contact/,both,A,omotenashi,,,
株式会社笑栄,https://shoei-bridge.com/,shoei-bridge.com,office@shoei.pw,https://shoei-bridge.com/contact/,both,A,omotenashi,,,1
特定非営利活動法人ジョイ・コム,https://joycom.or.jp/,joycom.or.jp,,https://joycom.or.jp/contact/,form,B,omotenashi,,,
株式会社京の舞妓さん本舗,https://shopping.maiko.ne.jp/?srsltid=AfmBOoqrx9xleS6OyvAR8BzzscpGFd98kdSJmQLefNTEi4kS_pZJ6ftq,shopping.maiko.ne.jp,,https://shopping.maiko.ne.jp/toiawase.php,form,B,omotenashi,,,
株式会社山本食品,http://www.yamamotofoods.co.jp/,yamamotofoods.co.jp,,http://www.yamamotofoods.co.jp/contact,form,B,omotenashi,,,
OURSE,https://ourse.jp/,ourse.jp,,,none,none,omotenashi,,,
株式会社STAYERホールディングス,https://stayer.co.jp/,stayer.co.jp,,https://stayer.co.jp/category/information,form,B,omotenashi,,,
エム スタジオ,https://mstudio.co.jp/,mstudio.co.jp,info@mstudio.co.jp,https://mstudio.co.jp/contact/,both,A,omotenashi,,,
新島ガラスアートセンター,https://www.niijimaglass.org/,niijimaglass.org,info@niijimaglassartcenter.org,https://www.niijimaglass.org/contents/center.html,both,A,omotenashi,,,1
有限会社水本陶苑,https://www.ukou.jp/,ukou.jp,info@ukou.jp,https://www.ukou.jp/about/company.html,both,A,omotenashi,,,
株式会社夢乃屋エンターテイメント,https://www.yumenoya-japan.com/,yumenoya-japan.com,info@yumenoya.tokyo,,email,A,omotenashi,,,1
株式会社クレソン,https://www.cresson.co.jp/,cresson.co.jp,,,none,none,omotenashi,,,
株式会社ジェイ・テック,https://www.j-tech.jp/,j-tech.jp,info@j-tech.jp,https://www.j-tech.jp/contact/,both,A,omotenashi,,,
株式会社わたや,https://wataya.jp/,wataya.jp,,https://wataya.jp/contact/,form,B,omotenashi,,,
浅草たつみや,https://tatsumi-ya.tokyo/,tatsumi-ya.tokyo,info@tatsumi-ya.tokyo,https://tatsumi-ya.tokyo/about/,both,A,omotenashi,,,
京急開発株式会社,https://www.keikyu-kaihatsu.co.jp/,keikyu-kaihatsu.co.jp,,,none,none,omotenashi,,,
合同会社ニュートリベース,https://nutribase-lab.com/?srsltid=AfmBOorxfpYGbR3fIhdjVChqNYXoB19RAQbZzS7JVR388NCTqpTG3Dn3,nutribase-lab.com,,https://nutribase-lab.com/pages/contact,form,B,omotenashi,,,
株式会社KAWAGUCHI,https://www.kwgc.co.jp/,kwgc.co.jp,info@kwgc.co.jp,https://www.kwgc.co.jp/contact2,both,A,omotenashi,,,
株式会社にしき堂,https://www.nisikido.co.jp/,nisikido.co.jp,,https://www.nisikido.co.jp/contact/,form,B,omotenashi,,,
日本ユニシス株式会社,https://www.biprogy.com/,biprogy.com,info@sandi.co.jp,https://www.biprogy.com/contact/,both,A,omotenashi,,,1
株式会社まるふく商店,https://www.marufuku-factory.jp/,marufuku-factory.jp,marufuku-k@festa.ocn.ne.jp,https://www.marufuku-factory.jp/,both,A,omotenashi,,,1
有限会社山添,https://www.yamazoe-p.jp/,yamazoe-p.jp,,https://www.yamazoe-p.jp/contact,form,B,omotenashi,,,
N h e s .（株式会社プラス）,https://nhes8739.com/,nhes8739.com,plus@nhes.jp,https://nhes8739.com/,both,A,omotenashi,,,1
MAMORIO株式会社,https://mamorio.jp/,mamorio.jp,,,none,none,omotenashi,,,
ニチドー株式会社,http://nichido-kurashiki.co.jp/,nichido-kurashiki.co.jp,,http://nichido-kurashiki.co.jp/contactus/,form,B,omotenashi,,,
株式会社MAT一級建築士事務所,https://mat-tomo.com/,mat-tomo.com,,https://mat-tomo.com/%E3%83%90%E3%83%BC%E3%83%99%E3%82%AD%E3%83%A5%E3%83%BC%E3%82%B3%E3%83%B3%E3%83%AD%E3%80%90%E5%BB%BA%E8%A8%AD%E7%94%A8%EF%BC%93d%E3%83%97%E3%83%AA%E3%83%B3%E3%82%BF%E3%83%BC%E5%AE%9F%E7%B8%BE%E3%80%91/,form,B,omotenashi,,,
細川毛織株式会社,http://hosokawa.shop-pro.jp/,hosokawa.shop-pro.jp,,https://hosokawa.shop-pro.jp/customer/inquiries/new,form,B,omotenashi,,,
ジェイオール株式会社,https://jool.co.jp/,jool.co.jp,,https://jool.co.jp/Contact/,form,B,omotenashi,,,
株式会社川﨑合成樹脂,http://kawasaki-plastics.jp/,kawasaki-plastics.jp,,http://kawasaki-plastics.jp/,both,B,omotenashi,,,
スタイレム瀧定大阪株式会社,https://www.stylem.co.jp/,stylem.co.jp,,https://www.stylem.co.jp/contact/,form,B,omotenashi,,,
grasspool,https://grasspool.stores.jp/,grasspool.stores.jp,,,none,none,omotenashi,,,
えびすや,https://www.ebisuya.com/branch/hakodate/,ebisuya.com,,https://www.ebisuya.com/contact/,form,B,omotenashi,,,
株式会社マヴィーブル,https://mavivre.co.jp/,mavivre.co.jp,,https://mavivre.co.jp/contact/,form,B,omotenashi,,,
黒羽陶工房,http://www.boreas.dti.ne.jp/~kuroha/,boreas.dti.ne.jp,usagido@snow.dti2.ne.jp,,email,A,omotenashi,,,1
株式会社藤フーズ,https://hujifoods.net/,hujifoods.net,info@hujifoods.co.jp,https://hujifoods.net/contact/,both,A,omotenashi,,,1
西日本旅客鉄道株式会社,https://www.westjr.co.jp/,westjr.co.jp,,https://www.westjr.co.jp/company/action/customer_harassment/,form,B,omotenashi,,,
MQスキンラボラトリーズ（株式会社GQ-inc）,https://www.mq-oxo.com/,mq-oxo.com,,,none,none,omotenashi,,,
千原工房,https://chihara.thebase.in/,chihara.thebase.in,,https://chihara.thebase.in/about,form,B,omotenashi,,,
株式会社ワコー,https://waco.tokyo/,waco.tokyo,privacy.info@waco.co.jp,https://waco.tokyo/contact/,both,A,omotenashi,,,1
NPO法人ごんはる,https://gonharu.info/,gonharu.info,info@gonharu.info,https://gonharu.info/foresttherapy/index.html,both,A,omotenashi,,,
株式会社野田工業,https://noda-kougyo.jp/,noda-kougyo.jp,,https://noda-kougyo.jp/business/reform-kyuhaisui/,form,B,omotenashi,,,
株式会社レザーデベロップメント,https://www.varco.jp/,varco.jp,,https://www.varco.jp/,form,B,omotenashi,,,
蓼科の風株式会社,https://stayle.jp/club/,stayle.jp,,https://stayle.jp/club/,form,B,omotenashi,,,
株式会社立志社,https://www.risshisha-group.com/index.html,risshisha-group.com,,https://www.risshisha-group.com/group/v1/contact.html,form,B,omotenashi,,,
株式会社ヘキサゴン,https://hexagon.com/ja,hexagon.com,,,none,none,omotenashi,,,
株式会社ワタオカ,http://www.wataoka.co.jp/,wataoka.co.jp,contact@wataoka.co.jp,https://www.wataoka.co.jp/contact.html,both,A,omotenashi,,,
イヴレスコンサルティング合同会社,https://ivresseconsulting.co.jp/,ivresseconsulting.co.jp,,https://ivresseconsulting.co.jp/#contact,form,B,omotenashi,,,
明澤健康研究所株式会社,https://akisawahealth.jp/,akisawahealth.jp,info@leliwell.com,https://akisawahealth.jp/contact/,both,A,omotenashi,,,1
株式会社フューテックホールディングズ,https://futec-hd.jp/,futec-hd.jp,,https://futec-hd.jp/#inquiry,form,B,omotenashi,,,
stone+(国広産業株式会社),https://kunihiro-stone.com/,kunihiro-stone.com,info@kunihirosangyou.co.jp,https://kunihiro-stone.com/search,none,A,omotenashi;dainipponichi,https://kunihiro-stone.com/,,1
ラブジャパンブランド株式会社,https://lovejapanbrand.com/,lovejapanbrand.com,info@lovejapanbrand.com,,email,A,omotenashi,,,
JAPANITURE（株式会社ウィドゥ・スタイル）,https://www.wedostyle.co.jp/,wedostyle.co.jp,,https://www.wedostyle.co.jp/contact/,form,B,omotenashi,,,
成邦商事株式会社,https://seihoshoji.co.jp/,seihoshoji.co.jp,,https://seihoshoji.co.jp/,form,B,omotenashi,,,
株式会社神戸珈琲,https://www.kobecoffee.co.jp/,kobecoffee.co.jp,info@kobecoffee.jp,https://www.kobecoffee.co.jp/contact.html,both,A,omotenashi,,,1
Hiragana,https://hiraganatimes.com/,hiraganatimes.com,cs@hiraganatimes.com,,email,A,omotenashi,,,
有限会社種村建具木工所,https://www.tanemoku.com/,tanemoku.com,tanemoku@tanemoku.com,https://www.tanemoku.com/contact/,both,A,omotenashi,,,
株式会社nemuli,https://nemuli.co.jp/?srsltid=AfmBOopMrkyZrfNQ3ZNvNL3SevxTbpgnRolojf79s_IFIl1plW8ByfVJ,nemuli.co.jp,,,none,none,omotenashi,,,
pâtisserie maison Fujiya（一位物産株式会社）,https://maisonfujiya.official.ec/,maisonfujiya.official.ec,,https://maisonfujiya.official.ec/about,form,B,omotenashi,,,
ミューリー有限会社,http://mieuree.com/,mieuree.com,,http://mieuree.com/contact.html,form,B,omotenashi,,,
有限会社内田パン,https://www.uchidapan.com/,uchidapan.com,uchida3067@uchidapan.com,https://www.uchidapan.com/,both,A,omotenashi,,,
とんかつの山田屋（ショウエイフーズ株式会社）,https://www.yamadaya-ys-labo.com/,yamadaya-ys-labo.com,,https://www.yamadaya-ys-labo.com/#makeshop-common-contact-url,form,B,omotenashi,,,
REN（株式会社バスデムシャット）,https://ren-webshop.com/?srsltid=AfmBOor4Qxttve5wKfI48DOOEsV0tGFYoBoQhCpcK6Fk4musnHNyd19j,ren-webshop.com,,https://ren-webshop.com/pages/care_contact,both,B,omotenashi,,,
株式会社I-pack,https://www.i-pack-solution.asia/,i-pack-solution.asia,fujikawa_ipack@188.com,https://www.i-pack-solution.asia/j/privacy,both,A,omotenashi,,,1
フジカワ果樹園（有限会社藤川果樹園）,https://fujikawa-mikan.com/,fujikawa-mikan.com,fm@fujikawa-mikan.com,https://fujikawa-mikan.com/,both,A,omotenashi,,,
協和精工株式会社,https://kyowaseiko.co.jp/,kyowaseiko.co.jp,,https://kyowaseiko.co.jp/contact,form,B,omotenashi,,,
有限会社エービーシーつかもと,https://kujira-abc.com/,kujira-abc.com,,https://kujira-abc.com/form/,form,B,omotenashi,,,
nerugoo（株式会社ルル）,https://nerugoo.jp/,nerugoo.jp,pr@nerugoo.jp,https://nerugoo.jp/pages/contact,both,A,omotenashi,,,
株式会社中村,https://nakamura-nek.co.jp/,nakamura-nek.co.jp,,https://nakamura-nek.co.jp/contact/,form,B,omotenashi,,,
リベルテ本帆株式会社,https://shop.libertehonpo.co.jp/,shop.libertehonpo.co.jp,,https://shop.libertehonpo.co.jp/about,form,B,omotenashi,,,
株式会社リンネファーム,https://yukinojo.jp/,yukinojo.jp,,https://yukinojo.jp/contact,form,B,omotenashi,,,
ケイワークプランニング株式会社,https://www.putit.jp/,putit.jp,info@kwork.co.jp,https://www.putit.jp/profile.html,both,A,omotenashi,,,1
JTBロイヤルロード銀座,https://www.jtb.co.jp/luxurytravel/,jtb.co.jp,rrg_info@jtb.com,https://www.jtb.co.jp/information/reservation/,both,A,omotenashi,,,1
株式会社Sakura Sling project,https://sakurasling.com/,sakurasling.com,,https://sakurasling.com/info/?cat_information=event,form,B,omotenashi,,,
AIO-N,https://www.aio-n.com/,aio-n.com,info@aio-n.com,https://www.aio-n.com/,both,A,omotenashi,,,
有限会社ラヴェリテ,https://www.la-verite.jp/,la-verite.jp,,https://www.la-verite.jp/contact,form,B,omotenashi,,,
株式会社和える,https://a-eru.co.jp/,a-eru.co.jp,,https://a-eru.co.jp/contact/,form,B,omotenashi,,,
株式会社JR東日本商事,https://www.ejrt.co.jp/,ejrt.co.jp,,,none,none,omotenashi,,,
銀峯陶器株式会社,https://ginpo.co.jp/?srsltid=AfmBOop5_bLi7TmOfNa6qbyyM0-BBDLI8G8Nr0AY1fOLkPuOCtcn7wFl,ginpo.co.jp,,,none,none,omotenashi,,,
特定非営利活動法人えんとかく,https://entokaku.org/,entokaku.org,info@entokaku.org,https://entokaku.org/contact/,both,A,omotenashi,,,
株式会社リストプラス,https://anny.gift/companies/123/ebizrule/?srsltid=AfmBOoogvUe8-KIbZzW0TMeTiVLu0BdyiBwMGbzvc3es8uhhhIcmngpQ,anny.gift,,https://anny.gift/scene-inquiry/,form,B,omotenashi,,,
株式会社大泉物産,https://www.ohizumibussan.jp/,ohizumibussan.jp,info@ohizumibussan.jp,https://www.ohizumibussan.jp/contact,both,A,omotenashi,,,
ファミリー企画株式会社,https://shop.mozukucosme.com/about,shop.mozukucosme.com,,https://shop.mozukucosme.com/about,form,B,omotenashi,,,
株式会社丸進,https://msk-corp.net/,msk-corp.net,,https://msk-corp.net/pages/17/login=true,both,B,omotenashi,,,
株式会社やまやコミュニケーションズ,https://www.yamaya.com/,yamaya.com,,https://www.yamaya.com/corporate/contact/,form,B,omotenashi,,,
生見オーガニックトマトファーム,https://193organic.com/,193organic.com,,https://193organic.com/,form,B,omotenashi,,,
株式会社インテリアフクタ,https://if-101.com/,if-101.com,,https://if-101.com/pages/141/,both,B,omotenashi,,,
都錦酒造株式会社,https://miyakonishiki.jp/,miyakonishiki.jp,info@miyakonishiki.co.jp,https://miyakonishiki.jp/,both,A,omotenashi,,,1
金熊香水（株式会社ピノーレ）,https://pinole.co.jp/,pinole.co.jp,tg@c.do,https://pinole.co.jp/contact/,both,A,omotenashi,,,1
赤穂あらなみ塩株式会社,https://www.aranami.co.jp/,aranami.co.jp,,https://www.aranami.co.jp/company.html#contact,form,B,omotenashi,,,
米原箔押加工所,https://kinsaisensu.com/,kinsaisensu.com,info@washilife.com,https://kinsaisensu.com/,both,A,omotenashi,,,1
gram eight（株式会社TIC）,https://grameight.com/?srsltid=AfmBOoo54yHeRbk57_EU64vv4zJ_GfW2LPO-JxpwG1y8ytozvZcb0KJ6,grameight.com,,,none,none,omotenashi,,,
株式会社長崎の路地裏Cafe,https://nagasaki-popcorn.com/,nagasaki-popcorn.com,,https://nagasaki-popcorn.com/about/,form,B,omotenashi,,,
Tsubamesanjo Bit (株式会社Bit),https://bit2013.com/,bit2013.com,,https://bit2013.com/contact/,form,B,omotenashi,,,
株式会社SIGNTY,https://signty.com/,signty.com,info@signty.com,https://signty.com/contact.html,both,A,omotenashi,,,
株式会社HAPPY JOINT,https://happyjoint.co.jp/,happyjoint.co.jp,,https://happyjoint.co.jp/inquiry/,form,B,omotenashi,,,
株式会社マウンテンディアー,https://mountain-deer.com/index.html,mountain-deer.com,info@mountain-deer.com,https://mountain-deer.com/md/,both,A,omotenashi;ilt_direct;ilt_v2,,,
五人百姓,https://ikesyouten.com/,ikesyouten.com,info@ikesyouten.com,https://ikesyouten.com/contact/,both,A,omotenashi,,,
株式会社梅守本店,https://www.umemori.co.jp/,umemori.co.jp,info@umemori.co.jp,https://www.umemori.co.jp/contact/,both,A,omotenashi,,,
株式会社岸本吉二商店,https://www.komodaru.co.jp/,komodaru.co.jp,,https://www.komodaru.co.jp/view/company,form,B,omotenashi,,,
株式会社浅尾,https://zurenga.com/,zurenga.com,,,none,none,omotenashi,,,
kallwillstore,https://kallwillstor.base.shop/,kallwillstor.base.shop,,https://kallwillstor.base.shop/about,form,B,omotenashi,,,
株式会社ロワード,https://www.loward-store.com/?srsltid=AfmBOopl6GFqcQwy-FWUtwrCcg5AfIk1ry91DZAQ8m30z7BtLlFIuTrv,loward-store.com,press.room.h@gmail.com,https://www.loward-store.com/?srsltid=AfmBOopl6GFqcQwy-FWUtwrCcg5AfIk1ry91DZAQ8m30z7BtLlFIuTrv,both,A,omotenashi,,1,
株式会社KESEMO MARINUS,https://kesemo-marinus.com/,kesemo-marinus.com,,https://kesemo-marinus.com/form.html,form,B,omotenashi,,,
株式会社ヤマタカ,https://ymtk-a.jp/,ymtk-a.jp,,https://ymtk-a.jp/contact/,form,B,omotenashi,,,
株式会社金乃竹,https://kinnotake-resorts.com/?lang=ja,kinnotake-resorts.com,,https://kinnotake-resorts.com/contact/,form,B,omotenashi,,,
株式会社オッズオンジャパン,https://ozzon-japan.jp/,ozzon-japan.jp,,,none,none,omotenashi,,,
サイボウデジタル株式会社,https://saiboupark.jp/?srsltid=AfmBOopRbWt22q4qHZFTR8BZiDvChjLY3PbuunzyeyVSPck-S3-aVTS1,saiboupark.jp,saiboupark@saibou.com,https://saiboupark.jp/contact,both,A,omotenashi,,,1
ANAフーズ株式会社,https://www.ana-foods.co.jp/,ana-foods.co.jp,,https://www.ana-foods.co.jp/contact/,form,B,omotenashi,,,
お肉ソムリエのいる精肉店（株式会社ABCフーズサービス）,https://abc-foods.store/,abc-foods.store,,https://abc-foods.shop-pro.jp/customer/signup/new,form,B,omotenashi,,,
有限会社中正紙工,https://nakashoshiko.co.jp/,nakashoshiko.co.jp,info@nakashoshiko.co.jp,https://nakashoshiko.co.jp/,both,A,omotenashi;fgs2025,,,
株式会社ロマンス小杉,https://www.romance.co.jp/,romance.co.jp,supportclub@romance.co.jp,https://www.romance.co.jp/brands/#warm-support,both,A,omotenashi,,,
鋳向屋,https://inataya-imono.com/,inataya-imono.com,inataya@beppuchuko.co.jp,https://inataya-imono.com/,both,A,omotenashi,,,1
特定非営利活動法人南アルプスファームフィールドトリップ,https://npo-farm.com/,npo-farm.com,,https://npo-farm.com/contact/,form,B,omotenashi,,,
桑メリヤス株式会社,https://kuwa-socks.co.jp/,kuwa-socks.co.jp,,https://kuwa-socks.co.jp/contact/,form,B,omotenashi,,,
新生公司（株式会社新生公司）,https://kobe-yakibuta.com/,kobe-yakibuta.com,sinsei-kobe@kobe-yakibuta.com,https://kobe-yakibuta.com/customer/login,both,A,omotenashi,,,
株式会社MIZ,https://www.miz-pharmacy.co.jp/,miz-pharmacy.co.jp,,https://www.miz-pharmacy.co.jp/contact/25.html,form,B,omotenashi,,,
東京謹製みやげ（株式会社戸田屋商店）,https://www.rienzome.co.jp/,rienzome.co.jp,info@rienzome.co.jp,https://www.rienzome.co.jp/inquiry/,both,A,omotenashi,,,
豊後水道ふぐ 柳井商店,https://fugunoyanai.com/?srsltid=AfmBOorRFrPEem0m9hHJUY6jNavAYj-rKPlfeeyA8SEgd54fdbN1Rfrt,fugunoyanai.com,info@fugunoyanai.net,https://fugunoyanai.com/form/inquiry,both,A,omotenashi,,,1
革工房yino,https://kawakobo-yino.shop-inframe.jp/,kawakobo-yino.shop-inframe.jp,,https://kawakobo-yino.shop-inframe.jp/contact,form,B,omotenashi,,,
有限会社玉木新雌,https://www.niime.jp/?srsltid=AfmBOoo-OKErL-72sXgZ61Km3bRvOyS5vLDE6vgOBefiDAOC7vH6VcE-,niime.jp,,https://www.niime.jp/online.html,form,B,omotenashi,,,
神楽饗,https://bento.kagurakyo.com/,bento.kagurakyo.com,info@c-kukulcan.jp,https://bento.kagurakyo.com/,both,A,omotenashi,,,1
ジャスト株式会社,https://just-web.co.jp/,just-web.co.jp,info@just-web.co.jp,https://just-web.co.jp/contact/,both,A,omotenashi,,,
株式会社鼓月,https://www.kogetsu.com/,kogetsu.com,,,none,none,omotenashi,,,
オオヤブデイリーファーム,https://www.oyabudairyfarms.com/,oyabudairyfarms.com,,https://www.oyabudairyfarms.com/#about,form,B,omotenashi,,,
Hanp Bag Trocco,https://www.trocco-bag.net/,trocco-bag.net,,https://www.trocco-bag.net/about,form,B,omotenashi,,,
サニーオン,http://sunny-on.com/,sunny-on.com,info@sunny-on.com,,email,A,omotenashi,,,
田代珈琲株式会社,https://www.tashirocoffee.co.jp/,tashirocoffee.co.jp,,https://www.tashirocoffee.co.jp/contact.html,form,B,omotenashi,,,
オンターノスタジオ株式会社,https://ontano.amebaownd.com/,ontano.amebaownd.com,,https://ontano.amebaownd.com/posts/3536451,form,B,omotenashi,,,
株式会社BBcompany,https://bbcompany-inc.com/,bbcompany-inc.com,b.b.company@mail.ne.jp,https://bbcompany-inc.com/contact/,both,A,omotenashi,,,1
KIRIKO TORIKO（中宮切子工房）,https://www.kirikotoriko.com/,kirikotoriko.com,kirikotoriko@gmail.com,,email,A,omotenashi,,1,
株式会社辰馬コーポレーション,https://tatuumacorp.jp/,tatuumacorp.jp,,https://tatuumacorp.jp/contact/,form,B,omotenashi,,,
有限会社栄泉堂,,,,,none,none,omotenashi,,,
NSW株式会社,https://www.nsw.co.jp/,nsw.co.jp,kouhou@ml.nsw.co.jp,https://www.nsw.co.jp/ir/contact.html,both,A,omotenashi,,,
株式会社COFO,https://cofo.jp/,cofo.jp,support@cofo.jp,https://cofo.jp/,both,A,omotenashi,,,
株式会社エモーション,https://emotion-agent.com/,emotion-agent.com,,https://emotion-agent.com/contact/,form,B,omotenashi,,,
Rasical Japan合同会社,https://www.rasical.com/?srsltid=AfmBOorP-vEI1al4FRR0TbjZEET-KrVf9gaLoUE6sikSt_f75iBk9OVH,rasical.com,support@rasical.com,https://www.rasical.com/pages/contact,both,A,omotenashi,,,
株式会社森奈良漬店,https://www.naraduke.co.jp/,naraduke.co.jp,,https://www.naraduke.co.jp/inquiry/,form,B,omotenashi,,,
株式会社オリエンタルフーズ,https://www.orientalfoods.jp/,orientalfoods.jp,,https://www.orientalfoods.jp/contact/,form,B,omotenashi,,,
VEDUTA,https://veduta.jp/,veduta.jp,,https://veduta.jp/contact/,form,B,omotenashi,,,
株式会社あわわ,https://awawa.app/,awawa.app,,https://awawa.app/,form,B,omotenashi,,,
UNDERCOOLED,https://x.com/undercooled_co,x.com,copyright@x.com,https://x.com/undercooled_co,both,A,omotenashi,,,
株式会社志賀商店,https://www.shiga-mame.co.jp/,shiga-mame.co.jp,,https://www.shiga-mame.co.jp/inquiry,form,B,omotenashi,,,
有限会社ル・レーヴコーポレーション,https://www.lereve.co.jp/,lereve.co.jp,,https://www.lereve.co.jp/contact.html,form,B,omotenashi,,,
株式会社丸福繊維,https://www.marufuku.ne.jp/,marufuku.ne.jp,,https://www.marufuku.ne.jp/uniform,form,B,omotenashi,,,
株式会社アバイン,https://avain-cosme.com/,avain-cosme.com,,https://avain-cosme.com/#contact,form,B,omotenashi,,,
株式会社カクメイJAPAN,https://kaku-mei.com/,kaku-mei.com,contact@kaku-mei.com,https://kaku-mei.com/,both,A,omotenashi,,,
株式会社栗物語,https://kurito.jp/,kurito.jp,,https://kurito.jp/contact/,form,B,omotenashi,,,
沖縄の風合同会社,https://okinawa-wind.net/,okinawa-wind.net,shop@okinawa-wind.com,https://okinawa-wind.net/,both,A,omotenashi,,,1
株式会社鶴見屋,https://tsurumiya.co.jp/,tsurumiya.co.jp,,,none,none,omotenashi,,,
国登録有形文化財の宿 落合楼村上,https://www.ochiairo.co.jp/,ochiairo.co.jp,info@ochiairo.co.jp,https://www.ochiairo.co.jp/contact/,both,A,omotenashi,,,
株式会社中園久太郎商店,https://www.tuke-mono.com/,tuke-mono.com,jimu4@tuke-mono.com,https://www.tuke-mono.com/login/inquiryedit,both,A,omotenashi,,,
COETECO,https://coeteco.jp/,coeteco.jp,,https://coeteco.jp/school_contacts,form,B,omotenashi,,,
永岡食品株式会社,https://about.umai-ume.com/,about.umai-ume.com,,,none,none,omotenashi,,,
フットマーク株式会社,https://www.footmark.co.jp/,footmark.co.jp,,https://www.footmark.co.jp/customer/,form,B,omotenashi,,,
株式会社宇治田原製茶場,https://shop.chanoma.co.jp/,shop.chanoma.co.jp,info@chanoma.co.jp,https://shop.chanoma.co.jp/globalnavi/contact,both,A,omotenashi,,,1
株式会社アドプランツコーポレーション,https://www.addplants.co.jp/,addplants.co.jp,office@addplants.co.jp,https://www.addplants.co.jp/contact/index.html,both,A,omotenashi,,,
株式会社ワコウ,https://wako-clothing.jp/,wako-clothing.jp,info@wako-clothing.jp,https://wako-clothing.jp/contact/,both,A,omotenashi,,,
株式会社山崎商店,https://yamazaki-shoten.com/,yamazaki-shoten.com,,https://yamazaki-shoten.com/contact/,form,B,omotenashi,,,
アクティライフ株式会社,http://actilife.co.jp/,actilife.co.jp,,http://actilife.co.jp/,form,B,omotenashi,,,
浅草 前川印傳,https://maekawa-inden.co.jp/,maekawa-inden.co.jp,,https://maekawa-inden.co.jp/contact/,form,B,omotenashi,,,
有限会社 黒羽表具店,http://cro-8.com/,cro-8.com,,http://cro-8.com/contact/,form,B,omotenashi,,,
株式会社金龍窯,https://kinryu-kiln.jp/,kinryu-kiln.jp,,https://kinryu-kiln.jp/contact,form,B,omotenashi,,,
干物まる,https://himonomaru.jimdoweb.com/,himonomaru.jimdoweb.com,,,none,none,omotenashi,,,
望月製紙株式会社,https://www.fuwafuwa-roll.com/,fuwafuwa-roll.com,info@fuwafuwa-roll.com,https://www.fuwafuwa-roll.com/fs/fuwafuwa/c/inquiry,both,A,omotenashi,,,
ジット株式会社,https://www.jit-c.co.jp/,jit-c.co.jp,support@jit-c.co.jp,https://www.jit-c.co.jp/inquiry/support_inquiry.php,both,A,omotenashi,,,
有限会社上野屋本店,https://uenoyahonten.com/,uenoyahonten.com,,https://uenoyahonten.com/contact/,form,B,omotenashi,,,
東京卵日和／日本エムテクス株式会社,https://nmtecs.jp/,nmtecs.jp,,https://nmtecs.jp/contact-corp/,form,B,omotenashi,,,
P.K.C＋パクチープラス,https://www.pkcplus.jp/,pkcplus.jp,,,none,none,omotenashi,,,
ミモザキッチン（ミモザキッチン合同会社）,https://www.mimosakitchen.jp/,mimosakitchen.jp,reception@mimosakitchen.jp,https://www.mimosakitchen.jp/contact/,both,A,omotenashi,,,
COCO KYOTO,https://coco-cacao.jp/,coco-cacao.jp,,https://coco-cacao.jp/contact/,form,B,omotenashi,,,
有限会社佐研フーズ,https://saken.co.jp/,saken.co.jp,,https://saken.co.jp/contact/,form,B,omotenashi,,,
菓匠 小川堂安芸国,https://ogawadou.com/,ogawadou.com,,https://ogawadou.com/contact,form,B,omotenashi,,,
株式会社精華堂霰総本舗,https://seikadoarare.co.jp/,seikadoarare.co.jp,,https://seikadoarare.co.jp/hpgen/HPB/shop/policy.html,form,B,omotenashi,,,
株式会社燕三条キッチン研究所,https://4w1h.jp/,4w1h.jp,4w1h@sugimetal.jp,https://4w1h.jp/contact/,both,A,omotenashi;ilt_direct;ilt_v2,,,1
Ramu Chalk Paradise,https://ramu-chalk-paradise.net/142,ramu-chalk-paradise.net,ramuchalk@gmail.com,http://ramu-chalk-paradise.net/contact,both,A,omotenashi,,1,
MANUMA Alternative meal kit(株式会社Bro Three),https://www.manumashop.com/,manumashop.com,tokyo@manumashop.com,,email,A,omotenashi,,,
株式会社フロンティア,https://www.frontier-ph.com/,frontier-ph.com,,https://www.frontier-ph.com/contact/,form,B,omotenashi,,,
株式会社ベル・フルール,https://www.belles-fleurs.com/,belles-fleurs.com,info@belles-fleurs.com,https://www.belles-fleurs.com/contact,both,A,omotenashi,,,
株式会社齋藤製作所,https://www.saitoseisakujo.com/,saitoseisakujo.com,saituss2299@gmail.com,https://www.saitoseisakujo.com/%E3%81%8A%E5%95%8F%E3%81%84%E5%90%88%E3%82%8F%E3%81%9B,both,A,omotenashi,,1,
まめラボ（株式会社KURUKURU）,https://mamelab.jp/pages/company?srsltid=AfmBOopRfkQBPFpYXrs_98_nS6D4KD_Ez6kKUCFPsRwPzVEeH9_TBT0X,mamelab.jp,customer@mamelab.jp,https://mamelab.jp/pages/company?srsltid=AfmBOopRfkQBPFpYXrs_98_nS6D4KD_Ez6kKUCFPsRwPzVEeH9_TBT0X,both,A,omotenashi,,,
今西靴下,https://www.ima24.jp/,ima24.jp,,,none,none,omotenashi,,,
株式会社AML植物研究所,https://aml-pl.co.jp/,aml-pl.co.jp,info@aml-pl.com,https://aml-pl.co.jp/,both,A,omotenashi,,,1
紗々羅,https://www.sasara.co.jp/,sasara.co.jp,,https://www.sasara.co.jp/contact.html,form,B,omotenashi,,,
農業生産法人 株式会社マルシェ沖縄,https://marcheokinawa.com/,marcheokinawa.com,,,none,none,omotenashi,,,
株式会社Philosophii,https://philosophii.com/,philosophii.com,,https://philosophii.com/,form,B,omotenashi,,,
ほうとう研究所（株式会社クリエイティブリゾート）,https://fuji.creative-r.com/pages/hoto-labo?srsltid=AfmBOorulQQrqrNJUj_Qexfsf7edWyEZTxoXrY-qZL21nFcQkSkmR6up,fuji.creative-r.com,info-factory@creative-r.com,https://fuji.creative-r.com/policies/privacy-policy,both,A,omotenashi,,,1
合同会社Mt. Blue,https://moku-nuno.com/,moku-nuno.com,mt-blue@moku-nuno.com,https://moku-nuno.com/toiawase,both,A,omotenashi,,,
株式会社フォレストウェル,http://forest-well.jp/,forest-well.jp,,http://forest-well.jp/#top-contact,form,B,omotenashi,,,
三木工業株式会社,https://miki-kk.com/,miki-kk.com,,https://miki-kk.com/contact/,form,B,omotenashi,,,
株式会社小大黒屋商店,https://www.kodaikokuya.co.jp/,kodaikokuya.co.jp,,https://www.kodaikokuya.co.jp/inquiry,form,B,omotenashi,,,
株式会社イーアクセス,https://eacc.jp/,eacc.jp,,https://eacc.jp/,form,B,omotenashi,,,
髙橋鉸工業株式会社,https://www.shibori-takahashi.com/,shibori-takahashi.com,,https://www.shibori-takahashi.com/contact.html,form,B,omotenashi,,,
株式会社ナチュレ・ホールディングス,https://www.nsup.jp/nature-hd/?srsltid=AfmBOoodGQFeuhWlMoyUcDddaFYAu1cVSclQ3S6IOnII_b_EQFtQuBsY,nsup.jp,,https://www.nsup.jp/lineup/145dha_epa_ps_lecithin.htm,form,B,omotenashi,,,
一般財団法人桑折町振興公社,https://www.koori-shinkokosya.jp/,koori-shinkokosya.jp,,,none,none,omotenashi,,,
ハコショウ食品工業株式会社,https://www.hakosho.co.jp/,hakosho.co.jp,,https://hakosho.shop-pro.jp/customer/signup/new,form,B,omotenashi,,,
高山CHOYAソーイング株式会社,https://www.e-yamaki.co.jp/,e-yamaki.co.jp,info@e-yamaki.co.jp,https://www.e-yamaki.co.jp/contact/index.php,both,A,omotenashi,,,
株式会社シグサ.,https://shigusa.co.jp/,shigusa.co.jp,,,none,none,omotenashi,,,
有限会社魚魚一,https://www.totoichi.com/,totoichi.com,,https://www.totoichi.com/,form,B,omotenashi,,,
株式会社Kカンパニー,https://kcompa.jp/,kcompa.jp,info@kcompa.jp,,email,A,omotenashi,,,
株式会社スピナ,https://www.spina.co.jp/,spina.co.jp,,https://www.spina.co.jp/contact/,form,B,omotenashi,,,
株式会社ハチマル,https://hachimaru.com/,hachimaru.com,service@hachimaru.co.jp,https://hachimaru.com/contact/,both,A,omotenashi,,,1
atelier CODEL（株式会社コードファクトリー）,https://ateliercodel.com/?srsltid=AfmBOopEgjqCVFPBkTAh8IIdu4ln7QZa5IC_jdf_xO_dbZctnaXXhJ_n,ateliercodel.com,,https://ateliercodel.com/pages/contact,form,B,omotenashi,,,
株式会社 Rolling-C,https://rolling-c.co.jp/,rolling-c.co.jp,info@rolling-c.co.jp,https://rolling-c.co.jp/,both,A,omotenashi,,,
ニット工房 編む～る,https://knit-amour.jp/,knit-amour.jp,info@knit-amour.jp,https://knit-amour.jp/contact/,both,A,omotenashi,,,
株式会社ダーウィン,https://www.kk-darwin.com/,kk-darwin.com,t.info@kk-darwin.com,https://www.kk-darwin.com/inquiry,both,A,omotenashi,,,
株式会社ヘンリム・バーミールズ,https://henrymbm.com/,henrymbm.com,shop@henrymbm.com,https://henrym.shop-pro.jp/customer/signup/new,both,A,omotenashi,,,
株式会社神石高原ティアガルテン,https://senyo-gahara.com/,senyo-gahara.com,,https://senyo-gahara.com/inquiry,form,B,omotenashi,,,
育てるタオル（株式会社英瑞）,https://sodaterutowel.com/?srsltid=AfmBOoop5yFYDQn98l6mfq4XY9sHPGHQDkaSlIpi0ljw6PHSvEPWBLQ-,sodaterutowel.com,,https://sodaterutowel.com/pages/contact,form,B,omotenashi,,,
有限会社幸福堂,https://koufukudo.co.jp/,koufukudo.co.jp,info@koufukudo.co.jp,https://koufukudo.co.jp/contact.html,both,A,omotenashi,,,
越後三条鍛冶集団,https://kajidojo.com/blacksmith/,kajidojo.com,,https://kajidojo.com/contact/,form,B,omotenashi,,,
かどや製油株式会社,https://www.kadoya.com/,kadoya.com,,https://www.kadoya.com/contact/,form,B,omotenashi,,,
松井織物株式会社,https://www.herikoubou.co.jp/,herikoubou.co.jp,,,none,none,omotenashi,,,
ことぶきや（株式会社松寿）,https://www.kk-kotobukiya.jp/,kk-kotobukiya.jp,ems@obento-matsuura.co.jp,https://www.kk-kotobukiya.jp/contact,both,A,omotenashi,,,1
三口産業株式会社,https://www.mikuchi.jp/,mikuchi.jp,,,none,none,omotenashi,,,
株式会社健康キレイ塾,https://kenkokirei.com/,kenkokirei.com,info@kenkokirei.com,https://kenkokirei.com/35-2/,both,A,omotenashi,,,
株式会社quantum,https://quantum.ne.jp/,quantum.ne.jp,,,none,none,omotenashi,,,
ライオン株式会社,https://www.lion.co.jp/,lion.co.jp,,https://www.lion.co.jp/ja/contact/,form,B,omotenashi,,,
京寿楽庵株式会社,http://kyojyurakuan.co.jp/,kyojyurakuan.co.jp,fukuoka-ks@kyojyurakuan.co.jp,http://kyojyurakuan.co.jp/inquiry/,both,A,omotenashi,,,
株式会社第一物産,http://www.daiichibussan.co.jp/,daiichibussan.co.jp,webmaster@daiichibussan.co.jp,,email,A,omotenashi,,,
ハナマルキ株式会社,https://www.hanamaruki.co.jp/,hanamaruki.co.jp,,https://www.hanamaruki.co.jp/contact/,form,B,omotenashi,,,
Sleepinn,https://sleep-inn93.com/,sleep-inn93.com,,https://sleep-inn93.com/contact.html,form,B,omotenashi,,,
株式会社宇治園,https://www.uji-en.co.jp/,uji-en.co.jp,,https://www.uji-en.co.jp/pages/contact,form,B,omotenashi,,,
株式会社太田花かつお,https://www.e-dasi.com/,e-dasi.com,,https://www.e-dasi.com/form.html,form,B,omotenashi,,,
株式会社CloudNine,https://www.cloud9-japan.com/,cloud9-japan.com,,https://www.cloud9-japan.com/contact/,form,B,omotenashi,,,
株式会社エコラ,https://ecola.co.jp/,ecola.co.jp,ecola@ecola.co.jp,https://ecola.co.jp/contact/,both,A,omotenashi,,,
日本郵便株式会社,http://www.post.japanpost.jp/,post.japanpost.jp,,https://www.post.japanpost.jp/index.html,form,B,omotenashi,,,
株式会社五線譜,https://retailing.jp.yamaha.com/shop/sapporo,retailing.jp.yamaha.com,,https://retailing.jp.yamaha.com/shop/sapporo/inquiry,form,B,omotenashi,,,
株式会社丸久物産,https://marukyu-ishop.com/?srsltid=AfmBOoobebeJLawuGE7RhQFgDD_bxiY2x0EaxjNdTiZjvILo0t1_JBsC,marukyu-ishop.com,info@marukyu-bussan.co.jp,https://marukyu-ishop.com/?srsltid=AfmBOoobebeJLawuGE7RhQFgDD_bxiY2x0EaxjNdTiZjvILo0t1_JBsC,both,A,omotenashi,,,1
原田織物株式会社,https://harada-orimono.co.jp/,harada-orimono.co.jp,adomini@harada-orimono.co.jp,https://harada-orimono.co.jp/contact,both,A,omotenashi;ilt_direct,,,
株式会社ココリ,https://cocori.jp/,cocori.jp,,https://cocori.jp/contact/,form,B,omotenashi,,,
Dr.TOUHI（一般社団法人Next Beauty Labo）,https://dr-touhi-clinic.com/,dr-touhi-clinic.com,,https://dr-touhi-clinic.com/ladies/cases,form,B,omotenashi,,,
パティスリー イチリュウ「有限会社一柳」,https://ichiryu.jp/,ichiryu.jp,,https://ichiryu.jp/contact/,form,B,omotenashi,,,
有限会社栗尾商店,https://www.kurio.jp/,kurio.jp,,https://www.kurio.jp/inquiry/,form,B,omotenashi,,,
木のおもちゃLetWoodBe,https://letwoodbe49.amebaownd.com/,letwoodbe49.amebaownd.com,,https://letwoodbe49.amebaownd.com/,form,B,omotenashi,,,
Natural Rice Field 郷彩,https://organicnetwork.jp/company_info/30516/,organicnetwork.jp,satoiro.jp@gmail.com,https://organicnetwork.jp/company_info/30516/,both,A,omotenashi,,1,
小町酒造株式会社,https://www.nagaragawa.co.jp/,nagaragawa.co.jp,info@nagaragawa.co.jp,https://www.nagaragawa.co.jp/contact/,both,A,omotenashi,,,
株式会社ニュートン,https://www.newton-co.jp/,newton-co.jp,,,none,none,omotenashi,,,
有限会社樹工房,https://itsuki-kobo.co.jp/,itsuki-kobo.co.jp,,https://itsuki-kobo.co.jp/,form,B,omotenashi,,,
株式会社冨貴食研,https://www.fuki-food.com/,fuki-food.com,sale@fuki-food.com,https://www.fuki-food.com/,both,A,omotenashi,,,
角谷製菓株式会社,https://kakutani-seika.co.jp/,kakutani-seika.co.jp,,https://kakutani-seika.co.jp/contact.html,form,B,omotenashi,,,
株式会社林本店,https://www.eiichi.co.jp/,eiichi.co.jp,hayashihonten@eiichi.co.jp,https://www.eiichi.co.jp/contact/,both,A,omotenashi,,,
M・Rオフィス,https://mroffice.jp/,mroffice.jp,,https://mroffice.jp/#contact,form,B,omotenashi,,,
株式会社関製菓本舗（藤兵衛庵）,https://sekiseika.com/,sekiseika.com,,https://sekiseika.com/contact,form,B,omotenashi,,,
株式会社オージーフーズ,https://www.aussie-fan.co.jp/,aussie-fan.co.jp,aussie@aussie-fan.co.jp,https://www.aussie-fan.co.jp/contact/,both,A,omotenashi,,,
ダイオーミウラ株式会社,https://www.dmps.co.jp/,dmps.co.jp,,https://www.dmps.co.jp/business/information-communication/,form,B,omotenashi,,,
五本水産株式会社,https://www.gohonsuisan.net/,gohonsuisan.net,,https://www.gohonsuisan.net/contact/,form,B,omotenashi,,,
株式会社能水商店,https://www.nousui-shop.com/,nousui-shop.com,,https://www.nousui-shop.com/?mode=privacy,form,B,omotenashi,,,
株式会社又兵衛,https://www.matabay.com/,matabay.com,info@tea-of-japan.com,https://www.matabay.com/contact/,both,A,omotenashi,,,1
企業組合がんね栗の里,https://www.ganneguri.com/,ganneguri.com,info@ganneguri.com,https://www.ganneguri.com/,both,A,omotenashi,,,
株式会社Ｍ＆Ｉメンテサービス,https://mi-mente.co.jp/,mi-mente.co.jp,info@mi-mente.co.jp,https://mi-mente.co.jp/,both,A,omotenashi,,,
BLUE BUTTERFLY,https://blue-butterfly-puzzle.com/,blue-butterfly-puzzle.com,info@blue-butterfly-puzzle.com,https://blue-butterfly-puzzle.com/contact/,both,A,omotenashi,,,
株式会社高橋楠,https://takahashikusu.co.jp/,takahashikusu.co.jp,,https://takahashikusu.co.jp/contact/,form,B,omotenashi,,,
株式会社砺波商店,https://www.tonami-tkm.co.jp/,tonami-tkm.co.jp,,https://www.tonami-tkm.co.jp/contact/,form,B,omotenashi;minkougei_v3,,,
香り処穂の香,https://kaoridokoro-honoka.com/,kaoridokoro-honoka.com,,https://kaoridokoro-honoka.com/contact/,form,B,omotenashi,,,
合同会社 茶空民,http://chakuumin.com/,chakuumin.com,,http://chakuumin.com/inquiry/,form,B,omotenashi,,,
あるふぁちーむ合同会社,https://www.ma-mi.fi/,ma-mi.fi,hiro@j-ris.com,https://www.ma-mi.fi/contact/,both,A,omotenashi,,,1
株式会社ケイネックス,https://kaynex.co.jp/,kaynex.co.jp,info@kaynex.co.jp,https://kaynex.co.jp/,both,A,omotenashi,,,
株式会社CAVA DE ORO ASIA,https://cavadeoroasia.com/,cavadeoroasia.com,info@cavadeoroasia.com,https://cavadeoroasia.com/#contact,both,A,omotenashi,,,
藤原織布有限会社,https://www.fujiwarashokufu.com/,fujiwarashokufu.com,takao@fujiwarashokufu.com,https://www.fujiwarashokufu.com/contact.html,both,A,omotenashi,,,
株式会社丸山園茶店,http://www.maruyamaen.net/,maruyamaen.net,info@maruyamaen.net,http://www.maruyamaen.net/contact.html,both,A,omotenashi,,,
大木産業株式会社,https://www.ogisangyo.com/,ogisangyo.com,mail@address.co.jp,https://www.ogisangyo.com/contact/,both,A,omotenashi,,,1
株式会社セイエンタプライズ,https://www.sei-inc.co.jp/,sei-inc.co.jp,privacy@sei-inc.co.jp,https://www.sei-inc.co.jp/contact-form,both,A,omotenashi,,,
成田食料株式会社,https://nari-shoku.co.jp/,nari-shoku.co.jp,info@nari-shoku.co.jp,https://nari-shoku.co.jp/contact/,both,A,omotenashi,,,
五明金箔工芸,https://www.gomei.ne.jp/,gomei.ne.jp,kyoto@gomei.ne.jp,https://www.gomei.ne.jp/contact/,both,A,omotenashi,,,
寳来堂,https://www.houraidouhonten.jp/,houraidouhonten.jp,info@houraidouhonten.jp,https://www.houraidouhonten.jp/,both,A,omotenashi,,,
中洲 酔壱ない,https://tabelog.com/fukuoka/A4001/A400102/40052727/,tabelog.com,,https://tabelog.com/account/temp_login_form/,form,B,omotenashi;satofull,,,
株式会社T-CONCEPTION,https://t-conception.jp/,t-conception.jp,,,none,none,omotenashi,,,
株式会社昭和ファーム,https://www.showafarm.co.jp/,showafarm.co.jp,,https://www.showafarm.co.jp/contact/,form,B,omotenashi,,,
バスリエ株式会社,https://www.bathlier.com/,bathlier.com,info@bathlier.co.jp,https://www.bathlier.com/contact,both,A,omotenashi,,,1
光章,https://www.kyoto-kosho.shop/,kyoto-kosho.shop,shopping@kyoto-kosho.shop,https://www.kyoto-kosho.shop/html/company.html,both,A,omotenashi,,,
yo-mo（株式会社ラムモード）,https://yo-mo.shop/,yo-mo.shop,,https://yo-mo.shop-pro.jp/customer/signup/new,form,B,omotenashi,,,
株式会社ラクエモン,https://www.paspita.com/maker/rakuemon.html,paspita.com,,,none,none,omotenashi,,,
和風手作りカードnakazawa（有限会社ナッティゾーン）,http://www.nattyzone.com/,nattyzone.com,,,none,none,omotenashi,,,
株式会社万化,https://www.mankaso.jp/,mankaso.jp,,https://www.mankaso.jp/hpgen/HPB/shop/policy.html,form,B,omotenashi,,,
池田薬草株式会社,https://www.ikeda-yakusou.co.jp/,ikeda-yakusou.co.jp,,https://www.ikeda-yakusou.co.jp/contact.html,form,B,omotenashi,,,
株式会社中村製作所,https://www.nakamuraseisakusyo.co.jp/,nakamuraseisakusyo.co.jp,,,none,none,omotenashi,,,
健繊株式会社,https://www.kensen.co.jp/,kensen.co.jp,toiawase@kensen.co.jp,,email,A,omotenashi,,,
小野養鶏場・里山楽房,https://www.oshima.pref.hokkaido.lg.jp/ss/nkc/OGT/ono.html,oshima.pref.hokkaido.lg.jp,,https://www.oshima.pref.hokkaido.lg.jp/inquiry/?group=627&page=58791,form,B,omotenashi,,,
有限会社re･make（ゆらぎスタイル）,https://yuragi.co.jp/,yuragi.co.jp,info@yuragi.co.jp,https://yuragi.co.jp/,both,A,omotenashi,,,
桂新堂株式会社,https://keishindo-shop.com/?srsltid=AfmBOor1-oAzD7yZJbFYcpGewqg4dZDwE2JlA4obCtIAWyMqXrerZcD5,keishindo-shop.com,,https://keishindo-shop.com/?srsltid=AfmBOor1-oAzD7yZJbFYcpGewqg4dZDwE2JlA4obCtIAWyMqXrerZcD5,form,B,omotenashi,,,
藤田金属株式会社,http://www.fujita-kinzoku.jp/,fujita-kinzoku.jp,nomoto@fujita-kinzoku.jp,http://www.fujita-kinzoku.jp/contact.html,form,A,omotenashi;ilt_direct;ilt_v2;ambiente_direct,messe_frankfurt_exhibitor_api,,
HopeWill 淡路島,https://www.hopewill.jp/,hopewill.jp,,https://www.hopewill.jp/login/inquiryedit,form,B,omotenashi,,,
京都機械工具株式会社,https://ktc.jp/,ktc.jp,entry@ktc.jp,https://ktc.jp/,both,A,omotenashi,,,
株式会社Office HAT,https://officehat.co.jp/,officehat.co.jp,info@officehat.co.jp,https://officehat.co.jp/,both,A,omotenashi,,,
COS KYOTO株式会社,http://cos-kyoto.com/,cos-kyoto.com,contact@cos-kyoto.com,http://cos-kyoto.com/,both,A,omotenashi,,,
atelier C-style,https://c2style11.base.shop/,c2style11.base.shop,,https://c2style11.base.shop/about,form,B,omotenashi,,,
株式会社日本橋OIKAWA,https://nihonbashi-oikawa.com/,nihonbashi-oikawa.com,,https://nihonbashi-oikawa.com/contact/,form,B,omotenashi,,,
Saint Graal,https://saintgraal.official.ec/,saintgraal.official.ec,,https://saintgraal.official.ec/about,form,B,omotenashi,,,
三州製菓株式会社,https://sanshu.com/,sanshu.com,,https://sanshu.com/inquiry/,form,B,omotenashi,,,
株式会社ティエスピー,https://www.t-s-p.jp/,t-s-p.jp,info@t-s-p.jp,https://www.t-s-p.jp/?page_id=11,both,A,omotenashi,,,
WithFunフード株式会社,https://withfun.co.jp/food/,withfun.co.jp,penelope.simmons7@gmail.com,https://withfun.co.jp/food/contact,both,A,omotenashi,,1,
関プレス工業株式会社,https://www.sekipress.com/,sekipress.com,,https://www.sekipress.com/contact/,form,B,omotenashi,,,
株式会社バイオアース,https://bioearth.jp/,bioearth.jp,,https://bioearth.jp/contact/,form,B,omotenashi,,,
株式会社エーゲル（NAGI Kyoto）,https://nagikyoto.com/,nagikyoto.com,,https://nagikyoto.com/contact/,form,B,omotenashi,,,
ヴィンテージ リバイバル プロダクションズ,https://www.vrp-jp.com/,vrp-jp.com,info@vrp-jp.com,https://www.vrp-jp.com/contact/,both,A,omotenashi,,,
有限会社家具のあづま,https://azuma-kiri.jp/,azuma-kiri.jp,,https://azuma-kiri.jp/contact,form,B,omotenashi,,,
株式会社フードリレーション,http://www.foodrelation.com/,foodrelation.com,,http://www.foodrelation.com/contact,form,B,omotenashi,,,
ドーバー酒造株式会社,https://www.dover.co.jp/?srsltid=AfmBOoqvtAq_XjGhEoDe2TxPojVboPYKfo_gqF667a-W2dJdoGVCMpeR,dover.co.jp,,https://www.dover.co.jp/contact/,form,B,omotenashi,,,
女装紳士,https://zyosoushinshi.wixsite.com/zyosouosaka,zyosoushinshi.wixsite.com,zyosoumeiku@gmail.com,,email,A,omotenashi,,1,
株式会社望月宝飾,https://www.mochizukihoushoku.co.jp/,mochizukihoushoku.co.jp,,https://www.mochizukihoushoku.co.jp/#makeshop-common-contact-url,form,B,omotenashi,,,
有限会社とよや勘兵衛,https://toyoyakanbee.com/,toyoyakanbee.com,,https://toyoyakanbee.com/,form,B,omotenashi,,,
勘田亀吉,https://kandakamekichi.com/,kandakamekichi.com,info@kandakamekichi.com,https://kandakamekichi.com/contact,both,A,omotenashi,,,
有限会社華緑園本舗,https://www.karokuen.co.jp/,karokuen.co.jp,,https://www.karokuen.co.jp/#company,form,B,omotenashi,,,
株式会社むらせ,https://www.murase-group.co.jp/,murase-group.co.jp,,https://www.murase-group.co.jp/contact/,form,B,omotenashi,,,
住友商事株式会社,https://www.sumitomocorp.com/ja/jp/,sumitomocorp.com,,https://www.sumitomocorp.com/ja/jp/ir/information-disclosure,form,B,omotenashi,,,
米粉専門店 Kome Co.,https://komecokomeco.com/,komecokomeco.com,komeco.r3130utsunomiya@gmail.com,https://komecokomeco.com/contents/category/contact/,both,A,omotenashi,,1,
株式会社ヤマチク,https://hashi.co.jp/,hashi.co.jp,info@hashi.co.jp,https://hashi.co.jp/contact-recruit/,both,A,omotenashi;dainipponichi,,,
株式会社JouZo,https://jouzo.co.jp/,jouzo.co.jp,info@jouzo.co.jp,https://jouzo.co.jp/,both,A,omotenashi,,,
フリームジャパン株式会社,https://freemjapan.jp/,freemjapan.jp,info@freemjapan.jp,https://freemjapan.jp/,both,A,omotenashi,,,
mizuiro株式会社,https://mizuiroinc.com/,mizuiroinc.com,info@mizuiroinc.com,https://mizuiroinc.com/,both,A,omotenashi,,,
株式会社MONARIOキャピタルフーズ,https://www.monario.jp/,monario.jp,,https://www.monario.jp/contact/,form,B,omotenashi,,,
株式会社ハイネス,https://www.highness-co.jp/,highness-co.jp,,https://www.highness-co.jp/contact/qa/,form,B,omotenashi,,,
株式会社センショー,https://www.sensyo-ltd.co.jp/,sensyo-ltd.co.jp,info@sensyo-ltd.co.jp,https://www.sensyo-ltd.co.jp/,both,A,omotenashi,,,
有限会社えがわ,https://egawanomizuyoukan.com/,egawanomizuyoukan.com,info@egawanomizuyoukan.com,https://egawanomizuyoukan.com/,both,A,omotenashi,,,
yaya no teshigoto,https://yaya-no-teshigoto.square.site/page,yaya-no-teshigoto.square.site,,,none,none,omotenashi,,,
株式会社ゆたか,https://yutaka-web.com/,yutaka-web.com,office@yutaka-web.com,https://yutaka-web.com/,both,A,omotenashi,,,
さかさま工房,https://www.sakasamakobo.com/,sakasamakobo.com,,,none,none,omotenashi,,,
株式会社たわら屋,https://www.tawara-ya.co.jp/,tawara-ya.co.jp,loastbeef-tuhan@tawara-ya.co.jp,https://www.tawara-ya.co.jp/f/contact,both,A,omotenashi,,,
株式会社田中德兵衞商店,https://www.central-group.co.jp/miso/,central-group.co.jp,,,none,none,omotenashi,,,
株式会社末廣昆布,https://www.suehiro-konbu.jp/,suehiro-konbu.jp,,https://www.suehiro-konbu.jp/form.html,form,B,omotenashi,,,
ケンコー食品株式会社,https://www.kenko-foods.co.jp/,kenko-foods.co.jp,info@kenko-foods.co.jp,,email,A,omotenashi,,,
株式会社三愛,http://www.san-ai-co.jp/,san-ai-co.jp,,http://www.san-ai-co.jp/contact.html,form,B,omotenashi,,,
SIONE,https://sione.jp/,sione.jp,youraddress@domain.com,https://sione.jp/contact,both,A,omotenashi,,,1
西染工株式会社,https://nishisenkoh.com/,nishisenkoh.com,,https://nishisenkoh.com/contact/,form,B,omotenashi,,,
加藤木工,https://katomoku.jp/,katomoku.jp,,,none,none,omotenashi,,,
有限会社まるみ麹本店,https://www.marumikouji.com/,marumikouji.com,,https://www.marumikouji.com/login/inquiryedit,form,B,omotenashi,,,
OFFICE OTAKA,https://otctax.com/,otctax.com,privacy@otctax.com,https://otctax.com/contact/,both,A,omotenashi,,,
日本電子技術株式会社,https://jet1.co.jp/,jet1.co.jp,ask@jet1.co.jp,https://jet1.co.jp/cms/,both,A,omotenashi,,,
久保さんちのお米株式会社,https://kubosantino-okome.com/,kubosantino-okome.com,,https://kubosantino-okome.com/contact/index.html,form,B,omotenashi,,,
株式会社フルーツ・ジャパン,https://fruits-j.co.jp/,fruits-j.co.jp,,,none,none,omotenashi,,,
柳川冷凍食品株式会社,https://yanarei.co.jp/,yanarei.co.jp,info@yanarei.co.jp,https://yanarei.co.jp/contact/,both,A,omotenashi,,,
有限会社山清環境アレルギー研究所,https://yamasei-allergyclear.jp/,yamasei-allergyclear.jp,info@yamasei-allergyclear.jp,https://yamasei-allergyclear.jp/,both,A,omotenashi,,,
株式会社バルコス,https://shopbarcos.jp/,shopbarcos.jp,,https://shopbarcos.jp/c/scene/formal,form,B,omotenashi,,,
やくしま果鈴（合同会社やくしま果鈴）,https://www.yakushima-karin.com/,yakushima-karin.com,,https://www.yakushima-karin.com/blog/shop/,form,B,omotenashi,,,
株式会社芳薫堂,https://www.hokundo.co.jp/,hokundo.co.jp,info@hokundo.co.jp,https://www.hokundo.co.jp/contact/index.html,both,A,omotenashi,,,
ロイヤル化粧品株式会社,https://www.royalcos.co.jp/,royalcos.co.jp,recruit@royalcos.co.jp,https://www.royalcos.co.jp/company/,both,A,omotenashi,,,
株式会社CIERS,https://ciers.co.jp/,ciers.co.jp,,,none,none,omotenashi,,,
株式会社かめびし,https://kamebishi.co.jp/,kamebishi.co.jp,info@kamebishi.com,https://kamebishi.co.jp/contact/,both,A,omotenashi,,,1
本多プラス株式会社,https://www.hondaplus.co.jp/,hondaplus.co.jp,info@hondaplus.co.jp,https://www.hondaplus.co.jp/contact/,both,A,omotenashi,,,
株式会社NAZUNA,https://www.nazuna.co/,nazuna.co,,https://www.nazuna.co/contact/,form,B,omotenashi,,,
O-ETSU食品工業株式会社,https://www.o-etsu.jp/,o-etsu.jp,,https://www.o-etsu.jp/contact,form,B,omotenashi,,,
株式会社海の中道アスレチックパーク,https://seadragoon.jp/,seadragoon.jp,,,none,none,omotenashi,,,
一二三庵日本料理教室,https://hifumi-an.com/,hifumi-an.com,,,none,none,omotenashi,,,
株式会社ほんま,https://www.e-honma.co.jp/,e-honma.co.jp,,,none,none,omotenashi,,,
有限会社東屋,https://azumaya.bz/,azumaya.bz,,https://azumaya.bz/contact,form,B,omotenashi,,,
Miコーポレーション株式会社,https://www.matsuishi.com/,matsuishi.com,,https://www.matsuishi.com/form/,form,B,omotenashi,,,
SAMURAI MOVE GEAR（株式会社N.G.M）,https://samurai-mg.jp/,samurai-mg.jp,,https://smg.shop-pro.jp/customer/signup/new,form,B,omotenashi,,,
株式会社三味洪庵,https://sanmikouan.jp/,sanmikouan.jp,info@sanmikouan.co.jp,,email,A,omotenashi,,,1
株式会社梅月冨本人形園,https://www.tokoname-manekineko.com/,tokoname-manekineko.com,info@tokoname-manekineko.com,https://www.tokoname-manekineko.com/,both,A,omotenashi,,,
金継ぎ暮らし（株式会社八意）,https://kintsugikurashi.co.jp/?srsltid=AfmBOooqIE1P8N1YW40V3NWrl6AnYXYTwWm8V-gvlay_yOrm6Qls5W1W,kintsugikurashi.co.jp,support@kintsugikurashi.com,https://kintsugikurashi.co.jp/?srsltid=AfmBOooqIE1P8N1YW40V3NWrl6AnYXYTwWm8V-gvlay_yOrm6Qls5W1W,both,A,omotenashi,,,1
文庫屋「大関」,https://www.oozeki-shop.com/?srsltid=AfmBOorZTPxIPCiu7L0yo6hX4IOT-VidcydBKX_w0obkGt64zbBtMXr-,oozeki-shop.com,order@oozeki-shop.com,https://www.oozeki-shop.com/?srsltid=AfmBOorZTPxIPCiu7L0yo6hX4IOT-VidcydBKX_w0obkGt64zbBtMXr-,both,A,omotenashi,,,
合同会社アルチザン,https://gift-shokki.com/,gift-shokki.com,,https://gift-shokki.com/contact/,form,B,omotenashi,,,
tommy110369,https://tommy110369.square.site/,tommy110369.square.site,,,none,none,omotenashi,,,
有限会社メルシー,https://merci-design.co.jp/,merci-design.co.jp,,,none,none,omotenashi,,,
株式会社MONOづくり,https://japanese-modern.co.jp/,japanese-modern.co.jp,yabu-wamodan@yabushita-hd.co.jp,https://japanese-modern.co.jp/,both,A,omotenashi,,,1
株式会社神明きっちん,https://www.akafuji.co.jp/,akafuji.co.jp,,https://www.akafuji.co.jp/faq/contact.html,form,B,omotenashi,,,
Ristorante Renata,https://ristoranterenata.jp/,ristoranterenata.jp,,,none,none,omotenashi,,,
株式会社山間屋,https://sankanya.net/,sankanya.net,,https://sankanya.net/contact.html,form,B,omotenashi,,,
NaturaMoon,https://naturamoon.jp/,naturamoon.jp,,https://naturamoon.jp/contact.php,both,B,omotenashi,,,
株式会社コージー本舗,https://www.koji-honpo.co.jp/,koji-honpo.co.jp,,https://www.koji-honpo.co.jp/contact/,form,B,omotenashi,,,
明治製薬株式会社,https://meijiseiyaku.co.jp/,meijiseiyaku.co.jp,,https://meijiseiyaku.co.jp/contact/,form,B,omotenashi,,,
株式会社天煌堂,https://tenkodo.life/,tenkodo.life,,,none,none,omotenashi,,,
大友千里デザイン株式会社,https://jeae.co.jp/,jeae.co.jp,info@fukagawaodori.com,https://www.jeae.co.jp/,both,A,omotenashi,,,1
株式会社マスクフジコー,https://massc.jp/,massc.jp,,https://massc.jp/contact/,form,B,omotenashi,,,
原農場,https://haranoujyo.com/,haranoujyo.com,,https://haranoujyo.com/contact/,form,B,omotenashi,,,
平坂製薬株式会社,https://hirasaka.co.jp/,hirasaka.co.jp,info@hirasaka.co.jp,https://hirasaka.co.jp/pages/110/,both,A,omotenashi,,,
株式会社意匠堂,https://e-show-do.co.jp/,e-show-do.co.jp,,https://e-show-do.co.jp/category/reformworks/,form,B,omotenashi,,,
有限会社仲西眼鏡店,https://www.optique-nakanishi.com/,optique-nakanishi.com,service@optique-nakanishi.com,https://www.optique-nakanishi.com/,both,A,omotenashi,,,
全日空商事株式会社,https://www.anatc.com/,anatc.com,,https://www.anatc.com/company/financial_information/,form,B,omotenashi,,,
株式会社正観寺丸宝,https://shokanji-maruho.com/,shokanji-maruho.com,s-maruho@polka.ocn.ne.jp,https://shokanji-maruho.com/,both,A,omotenashi,,,1
obico,https://obico.jp/,obico.jp,info@obico.jp,https://obico.jp/,both,A,omotenashi,,,
Fuwa Market（株式会社 風和カンパニー）,https://fuwaco.jp/,fuwaco.jp,,https://fuwaco.jp/contact/,form,B,omotenashi,,,
株式会社リフェット,https://www.lifet.jp/,lifet.jp,,https://www.lifet.jp/contact,form,B,omotenashi,,,
マルヤマ農園,https://maruyama.ocnk.net/,maruyama.ocnk.net,,https://maruyama.ocnk.net/contact,form,B,omotenashi,,,
株式会社ベネフィシア,https://vina-beneficia.com/,vina-beneficia.com,,https://vina-beneficia.com/contact/,form,B,omotenashi,,,
株式会社ジュエリーアイワ,https://www.j-aiwa.com/,j-aiwa.com,,,none,none,omotenashi,,,
株式会社大麦工房ロア,https://oomugi.co.jp/?srsltid=AfmBOoqAiY99tXeNB8kbArN9YI2uO-nUtP0hjoTuoqyGhpYDkwsNP5zZ,oomugi.co.jp,shop@oomugi.jp,https://oomugi.co.jp/about/,both,A,omotenashi,,,1
株式会社エンターテイン（JOJO COFFEE）,https://jojocoffee.base.shop/,jojocoffee.base.shop,,https://jojocoffee.base.shop/law,form,B,omotenashi,,,
和食さと（サトフードサービス株式会社）,https://sato-res.com/sato/,sato-res.com,,https://sato-res.com/contact/,form,B,omotenashi,,,
株式会社フォーワテック・ジャパン,https://www.forwatec.co.jp/,forwatec.co.jp,,https://www.forwatec.co.jp/customer/,form,B,omotenashi,,,
キューサイ株式会社,https://corporate.kyusai.co.jp/,corporate.kyusai.co.jp,koho@kyusai.co.jp,https://corporate.kyusai.co.jp/others/contact.php,both,A,omotenashi,,,1
FAB.(dot)（株式会社ホビー）,https://fabdot.jp/,fabdot.jp,,https://fabdot.jp/pages/contact,form,B,omotenashi,,,
ペーパークラフト株式会社,https://paper-craft.co.jp/,paper-craft.co.jp,,https://paper-craft.co.jp/contact/,form,B,omotenashi,,,
えにしんぐ酒販（株式会社えにしんぐエンターテイメント）,https://enishing.com/,enishing.com,info@enishing.com,https://enishing.com/contact,both,A,omotenashi,,,
株式会社わんわん,https://www.wanwan.co.jp/,wanwan.co.jp,,https://www.wanwan.co.jp/contact,form,B,omotenashi,,,
株式会社ブルーフォレスト貿易,https://www.blueforest-trading.jp/,blueforest-trading.jp,cs@blueforest-trading.jp,https://www.blueforest-trading.jp/,both,A,omotenashi,,,
株式会社たかやま振興公社,https://takayama-promotion.jp/,takayama-promotion.jp,,https://takayama-promotion.jp/pages/contact,form,B,omotenashi,,,
U-DOT（株式会社ヴァーブクリエーション）,https://verb-creation.com/,verb-creation.com,info@verb-creation.com,https://verb-creation.com/contact/,both,A,omotenashi,,,
株式会社ビッグサンタ,https://100banya.com/,100banya.com,info@bigsanta.jp,https://100banya.com/contact.html,both,A,omotenashi,,,1
株式会社日本能率協会マネジメントセンター,https://www.jmam.co.jp/,jmam.co.jp,contact@jmam.co.jp,https://www.jmam.co.jp/inquiry/,both,A,omotenashi,,,
まえだ彫工処,http://kiboriawaji.com/,kiboriawaji.com,awaji@a-carving.jp,,email,A,omotenashi,,,1
愛され和牛（えんどう畜産）,https://www.endo-chikusan.com/,endo-chikusan.com,,https://www.endo-chikusan.com/contact/,form,B,omotenashi,,,
秋田酒類製造株式会社,https://www.takashimizu.co.jp/,takashimizu.co.jp,,https://www.takashimizu.co.jp/company/contact,form,B,omotenashi,,,
株式会社enne,https://www.ennegt.com/,ennegt.com,wordpress@ennegt.com,https://www.ennegt.com/support/,both,A,omotenashi,,,
株式会社トレーダー愛,https://www.aigroup.co.jp/distribution/,aigroup.co.jp,re@aigroup.co.jp,https://www.aigroup.co.jp/contact/,both,A,omotenashi,,,
有限会社京吉,https://kyoukichi.co.jp/,kyoukichi.co.jp,info@kyoukichi.co.jp,https://kyoukichi.co.jp/privacy/,both,A,omotenashi,,,
有限会社彩工房,http://www.saikobo.jp/,saikobo.jp,,http://www.saikobo.jp/contact.html,form,B,omotenashi,,,
花屋漆器産業株式会社,https://www.hanaya-nagano.co.jp/,hanaya-nagano.co.jp,,https://www.hanaya-nagano.co.jp/contact/,form,B,omotenashi,,,
馬場長金物株式会社,https://www.babachokanamono.co.jp/,babachokanamono.co.jp,,https://www.babachokanamono.co.jp/contact/,form,B,omotenashi,,,
株式会社三陽商会,https://www.sanyo-shokai.co.jp/,sanyo-shokai.co.jp,,,none,none,omotenashi,,,
NPO法人光探索協会,https://www7b.biglobe.ne.jp/~hikari-search/index.html,www7b.biglobe.ne.jp,hikari-search@kzh.biglobe.ne.jp,https://www7b.biglobe.ne.jp/~hikari-search/admission.html,both,A,omotenashi,,,1
KITAO MATCHA（株式会社北尾化粧品部）,https://www.kitao-store.com/,kitao-store.com,info@kitao.co.jp,https://www.kitao-store.com/hpgen/HPB/shop/policy.html,both,A,omotenashi,,,1
株式会社YC・Primarily,https://lovechrome.jp/?srsltid=AfmBOorDaD5a2PMTTzJy21aqZeZ8F60VWwlDK6_Qmfvc512i4ZquSpVl,lovechrome.jp,info.lct@lovechrome.jp,https://lovechrome.jp/pages/contact-1,both,A,omotenashi,,,
namiliva（NAMIDA ORIGINAL）,https://namiliva.jp/,namiliva.jp,,https://namiliva.jp/pages/contact,form,B,omotenashi,,,
株式会社横正機業場,https://yokosho.co.jp/,yokosho.co.jp,,https://yokosho.co.jp/pages/contact,form,B,omotenashi,,,
まるてん有限会社,https://katuobushi.com/,katuobushi.com,maruten@katuobushi.com,https://katuobushi.com/,both,A,omotenashi,,,
無添加石鹸本舗,https://www.mutenka-sekken.com/?srsltid=AfmBOoqquiAJyQdV8JrMhYTSjIWERjeoOkNsDWj0h6vECAmEomF7KFXO,mutenka-sekken.com,info@marubishi-sekken.co.jp,https://www.mutenka-sekken.com/?srsltid=AfmBOoqquiAJyQdV8JrMhYTSjIWERjeoOkNsDWj0h6vECAmEomF7KFXO,both,A,omotenashi,,,1
BoCo株式会社,https://boco.co.jp/,boco.co.jp,contact@boco.co.jp,https://boco.co.jp/contact,both,A,omotenashi,,,
株式会社なんどき,https://nandoki.co.jp/,nandoki.co.jp,nandoki_yokoyama@ybb.ne.jp,https://nandoki.co.jp/company/,both,A,omotenashi,,,1
株式会社長坂養蜂場,https://www.1183.co.jp/,1183.co.jp,info@1183.co.jp,https://www.1183.co.jp/,both,A,omotenashi,,,
株式会社マナビス化粧品,https://www.manavis-cosme.co.jp/,manavis-cosme.co.jp,,,none,none,omotenashi,,,
株式会社アテックス,https://www.atex-net.co.jp/,atex-net.co.jp,,https://www.atex-net.co.jp/business-inquiry/,form,B,omotenashi,,,
パリ・ドートンヌ,https://paris-dautomne.com/,paris-dautomne.com,info@paris-dautomne.com,https://paris-dautomne.com/,both,A,omotenashi,,,
株式会社岩鋳,https://iwachu.co.jp/,iwachu.co.jp,kaikan@iwachu.co.jp,https://iwachu.co.jp/pages/contact,both,A,omotenashi;minkougei_v3,,,
株式会社ブライダルプロデュース,https://www.bridal-produce.co.jp/,bridal-produce.co.jp,,https://www.bridal-produce.co.jp/business/lifesupport/,form,B,omotenashi,,,
Koaきゅぅと,https://koa-cute.com/,koa-cute.com,,https://koa-cute.com/contact/,form,B,omotenashi,,,
ataraina（株式会社クリエイティブトレーディング）,https://createch-gt.com/ataraina/,createch-gt.com,creative_trading@createch.co.jp,https://createch-gt.com/ataraina/oishi/,both,A,omotenashi,,,1
スティーラーズ株式会社,https://www.steelers.co.jp/,steelers.co.jp,saitoakio@steelers.co.jp,https://www.steelers.co.jp/contact.html,both,A,omotenashi,,,
株式会社セブンシーズ,https://7seas.co.jp/,7seas.co.jp,info@7seas.co.jp,https://7seas.co.jp/,both,A,omotenashi,,,
株式会社エスパック,https://www.spack.co.jp/,spack.co.jp,,https://www.spack.co.jp/contact/,form,B,omotenashi,,,
株式会社アトリエYOU,https://titan-atelieryou.com/,titan-atelieryou.com,you@titan-atelieryou.com,https://titan-atelieryou.com/,both,A,omotenashi,,,
有限会社ビースタッフ,https://b-stuff.co.jp/,b-stuff.co.jp,,,none,none,omotenashi,,,
株式会社Lisse,https://www.lisse.jp/,lisse.jp,,https://www.lisse.jp/contact01/,form,B,omotenashi,,,
株式会社竹中木工,https://take-naka.co.jp/,take-naka.co.jp,,,none,none,omotenashi,,,
株式会社TIME&GARDEN,https://timeandgarden.com/,timeandgarden.com,,,none,none,omotenashi,,,
株式会社ロウロウジャパン,https://rourou.com/?srsltid=AfmBOooTS7l5amBcZX-oTPnBeV9vibVhpMqvejO_W5iMgQ8GMBdANJQq,rourou.com,support@rourou.com,https://rourou.com/pages/contact,both,A,omotenashi,,,
大同機工株式会社,https://www.daido-kiko.co.jp/,daido-kiko.co.jp,info@mail.com,https://www.daido-kiko.co.jp/contact/,both,A,omotenashi;ilt_direct;ilt_v2,,,1
株式会社nana89,https://nana89.tokyo/,nana89.tokyo,,https://nana89.tokyo/contact/,form,B,omotenashi,,,
株式会社Circumo,https://www.circumo.online/,circumo.online,contact@circumo.co.jp,https://www.circumo.online/,both,A,omotenashi,,,1
さいとう製菓株式会社,https://saitoseika.co.jp/,saitoseika.co.jp,kikaku@saitoseika.co.jp,https://saitoseika.co.jp/,both,A,omotenashi,,,
株式会社あまたにチーズ工房,https://www.sumishiro.com/,sumishiro.com,,https://www.sumishiro.com/policy,form,B,omotenashi,,,
株式会社中島大祥堂,https://www.nakajimataishodo.jp/,nakajimataishodo.jp,houjin@danke-net.co.jp,https://www.nakajimataishodo.jp/business/contact/,both,A,omotenashi,,,1
雅紅茶（有限会社ガーラジャパン）,https://www.miyabi-blacktea.com/,miyabi-blacktea.com,,https://www.miyabi-blacktea.com/about,form,B,omotenashi,,,
道本食品株式会社,https://michimoto-foods.co.jp/,michimoto-foods.co.jp,,https://michimoto-foods.co.jp/contact/,form,B,omotenashi,,,
公益財団法人茨城県開発公社,https://www.dc-ibaraki.or.jp/,dc-ibaraki.or.jp,,,none,none,omotenashi,,,
合同会社R4Yours,https://r4yours.com/,r4yours.com,,https://r4yours.com/contact/,form,B,omotenashi,,,
菊水酒造株式会社,https://kikusui-sake.com/,kikusui-sake.com,,,none,none,omotenashi,,,
株式会社R2,https://www.r2-pet.com/,r2-pet.com,,,none,none,omotenashi,,,
株式会社しおそう商店,https://shioso.com/?srsltid=AfmBOopIgYItCboUAqmMPDj6dCeD8LptcqtefRaFAiumg9KSpMLJM2IN,shioso.com,support@shioso.com,https://shioso.com/?srsltid=AfmBOopIgYItCboUAqmMPDj6dCeD8LptcqtefRaFAiumg9KSpMLJM2IN,both,A,omotenashi,,,
株式会社ポジティブドリームパーソンズ,https://www.positive.co.jp/,positive.co.jp,,https://www.positive.co.jp/contact/,form,B,omotenashi,,,
LASANTE（株式会社ラサンテ）,https://www.lasante.co.jp/,lasante.co.jp,shop@lasante.co.jp,https://www.lasante.co.jp/#makeshop-common-contact-url,both,A,omotenashi,,,
株式会社ライブアライフ,https://livealife.co.jp/,livealife.co.jp,,https://livealife.co.jp/contact/,form,B,omotenashi,,,
株式会社NEXTLEVEL スープカレー奥芝商店,https://okushiba.net/,okushiba.net,info@okushiba.net,https://okushiba.net/contact/,both,A,omotenashi,,,
奈良さくらコットン（やまともめん工房合同会社）,https://narasakura.official.ec/,narasakura.official.ec,,,none,none,omotenashi,,,
ANMEI／森林浴茶,https://www.shinrinyokucha.com/,shinrinyokucha.com,kmm@shinrinyokucha.com,,email,A,omotenashi,,,
株式会社大久保醸造店,https://s-shoyu.com/kura/ookubo/,s-shoyu.com,,https://s-shoyu.com/about-kioke-list/,form,B,omotenashi,,,
株式会社おばねや,https://obaneya.co.jp/,obaneya.co.jp,gobou@obaneya.co.jp,https://obaneya.co.jp/,both,A,omotenashi,,,
株式会社セルクル,https://cercle-inc.jp/,cercle-inc.jp,,https://cercle-inc.jp/about/customerharassment,form,B,omotenashi,,,
相楽ネットワーク株式会社,https://milkhoney.jp/,milkhoney.jp,info@souraku-network.com,,email,A,omotenashi,,,1
合同会社AtelierShark,https://atelier-shark.com/,atelier-shark.com,info@atelier-shark.com,https://atelier-shark.com/pages/contact,both,A,omotenashi,,,
株式会社サザエ食品,https://www.sazae.co.jp/,sazae.co.jp,,https://www.sazae.co.jp/contact/,form,B,omotenashi,,,
餃子専門店 紬刃–つむは–,https://tsumuha.com/,tsumuha.com,,,none,none,omotenashi,,,
株式会社Hinoki,https://hinokigroup.co.jp/,hinokigroup.co.jp,,https://hinokigroup.co.jp/contact/,form,B,omotenashi,,,
METALSTIC,https://metalstic.jimdoweb.com/,metalstic.jimdoweb.com,,,none,none,omotenashi,,,
吉田金属工業株式会社,https://www.yoshikin.co.jp/,yoshikin.co.jp,recruit@yoshikin.co.jp,https://www.yoshikin.co.jp/about-us/recruit/,both,A,omotenashi,,,
㈱浜鈴総芸,https://herb.ocnk.net/product/338,herb.ocnk.net,herb-g-pocket@nifty.com,https://herb.ocnk.net/product/338,form,A,minkougei;minkougei_v2,https://herb.ocnk.net/product/338,,1
江口製陶所,https://yoshidayaki.jp/product/modern-daruma/,yoshidayaki.jp,,https://yoshidayaki.jp/contact/,none,B,minkougei;minkougei_v2,,,
会津桐タンス㈱,http://www.aizukiri.co.jp,aizukiri.co.jp,,http://www.aizukiri.co.jp,form,B,minkougei;minkougei_v2,,,
舘 タテグ工芸,,,,,none,none,minkougei,,,
広瀬創作工芸,,,,,none,none,minkougei,,,
㈱丸モ高木陶器,https://marumotakagi.buyshop.jp/items/93255388,marumotakagi.buyshop.jp,,https://marumotakagi.buyshop.jp/items/93255388,form,B,minkougei;minkougei_v2,,,
㈲せがわ京染店,https://yumeirosegawa.com,yumeirosegawa.com,,https://yumeirosegawa.com/contact/sendmail/,none,B,minkougei;minkougei_v2,,,
㈱磐城高箸,https://iwaki-takahashi.biz/products/cnf,iwaki-takahashi.biz,info@iwaki-takahashi.biz,https://iwaki-takahashi.biz/inquiry#wpcf7-f16-p14-o1,none,A,minkougei;minkougei_v2,https://iwaki-takahashi.biz/products/cnf,,
㈲スタッフ・㈱POTATO,,,,,none,none,minkougei,,,
さくら染家 和の衣さとう,https://www.wanokoromo.com/sakura.html,wanokoromo.com,,https://www.wanokoromo.com/sakura.html,form,B,minkougei;minkougei_v2;minkougei_v3,,,
彩り硝子工芸,https://www.edokiriko.com/,edokiriko.com,irodori@edokiriko.com,,none,A,minkougei;minkougei_v2,https://www.edokiriko.com/,,
小池ろうそく店 内 縄文ギャラリー「JOMON」,https://jomondoki.jp/,jomondoki.jp,info@jomondoki.jp,,email,A,minkougei;minkougei_v2,,,
ARTIGIANO(同),https://artigiano-llc.net/products/erba-%E3%82%A8%E3%83%AB%E3%83%90%E3%81%9D%E3%81%B0%E3%83%9E%E3%82%AB%E3%82%A46%E5%AF%B8?_pos=1&_sid=399254bda&_ss=r,artigiano-llc.net,,https://artigiano-llc.net/products/erba-%E3%82%A8%E3%83%AB%E3%83%90%E3%81%9D%E3%81%B0%E3%83%9E%E3%82%AB%E3%82%A46%E5%AF%B8?_pos=1&_sid=399254bda&_ss=r,both,B,minkougei;minkougei_v2,,,
㈲カツキ眼鏡,https://titankatsuki.shop-pro.jp/,titankatsuki.shop-pro.jp,shop@titankatsuki.shop-pro.jp,https://titankatsuki.shop-pro.jp/,both,A,minkougei;minkougei_v2,,,
㈱アイコム,http://www.prohobby.sakura.ne.jp,prohobby.sakura.ne.jp,pro-hobby@kvj.biglobe.ne.jp,https://mailto:pro-hobby@kvj.biglobe.ne.jp?subject=¨â¢í¹,none,A,minkougei;minkougei_v2,http://www.prohobby.sakura.ne.jp/,,1
小諸蒸留所,https://komorodistillery.com,komorodistillery.com,,https://komorodistillery.com,form,B,minkougei;minkougei_v2,,,
㈱柳瀬,,,,,none,none,minkougei,,,
㈱ヤマサ製作所,https://yamasa-ss.com,yamasa-ss.com,yamasa@maple.ocn.ne.jp,https://yamasa-ss.com,both,A,minkougei;minkougei_v2,,,1
㈲下山製作所,https://kakouya.shimoyamaseisakusho.com,kakouya.shimoyamaseisakusho.com,shimo-s@sirius.ocn.ne.jp,,none,A,minkougei;minkougei_v2,https://kakouya.shimoyamaseisakusho.com/,,1
安養寺窯,,,,,none,none,minkougei,,,
㈱文苑堂書店,https://www.bunendo.com,bunendo.com,app-support@bunendo.com,https://www.bunendo.com/contact/#wpcf7-f586-o1,none,A,minkougei;minkougei_v2;minkougei_v3,https://www.bunendo.com/,,
㈲前川正樹デザイン事務所（GIFThearts）,https://gifthearts.jp,gifthearts.jp,,,none,none,minkougei;minkougei_v2,,,
HIROガラス工房,http://www.hiro-glass.com,hiro-glass.com,info@hiro-glass.com,http://www.hiro-glass.com/cgi-bin/engraving/mpmail.cgi,none,A,minkougei;minkougei_v2;minkougei_v3,http://www.hiro-glass.com/,,
織元 毒武織物,,,,,none,none,minkougei,,,
MiKMoK,https://mikmok.base.shop/,mikmok.base.shop,,https://mikmok.base.shop/,form,B,minkougei;minkougei_v2,,,
安藤畳店,,,,,none,none,minkougei,,,
㈲つきや工房,,,,,none,none,minkougei,,,
広瀬創作工芸,https://hiroselamp.base.shop,hiroselamp.base.shop,,https://hiroselamp.base.shop,form,B,minkougei;minkougei_v2,,,
（一財）BIZEN中南米美術館,https://www.latinamerica.jp/,latinamerica.jp,info@latinamerica.jp,https://www.latinamerica.jp/shop/guide.php,email,A,minkougei;minkougei_v2,,,
鎌倉はんこ,http://www.kamakurahanko.com/,kamakurahanko.com,info@kamakurahanko.com,https://www.kamakurahanko.com/contact,none,A,minkougei;minkougei_v2,https://www.kamakurahanko.com/,,
十和田きみがらスリッパ生産組合,https://www.city.towada.lg.jp/kanko/tokusan/oishii/kimigara-slippers.html,city.towada.lg.jp,sanpin@city.towada.lg.jp,https://www.city.towada.lg.jp/cgi-bin/wcv/extend/form2mail/form2mail.cgi,email,A,minkougei;minkougei_v2,,,
欅産業㈱,https://www.sendaitansu.jp/top/,sendaitansu.jp,,https://www.sendaitansu.jp/top/,form,B,minkougei;minkougei_v2,,,
安養寺窯,http://www.anyoji.net/,anyoji.net,,,none,none,minkougei;minkougei_v2;minkougei_v3,,,
あさか野窯,https://www.asakano.net/,asakano.net,,https://www.asakano.net/contact/formCheck.php,none,B,minkougei;minkougei_v2;minkougei_v3,,,
田中貞豊鍛刀場,http://www.mamorikatana.sakura.ne.jp/,mamorikatana.sakura.ne.jp,koujitu365@ymail.ne.jp,,none,A,minkougei;minkougei_v2,https://mamorikatana.sakura.ne.jp/,,1
㈱サウススカイ,https://www.southsky.co.jp/,southsky.co.jp,info@southsky.co.jp,https://www.southsky.co.jp/contact/#wpcf7-f363-p18-o1,none,A,minkougei;minkougei_v2,https://www.southsky.co.jp/,,
北丸木工所,,,,,none,none,minkougei,,,
㈱沖縄ゴールデンファーム,,,,,none,none,minkougei,,,
さくら染家 和の衣さとう,,,,,none,none,minkougei,,,
㈱砺波商店,,,,,none,none,minkougei,,,
㈱岩鋳,,,,,none,none,minkougei,,,
HIROガラス工房,,,,,none,none,minkougei,,,
あさか野窯,,,,,none,none,minkougei,,,
㈱栄商会,,,,,none,none,minkougei,,,
タイヨウネクタイ㈱,,,,,none,none,minkougei,,,
㈱和泉利器製作所,,,,,none,none,minkougei,,,
散歩の途中,,,,,none,none,minkougei,,,
深田畳店,,,,,none,none,minkougei,,,
福知山市 やくの木と漆の館,,,,,none,none,minkougei,,,
橋本修治商店,,,,,none,none,minkougei,,,
越前焼工業協同組合,,,,,none,none,minkougei,,,
吉岡ロゴテック,,,,,none,none,minkougei,,,
㈱文苑堂書店,,,,,none,none,minkougei,,,
㈱やまひで,,,,,none,none,minkougei,,,
㈲木阪賞文堂,,,,,none,none,minkougei,,,
山村染織工芸,https://yamamura-sensyokukougei.net/,yamamura-sensyokukougei.net,inho@ajisai-plaza.hall-inho.jp,https://yamamura-sensyokukougei.net/form/mailform/send.cgi,none,A,minkougei;minkougei_v2,https://yamamura-sensyokukougei.net/,,1
Lino Drops Kamakura,https://www.linodropskamakura.com/,linodropskamakura.com,info@linodrops.com,https://www.linodropskamakura.com/contact/,none,A,minkougei;minkougei_v2,https://www.linodropskamakura.com/,,1
社会福祉法人 かすみが丘学園 就労支援センター ワークかすみ,https://kasumigaoka.net/index.php,kasumigaoka.net,,https://kasumigaoka.net/contact/php/mailform.php,none,B,minkougei;minkougei_v2,,,
花森商店,,,,,none,none,minkougei,,,
㈱リュウコドウ,http://www.kyoto-ryukodo.com/,kyoto-ryukodo.com,info@kyoto-ryukodo.com,https://www.kyoto-ryukodo.com/contact2/#wpcf7-f15-p35-o1,none,A,minkougei;minkougei_v2,http://www.kyoto-ryukodo.com/,,
社会福祉法人 熊本県社会福祉事業団 熊本県くすのき園,https://k-kusunoki.com/,k-kusunoki.com,,https://k-kusunoki.com/,form,B,minkougei;minkougei_v2,,,
”ＴＨＥ ＢＡＳＥ” ＫＩＴＡＨＩＲＯＳＨＩＭＡ,https://hiroshimakita-beer.foodre.jp/,hiroshimakita-beer.foodre.jp,,,none,none,satofull,https://hiroshimakita-beer.foodre.jp/,,
あとりえヒロ,https://shop.atelier-hiro.tokyo/?srsltid=AfmBOooXh6PGoJ0mmdgGpwwc6z4lu03AigSU_d7LM4stskXVX3OZOtPZ,shop.atelier-hiro.tokyo,info@atelier-hiro.tokyo,https://shop.atelier-hiro.tokyo/search,both,A,satofull,https://shop.atelier-hiro.tokyo/?srsltid=AfmBOooXh6PGoJ0mmdgGpwwc6z4lu03AigSU_d7LM4stskXVX3OZOtPZ,,1
うな雄,https://unayu.shop/,unayu.shop,,,none,none,satofull,https://unayu.shop/,,
かつらぎ町厳選館,https://shop-orange.jp/,shop-orange.jp,,https://shop-orange.jp/contact/confirm.php,form,B,satofull,https://shop-orange.jp/,,
きみしゃん本舗,https://store.kimishanhonpo.com/,store.kimishanhonpo.com,,https://store.kimishanhonpo.com,form,B,satofull,https://store.kimishanhonpo.com/,,
きもの処こんけい・和ろはシャツ屋ＫｏｎＫ．ｊｐ,http://konk.jp/,konk.jp,info@konk.jp,,email,A,satofull,http://konk.jp/,,
くまふる山鹿市（青果）,https://www.yamaga-seikaichiba.com/,yamaga-seikaichiba.com,,https://www.yamaga-seikaichiba.com/?page_id=8#wpcf7-f42-p8-o1,form,B,satofull,https://www.yamaga-seikaichiba.com/,,
すぎた珈琲,https://sugitacoffee.com/,sugitacoffee.com,sugita_coffee@yahoo.co.jp,https://sugitacoffee.com/,both,A,satofull,https://sugitacoffee.com/,1,
そば処玉家豊崎店,https://tamaya-toyosaki.com/access/,tamaya-toyosaki.com,,https://tamaya-toyosaki.com/inquiry/,form,B,satofull,https://tamaya-toyosaki.com/access/,,
つむぎの館,https://www.yukitumugi.co.jp/,yukitumugi.co.jp,nfo@yuiproject.org,https://www.yukitumugi.co.jp/contact/#wpcf7-f4-p38-o1,both,A,satofull,https://www.yukitumugi.co.jp/,,1
とらまめロースタリー,https://toramame-roastery.com/,toramame-roastery.com,,,none,none,satofull,https://toramame-roastery.com/,,
なかだ製麺所,https://kukuru-touryumon.uplink-web004.com/,kukuru-touryumon.uplink-web004.com,,https://kukuru-touryumon.uplink-web004.com/,form,B,satofull,https://kukuru-touryumon.uplink-web004.com/,,
なりわい（奈良いちご園）,https://nariwai-koryo-nara.or.jp/strawberrytown/,nariwai-koryo-nara.or.jp,nariwai.123@gmail.com,https://nariwai-koryo-nara.or.jp/contact/#wpcf7-f7-p24-o1,both,A,satofull,https://nariwai-koryo-nara.or.jp/strawberrytown/,1,
ひらみゆき農園,https://hiramiyukifarm.com/,hiramiyukifarm.com,,,none,none,satofull,https://hiramiyukifarm.com/,,
ふなおワイナリー有限会社,https://www.funaowinery.com/,funaowinery.com,mail@funaowinery.com,https://www.funaowinery.com/contact/,both,A,satofull,https://www.funaowinery.com/,,
みのりね,http://minorine.web.fc2.com/des.html,minorine.web.fc2.com,,,none,none,satofull,http://minorine.web.fc2.com/des.html,,
ももひろ,https://okayamamomohiro.stores.jp/,okayamamomohiro.stores.jp,,,none,none,satofull,https://okayamamomohiro.stores.jp/,,
アルパインマーケティング株式会社,https://www.alpine.co.jp/company/marketing,alpine.co.jp,,https://www.alpine.co.jp/search_result,form,B,satofull,https://www.alpine.co.jp/company/marketing,,
クラバットユキジ株式会社,https://cravatyukiji.com/,cravatyukiji.com,info@cravatyukiji.com,https://cravatyukiji.com/contact/confirm,both,A,satofull,https://cravatyukiji.com/,,
グリーンハ～モニー,https://www.g-harmony.com/,g-harmony.com,tdkobaya@gmail.com,https://www.g-harmony.com/contact/#wpcf7-f547-p585-o1,both,A,satofull,https://www.g-harmony.com/,1,
コーヒーラボ グリーンロッセ,http://green-rosse.net/,green-rosse.net,info@green-rosse.net,http://green-rosse.net/wdprs/wp-comments-post.php,both,A,satofull,http://green-rosse.net/,,
サインマーケット,https://thesignmarket.shop/,thesignmarket.shop,,,none,none,satofull,https://thesignmarket.shop/,,
サングレープ,https://www.sujahta.co.jp/item/kazoku_grape/,sujahta.co.jp,info@sujahta.co.jp,,email,A,satofull,https://www.sujahta.co.jp/item/kazoku_grape/,,
ジャグー株式会社,https://jagoo.co.jp/,jagoo.co.jp,info@jagoo.co.jp,https://jagoo.co.jp/,both,A,satofull,https://jagoo.co.jp/,,
ジャパン・ビジネス・ポータル有限責任事業組合,https://japanbusinessportal.com/jp/,japanbusinessportal.com,trade@japanbusinessportal.com,https://japanbusinessportal.com/jp/,both,A,satofull,https://japanbusinessportal.com/jp/,,
ゼリーのイエ,https://www.zerry-house.com/,zerry-house.com,,https://www.zerry-house.com/product-list,form,B,satofull,https://www.zerry-house.com/,,
タケサン商事株式会社,https://takesan.co.jp/,takesan.co.jp,,https://takesan.co.jp/inquiry/#wpcf7-f227-o1,form,B,satofull,https://takesan.co.jp/,,
ドン・キホーテ（兵庫県三木市）,http://www.donki.com/store/shop_list.php?bsns=1&pref=29,donki.com,,https://www.donki.com/wordsearch/index.php,form,B,satofull,https://www.donki.com/store/shop_list.php?bsns=1&pref=29,,
ナチュラルセレクション合同会社,https://nslccokinawa.base.shop/,nslccokinawa.base.shop,,https://nslccokinawa.base.shop/search,form,B,satofull,https://nslccokinawa.base.shop/,,
ハレノフルーツ（美咲町）,https://harenowaffle.com/,harenowaffle.com,,https://harenowaffle.com/inquiry/#wpcf7-f198-o1,both,B,satofull,https://harenowaffle.com/,,
フタバ呉服,https://futabagofuku.thebase.in/,futabagofuku.thebase.in,,https://futabagofuku.thebase.in/search,form,B,satofull,https://futabagofuku.thebase.in/,,
フランスベッド販売,https://www.bed.co.jp/,bed.co.jp,,https://www.bed.co.jp,form,B,satofull,https://www.bed.co.jp/,,
フレッシュフーズ荒尾店（青果）,https://fresh-seika.jp/,fresh-seika.jp,a-key@net.flesh-seika.com,https://fresh-seika.jp/contact/#wpcf7-f6-o1,both,A,satofull,https://fresh-seika.jp/,,1
マルキュウ（大阪府泉大津市）,https://www.city.izumiotsu.lg.jp/index.html,city.izumiotsu.lg.jp,syoubou-soumu@city.izumiotsu.osaka.jp,https://www.city.izumiotsu.lg.jp/index.html,both,A,satofull,https://www.city.izumiotsu.lg.jp/index.html,,1
ミドリ十字薬局,https://www.midorijuji-pharmacy.jp/,midorijuji-pharmacy.jp,,,none,none,satofull,https://www.midorijuji-pharmacy.jp/,,
ミニチュアファクトリー株式会社（朝日町）,https://m-f.co.jp/,m-f.co.jp,,https://m-f.co.jp/estimate-form/#wpcf7-f18539-o1,form,B,satofull,https://m-f.co.jp/,,
ミヤモトオレンジガーデン,https://www.orange-garden-inc.jp/,orange-garden-inc.jp,,https://www.orange-garden-inc.jp/contact/,form,B,satofull,https://www.orange-garden-inc.jp/,,
レッドホースコーポレーション（果樹屋棚木）,http://kajuya.com/,kajuya.com,kajuyatanagi@gmail.com,http://kajuya.com/,both,A,satofull,http://kajuya.com/,1,
レッドホースコーポレーション（株式会社阪本高生堂）,https://www.fine-cosmetics.com/top.htm,fine-cosmetics.com,info@fine-cosmetics.com,https://www.fine-cosmetics.com/mail.php,both,A,satofull,https://www.fine-cosmetics.com/top.htm,,
一般財団法人 小布施町振興公社,https://www.shinkin.co.jp/sk-matching/exhibitor/detail/?cid=37,shinkin.co.jp,,,none,none,satofull,https://www.shinkin.co.jp/sk-matching/exhibitor/detail/?cid=37,,
一般財団法人野辺地町観光協会,https://noheji-kankou.com/,noheji-kankou.com,info-nkan@noheji-kankou.com,https://noheji-kankou.com,both,A,satofull,https://noheji-kankou.com/,,
七里酒店,https://shichiri.theshop.jp/,shichiri.theshop.jp,,https://shichiri.theshop.jp/i18n/i18n_user_languages/change_language?back=http%3A%2F%2Fshichiri.theshop.jp%2F,form,B,satofull,https://shichiri.theshop.jp/,,
三条市,https://www.city.sanjo.niigata.jp/index.html,city.sanjo.niigata.jp,seisaku@city.sanjo.niigata.jp,https://www.city.sanjo.niigata.jp/cgi-bin/inquiry.php/1?ck=1&_pid=9f913e7cb76b21afe74ca024cb4ece963d73f64a,both,A,satofull,https://www.city.sanjo.niigata.jp/index.html,,
中部食産株式会社,https://www.chubushokusan.com/,chubushokusan.com,,,none,none,satofull,https://www.chubushokusan.com/,,
丸越 むらき,https://kimonomuraki.com/,kimonomuraki.com,marukoshim@yahoo.co.jp,https://kimonomuraki.com/contact#wpcf7-f5-p11-o1,both,A,satofull,https://kimonomuraki.com/,1,
丹後ちりめん歴史館,https://mayuko.co.jp/museum/,mayuko.co.jp,,https://mayuko.co.jp/contact/mail.php,form,B,satofull,https://mayuko.co.jp/museum/,,
主井農園（日高町）,https://nushii-farm.stores.jp/,nushii-farm.stores.jp,,,none,none,satofull,https://nushii-farm.stores.jp/,,
九州セラミックス工業（株）,https://www.kyucera.co.jp/,kyucera.co.jp,info@kyucera.co.jp,https://www.kyucera.co.jp/contact/post.php,both,A,satofull,https://www.kyucera.co.jp/,,
井上ふとん店,https://inoue-futon.sakura.ne.jp/,inoue-futon.sakura.ne.jp,,https://inoue-futon.sakura.ne.jp/calendar_form01/pc.php?mode=form&date=2026-2-26&time=0,form,B,satofull,https://inoue-futon.sakura.ne.jp/,,
京丹後一愛される魚屋 橘商店,https://tachibana-shouten.com/,tachibana-shouten.com,,https://tachibana-shouten.com/,form,B,satofull,https://tachibana-shouten.com/,,
京都市,https://www.city.kyoto.lg.jp/,city.kyoto.lg.jp,,https://google.com/cse,form,B,satofull,https://www.city.kyoto.lg.jp/,,
伊田繊維株式会社,https://idaseni.com/,idaseni.com,info@wasuian.com,https://idaseni.com/contact/index.php,both,A,satofull,https://idaseni.com/,,1
伊豆高原 俵家,https://www.tawaraya.net/,tawaraya.net,,,none,none,satofull,https://www.tawaraya.net/,,
会津猪苗代カンダファーム,https://kandafarm.net/?srsltid=AfmBOooT0LHZ6dxxr7k27FGZMDlQROXzArj5p4ySMoVzNR5CUg-W5dlw,kandafarm.net,,,none,none,satofull,https://kandafarm.net/?srsltid=AfmBOooT0LHZ6dxxr7k27FGZMDlQROXzArj5p4ySMoVzNR5CUg-W5dlw,,
佐藤水産株式会社 営業部,https://www.sato-suisan.co.jp/company/gaiyo.html,sato-suisan.co.jp,cc@sato-suisan.co.jp,https://www.sato-suisan.co.jp/cgi-bin/dca_fm/multiform.cgi,both,A,satofull,https://www.sato-suisan.co.jp/company/gaiyo.html,,
倉田農場,https://kuratan.com/,kuratan.com,,,none,none,satofull,https://kuratan.com/,,
六尾宣子,http://oyakomovie.com/,oyakomovie.com,,http://oyakomovie.com/#wpcf7-f344-o1,form,B,satofull,http://oyakomovie.com/,,
北秋田市,https://www.city.kitaakita.akita.jp/,city.kitaakita.akita.jp,,https://www.city.kitaakita.akita.jp/genre/search,form,B,satofull,https://www.city.kitaakita.akita.jp/genre/shisei,,
南木曽ねこ,https://www.nagiso-neko.com/,nagiso-neko.com,info@nagiso-neko.com,https://www.nagiso-neko.com/app/searchGoodsList/index,both,A,satofull,https://www.nagiso-neko.com/,,
南風原町,https://www.town.haebaru.lg.jp/,town.haebaru.lg.jp,kouhou@town.haebaru.okinawa.jp,https://www.town.haebaru.lg.jp/search.html,both,A,satofull,https://www.town.haebaru.lg.jp/,,1
土井武道工業株式会社,http://doibudou.co.jp/,doibudou.co.jp,,,none,none,satofull,http://doibudou.co.jp/,,
土佐清水市,https://www.city.tosashimizu.kochi.jp/,city.tosashimizu.kochi.jp,hpad@city.tosashimizu.lg.jp,https://www.city.tosashimizu.kochi.jp/kurashi/search/,both,A,satofull,https://www.city.tosashimizu.kochi.jp/,,1
地場産くるめ（桑野新研産業）,https://www.kuwanoshinken.com/,kuwanoshinken.com,,https://www.kuwanoshinken.com/send.php,form,B,satofull,https://www.kuwanoshinken.com/,,
城里町健康増進施設ホロルの湯,https://www.hororunoyu.jp/,hororunoyu.jp,,https://www.hororunoyu.jp/inquiry,form,B,satofull,https://www.hororunoyu.jp/,,
大丸株式会社,https://www.daimaru-inc.com/,daimaru-inc.com,,https://www.daimaru-inc.com/wp/wp-content/themes/daimaru/privacy-mailform/php/mailform.php,form,B,satofull,https://www.daimaru-inc.com/,,
大五海産（由良町）,https://daigosuisan.com/,daigosuisan.com,shirasuyadaigo@gmail.com,https://daigosuisan.com/,both,A,satofull,https://daigosuisan.com/,1,
大塚米穀店（佐賀県）,https://hagakureya1.base.ec/,hagakureya1.base.ec,,https://hagakureya1.base.ec/search,form,B,satofull,https://hagakureya1.base.ec/,,
大津毛織（泉大津市）,https://otsukeori.co.jp/,otsukeori.co.jp,,https://otsukeori.co.jp/,form,B,satofull,https://otsukeori.co.jp/,,
大阪屋こうじ店,https://www.namakouji.com/,namakouji.com,,,none,none,satofull,https://www.namakouji.com/,,
宇奈月ビール（株）,https://www.unazuki-beer.jp/,unazuki-beer.jp,,https://www.unazuki-beer.jp/mail/mailformpro/mailformpro.cgi,form,B,satofull,https://www.unazuki-beer.jp/,,
宮田織物株式会社（筑後市）,https://miyata-orimono.co.jp/,miyata-orimono.co.jp,info@miyata-orimono.co.jp,https://miyata-orimono.co.jp/,both,A,satofull,https://miyata-orimono.co.jp/,,
富士山着物工房,https://kimonoikka.shopinfo.jp/,kimonoikka.shopinfo.jp,,https://kimonoikka.shopinfo.jp/,form,B,satofull,https://kimonoikka.shopinfo.jp/,,
小松島市,https://www.city.komatsushima.lg.jp/,city.komatsushima.lg.jp,syoukou@city.komatsushima.i-tokushima.jp,https://www.city.komatsushima.lg.jp/search.html,both,A,satofull,https://www.city.komatsushima.lg.jp/,,1
山形農芸,https://yamagata.sofutotest.com/,yamagata.sofutotest.com,info@yamagata-o.com,https://yamagata.sofutotest.com,both,A,satofull,https://yamagata.sofutotest.com/,,1
山本呉服店,https://www.yamamoto-gofukuten.com/,yamamoto-gofukuten.com,c.yamamoto@itookashi.com,https://www.yamamoto-gofukuten.com/contact/#wpcf7-f5-p11-o1,both,A,satofull,https://www.yamamoto-gofukuten.com/,,1
山田乳業㈱,http://www.from-zao.com/,from-zao.com,,,none,none,satofull,http://www.from-zao.com/,,
山田恵美染色工房,https://emi-yamada.jimdosite.com/,emi-yamada.jimdosite.com,,,none,none,satofull,https://emi-yamada.jimdosite.com/,,
岩手県産株式会社（滝沢市）,https://www.city.takizawa.iwate.jp/,city.takizawa.iwate.jp,katuyaku@city.takizawa.iwate.jp,https://www.city.takizawa.iwate.jp/front/search,both,A,satofull,https://www.city.takizawa.iwate.jp/,,
市野園芸,https://www.ichino-15.com/,ichino-15.com,,,none,none,satofull,https://www.ichino-15.com/,,
徳島市,https://www.city.tokushima.tokushima.jp/,city.tokushima.tokushima.jp,,https://www.city.tokushima.tokushima.jp/cgi-bin/vote/vote.cgi,form,B,satofull,https://www.city.tokushima.tokushima.jp/,,
斎藤農場,https://www.saito-n.com/,saito-n.com,,https://saito-n.com/net/index.php,form,B,satofull,https://www.saito-n.com/,,
新宿区,https://www.city.shinjuku.lg.jp/,city.shinjuku.lg.jp,info@somenokomichi.com,https://www.city.shinjuku.lg.jp/fb/fb.php,both,A,satofull,https://www.city.shinjuku.lg.jp/,,1
新川桂株式会社,https://niikawa-kei.jp/,niikawa-kei.jp,info@niikawa-kei.jp,https://niikawa-kei.jp/wash/mailformpro/mailformpro.cgi,both,A,satofull,https://niikawa-kei.jp/,,
新篠津村農業協同組合,https://www.ja-shinshinotsu.or.jp/,ja-shinshinotsu.or.jp,info-jashinshinotsu@shinshinotsu.ja-hokkaido.gr.jp,https://www.ja-shinshinotsu.or.jp/,both,A,satofull,https://www.ja-shinshinotsu.or.jp/,,1
日本ハムマーケティング株式会社大宮営業所,https://www.nipponham-marketing.co.jp/,nipponham-marketing.co.jp,nhmarketing.saiyo.jig@nipponham.co.jp,https://www.nipponham-marketing.co.jp/information/,both,A,satofull,https://www.nipponham-marketing.co.jp/,,1
日本フルーツ株式会社（宇城市）,https://nipponfruit.co.jp/,nipponfruit.co.jp,info@nipponfruit.co.jp,https://nipponfruit.co.jp/wp-login.php?action=postpass,both,A,satofull,https://nipponfruit.co.jp/,,
日本ホームプロダクツ株式会社,https://k-so-do.jp/,k-so-do.jp,kanri@brandea.co.jp,https://k-so-do.jp/,both,A,satofull,https://k-so-do.jp/,,1
日本羽毛製造株式会社,https://nihonumou.com/,nihonumou.com,jumou@nihonumou.com,https://nihonumou.com/,both,A,satofull,https://nihonumou.com/,,
星野リゾート宿泊ギフト券発送センター（那須町）,https://hoshinoresorts.com/jp/gift/,hoshinoresorts.com,,,none,none,satofull,https://hoshinoresorts.com/jp/gift/,,
有田川町厳選館,http://www.konomise.com/chuki/gensenkan/,konomise.com,,,none,none,satofull,http://www.konomise.com/chuki/gensenkan/,,
有限会社 太田家（小野市）,https://www.ohtagyu-ohtaya.com/,ohtagyu-ohtaya.com,,,none,none,satofull,https://www.ohtagyu-ohtaya.com/,,
有限会社 織匠 神宮司,https://jinguuji.base.shop/,jinguuji.base.shop,,https://jinguuji.base.shop/search,form,B,satofull,https://jinguuji.base.shop/,,
有限会社いしはら,http://www.1486.jp/,1486.jp,waku2@1486.jp,,email,A,satofull,http://www.1486.jp/,,
有限会社すかや呉服店,https://sukayagohukuten.wixsite.com/webshop,sukayagohukuten.wixsite.com,,https://sukayagohukuten.wixsite.com/webshop/%E3%81%8A%E5%95%8F%E3%81%84%E5%90%88%E3%82%8F%E3%81%9B,form,B,satofull,https://sukayagohukuten.wixsite.com/webshop,,
有限会社エコ・ライス新潟,https://eco-rice.jp/,eco-rice.jp,,https://eco-rice.jp/contact#wpcf7-f711-p62-o2,form,B,satofull,https://eco-rice.jp/,,
有限会社光延織物,https://www.mitunobu.com/,mitunobu.com,u3011hiroko@mitunobu.com,,email,A,satofull;dainipponichi,https://www.mitunobu.com/,,
有限会社初山染工,https://www.hatsuyama.jp/,hatsuyama.jp,,,none,none,satofull,https://www.hatsuyama.jp/,,
有限会社山五,https://e-sango.jp/,e-sango.jp,info@e-sango.jp,,email,A,satofull,https://e-sango.jp/,,
有限会社河判,https://www.kawahan.co.jp/,kawahan.co.jp,,https://www.kawahan.co.jp/contacts#wpcf7-f18-p22-o1,form,B,satofull,https://www.kawahan.co.jp/,,
有限会社翁知屋,https://ochiya.jp/,ochiya.jp,shop@ochiya.jp,https://ochiya.jp/,both,A,satofull,https://ochiya.jp/,,
村山織物協同組合,http://www.muraori.sakura.ne.jp/,muraori.sakura.ne.jp,muraori@piano.ocn.ne.jp,,email,A,satofull,http://www.muraori.sakura.ne.jp/,,1
松村商店,https://www.web-matsumura.com/,web-matsumura.com,,,none,none,satofull,https://www.web-matsumura.com/,,
松村養鶏場,https://kounosu-portal.jp/shop/00000358562/,kounosu-portal.jp,matsumurayokejyo@yahoo.co.jp,https://kounosu-portal.jp/search/,both,A,satofull,https://kounosu-portal.jp/shop/00000358562/,1,
栄屋ファーム,https://sakaiya-farm.com/,sakaiya-farm.com,shopmaster@sakaiya-farm.com,https://sakaiya-farm.com/CART/wish_member.php,both,A,satofull,https://sakaiya-farm.com/,,
株式会社 あすか,https://www.asuka-hu.co.jp/,asuka-hu.co.jp,info@asuka-hu.co.jp,https://www.asuka-hu.co.jp/areas,both,A,satofull,https://www.asuka-hu.co.jp/,,
株式会社 のせ川びれっぢ,https://hotel-nosegawa.jp/,hotel-nosegawa.jp,hotelnosegawa@gmail.com,,email,A,satofull,https://hotel-nosegawa.jp/,1,
株式会社 大江,http://www.ooe-tec.co.jp/,ooe-tec.co.jp,,,none,none,satofull,http://www.ooe-tec.co.jp/,,
株式会社 湯川酒造店,https://www.yukawabrewery.com/,yukawabrewery.com,tourism@yukawabrewery.com,,email,A,satofull,https://www.yukawabrewery.com/,,
株式会社 結城屋,http://www.yu-kiya.com/,yu-kiya.com,info@yu-kiya.com,,email,A,satofull,http://www.yu-kiya.com/,,
株式会社 ｆｒｏＳｃｈ,https://www.frosch.co.jp/,frosch.co.jp,,,none,none,satofull,https://www.frosch.co.jp/,,
株式会社うなぎの寝床,https://unagino-nedoko.net/,unagino-nedoko.net,u-store@unagino-nedoko.net,https://unagino-nedoko.net/,both,A,satofull;ilt_direct;ilt_v2,https://unagino-nedoko.net/,,
株式会社きものアイ,https://www.kimonoemakikan.co.jp/,kimonoemakikan.co.jp,info@kimonoemakikan.co.jp,,email,A,satofull,https://www.kimonoemakikan.co.jp/,,
株式会社きやまファーム,https://kiyama-farm.com/,kiyama-farm.com,info@kiyama-farm.com,https://kiyama-farm.com/mailform/send.cgi,both,A,satofull,https://kiyama-farm.com/,,
株式会社みずほファーム,https://mizuhofarm.jp/,mizuhofarm.jp,,https://mizuhofarm.jp/contact/,form,B,satofull,https://mizuhofarm.jp/,,
株式会社アンズコーポレーション,https://www.ands.co.jp/,ands.co.jp,,https://www.ands.co.jp/cs_center/,form,B,satofull,https://www.ands.co.jp/,,
株式会社エス・アイ・シー,https://sic-kk.com/,sic-kk.com,,https://sic-kk.com/contact/#wpcf7-f649-p309-o1,form,B,satofull,https://sic-kk.com/,,
株式会社カネマス,https://kanemasu-foods.co.jp/,kanemasu-foods.co.jp,,https://kanemasu-foods.co.jp/inquiry/#wpcf7-f482-p410-o1,form,B,satofull,https://kanemasu-foods.co.jp/,,
株式会社キャピテーヌ,https://capitaine.jp/,capitaine.jp,,https://capitaine.jp/,form,B,satofull,https://capitaine.jp/,,
株式会社グッドパートナーズ（富津市）,https://www.good-partners.co.jp/,good-partners.co.jp,,,none,none,satofull,https://www.good-partners.co.jp/,,
株式会社ササハラ（坂出市）,https://e-029.jp/,e-029.jp,,https://e-029.jp/contact/,form,B,satofull,https://e-029.jp/,,
株式会社サンリバー,https://sunriver.co.jp/,sunriver.co.jp,sales@sunriver.co.jp,https://sunriver.co.jp/contact/,both,A,satofull,https://sunriver.co.jp/,,
株式会社シノン,https://www.dream-chinon.com/,dream-chinon.com,info@dream-chinon.com,,email,A,satofull,https://www.dream-chinon.com/,,
株式会社ハート,https://heart-ltd.jp/,heart-ltd.jp,,https://heart-ltd.jp/,form,B,satofull,https://heart-ltd.jp/,,
株式会社ラポージェ,https://lapoge.jp/,lapoge.jp,lapoge2011@gmail.com,https://lapoge.jp/contact/step_save/,both,A,satofull,https://lapoge.jp/,1,
株式会社リーリコ,https://www.lirico.co.jp/company,lirico.co.jp,store@lirico.co.jp,https://www.lirico.co.jp/contact#wpcf7-f141936-p2034-o1,both,A,satofull,https://www.lirico.co.jp/company,,
株式会社ワタマサ,https://watamasa.com/,watamasa.com,,https://watamasa.com/%E3%81%8A%E5%95%8F%E3%81%84%E5%90%88%E3%82%8F%E3%81%9B/#wpcf7-f243-p113-o1,form,B,satofull,https://watamasa.com/,,
株式会社丸中しれとこ食品,https://marunakashiretoko.com/,marunakashiretoko.com,,,none,none,satofull,https://marunakashiretoko.com/,,
株式会社伊勢之里,https://www.iseno-sato.jp/,iseno-sato.jp,iseno-sato@xx.com,https://www.iseno-sato.jp/content/contact_check.php,both,A,satofull,https://www.iseno-sato.jp/,,1
株式会社和合（那須烏山市）,https://n-pet-gf.jp/,n-pet-gf.jp,support@n-pet-gf.jp,https://n-pet-gf.jp/,both,A,satofull,https://n-pet-gf.jp/,,
株式会社四万十ドラマ,https://shimanto-drama.jp/,shimanto-drama.jp,sales@shimanto-drama.jp,https://shimanto-drama.jp/contact/#wpcf7-f18-p14-o1,both,A,satofull,https://shimanto-drama.jp/,,
株式会社寺井,https://www.terai-fabric.com/,terai-fabric.com,,https://www.terai-fabric.com/contact/,form,B,satofull,https://www.terai-fabric.com/,,
株式会社幸田商店（茨城県）,https://www.k-sho.co.jp/,k-sho.co.jp,postmaster@k-sho.co.jp,https://www.k-sho.co.jp/contact-form/,both,A,satofull,https://www.k-sho.co.jp/,,
株式会社桑野,https://k-kuwano.jp/,k-kuwano.jp,,,none,none,satofull,https://k-kuwano.jp/,,
株式会社渡邊薬品,https://watanabe-yakuhin.jp/wp1,watanabe-yakuhin.jp,,https://watanabe-yakuhin.jp/wp1/contact/#wpcf7-f1970-p64-o1,form,B,satofull,https://watanabe-yakuhin.jp/wp1/,,
株式会社藤井商店（つくばみらい市）,https://www.fujiishouten-meat.com/,fujiishouten-meat.com,fujiimeat.storereceive@gmail.com,https://www.fujiishouten-meat.com/contact/#wpcf7-f36-p32-o1,both,A,satofull,https://www.fujiishouten-meat.com/,1,
株式会社鐘崎（仙台市）,https://www.kanezaki.co.jp/,kanezaki.co.jp,webmaster@kanezaki.co.jp,https://www.kanezaki.co.jp/oubo/inq-check.html,both,A,satofull,https://www.kanezaki.co.jp/,,
株式会社魚鶴（太地町）,https://www.yuasa-uotsuru.com/,yuasa-uotsuru.com,info@umeboshi-ya.com,https://www.yuasa-uotsuru.com/CART/wish_member.php,both,A,satofull,https://www.yuasa-uotsuru.com/,,1
株式会社Ａｇｒｉｓｔ（吉農園）,https://agrist-group.com/,agrist-group.com,,https://agrist-group.com/recruit/farming/part/,form,B,satofull,https://agrist-group.com/,,
株式会社ＨＡＱＴＳＵＹＡ（タカムラ株式会社）,https://haqtsuya.com/about/,haqtsuya.com,furusato-info@orebo.jp,https://haqtsuya.com/contact/#wpcf7-f24-o2,both,A,satofull,https://haqtsuya.com/about/,,1
株式会社Ｍ’ｓｇｉｆｔ（笛吹市）,https://msgift.jp/,msgift.jp,,https://msgift.jp/contact/postmail.cgi,form,B,satofull,https://msgift.jp/,,
株式会社ＭＥＡＴ ＰＬＵＳ（遠賀町）（ＳＴ）,https://www.meatplus.jp/,meatplus.jp,info@meat-plus.jp,https://www.meatplus.jp/,both,A,satofull,https://www.meatplus.jp/,,1
株式会社Ｒｕｂｉａ（株式会社ＪＴＢ【浦安市】）,https://rubia-tk.com/,rubia-tk.com,info@rubia-tk.com,https://rubia-tk.com/,both,A,satofull,https://rubia-tk.com/,,
株式会社ＴＣＮ（西尾市）,https://tcn-y.co.jp/,tcn-y.co.jp,info@tcn-y.co.jp,,email,A,satofull,https://tcn-y.co.jp/,,
株式会社ｏｎ－ｌｉｎｋ,https://on-link.co.jp/,on-link.co.jp,,https://on-link.co.jp,form,B,satofull,https://on-link.co.jp/,,
榛地織物,https://www.shinchi-orimono.com/,shinchi-orimono.com,info@shinchi-orimono.com,https://www.shinchi-orimono.com/postmail.cgi,both,A,satofull,https://www.shinchi-orimono.com/,,
武田食品（中央市）,https://takeda-shokuhin.co.jp/,takeda-shokuhin.co.jp,,https://takeda-shokuhin.co.jp/contact,form,B,satofull,https://takeda-shokuhin.co.jp/,,
氏原株式会社,https://www.ujihara.shop/?srsltid=AfmBOoru1HckYG-Kn6gTqn7M4eFsDqLzS0aGSLIb092FKthl6oSAC04U,ujihara.shop,,https://www.ujihara.shop/ssl/slogin/,form,B,satofull,https://www.ujihara.shop/?srsltid=AfmBOoru1HckYG-Kn6gTqn7M4eFsDqLzS0aGSLIb092FKthl6oSAC04U,,
気仙沼市,https://www.kesennuma.miyagi.jp/,kesennuma.miyagi.jp,kesennuma@yuidesign.jp,https://www.kesennuma.miyagi.jp/gsearch.html,both,A,satofull,https://www.kesennuma.miyagi.jp/,,1
江府町,https://www.town-kofu.jp/,town-kofu.jp,okudaisen.kankou@gmail.com,https://www.google.co.jp/search,both,A,satofull,https://www.town-kofu.jp/,1,
河野染織工芸スタジオ,https://artkimono.hannnari.com/,artkimono.hannnari.com,suibotsuiyayane@yahoo.co.jp,,email,A,satofull,https://artkimono.hannnari.com/,1,
浜田コーポレーション合同会社,http://rausu.co.jp/,rausu.co.jp,hamada@rausu.co.jp,https://rausu.co.jp/otoiawase/,both,A,satofull,https://rausu.co.jp/,,
添える,https://sowel.shop-pro.jp/,sowel.shop-pro.jp,hanasowel@gmail.com,https://sowel.shop-pro.jp/,both,A,satofull,https://sowel.shop-pro.jp/,1,
清水商店,http://www.simizu-store.jp/,simizu-store.jp,,,none,none,satofull,http://www.simizu-store.jp/,,
湾岸ベリーファーム,https://wanganberry.com/,wanganberry.com,,https://wanganberry.com/,form,B,satofull,https://wanganberry.com/,,
瀬戸内市,https://www.city.setouchi.lg.jp/,city.setouchi.lg.jp,hisyo@city.setouchi.lg.jp,https://www.city.setouchi.lg.jp/search.html,both,A,satofull,https://www.city.setouchi.lg.jp/,,
炭火焼肉 はるな,https://yakinikuharuna.com/,yakinikuharuna.com,,https://yakinikuharuna.com/blog/search.html,form,B,satofull,https://yakinikuharuna.com/,,
炭焼豚丼と塩ホルモンの店 西北の杜（宇美町）,https://www.furusato-tax.jp/search/69?q=%E7%82%AD%E7%84%BC%E8%B1%9A%E4%B8%BC%E3%81%A8%E5%A1%A9%E3%83%9B%E3%83%AB%E3%83%A2%E3%83%B3%E3%81%AE%E5%BA%97+%E8%A5%BF%E5%8C%97%E3%81%AE%E6%9D%9C&disabled_category_top=1&sort=0&srsltid=AfmBOoq5xXAfgsox2AAVtSpbmLQmT8szV-_kvVVGpUUifg03yRc65muj,furusato-tax.jp,taxmmi@m-m-i-g.com,https://www.furusato-tax.jp/search/69?q=%E7%82%AD%E7%84%BC%E8%B1%9A%E4%B8%BC%E3%81%A8%E5%A1%A9%E3%83%9B%E3%83%AB%E3%83%A2%E3%83%B3%E3%81%AE%E5%BA%97+%E8%A5%BF%E5%8C%97%E3%81%AE%E6%9D%9C&disabled_category_top=1&sort=0&srsltid=AfmBOoq5xXAfgsox2AAVtSpbmLQmT8szV-_kvVVGpUUifg03yRc65muj,both,A,satofull,https://www.furusato-tax.jp/search/69?q=%E7%82%AD%E7%84%BC%E8%B1%9A%E4%B8%BC%E3%81%A8%E5%A1%A9%E3%83%9B%E3%83%AB%E3%83%A2%E3%83%B3%E3%81%AE%E5%BA%97+%E8%A5%BF%E5%8C%97%E3%81%AE%E6%9D%9C&disabled_category_top=1&sort=0&srsltid=AfmBOoq5xXAfgsox2AAVtSpbmLQmT8szV-_kvVVGpUUifg03yRc65muj,,1
登美屋,https://www.tomiya-group.com/,tomiya-group.com,,,none,none,satofull,https://www.tomiya-group.com/,,
真鶴町役場都市計画課,http://www.town.manazuru.kanagawa.jp/soshiki/toshikeikaku/index.html,town.manazuru.kanagawa.jp,office@town.manazuru.kanagawa.jp,,email,A,satofull,http://www.town.manazuru.kanagawa.jp/soshiki/toshikeikaku/index.html,,
石井農園,https://www.ishii-nouen.jp/,ishii-nouen.jp,ishiinouen@e-mail.jp,https://www.ishii-nouen.jp/%E3%81%8A%E5%95%8F%E3%81%84%E5%90%88%E3%82%8F%E3%81%9B/,both,A,satofull,https://www.ishii-nouen.jp/,,1
石垣市,https://www.city.ishigaki.okinawa.jp/index.html,city.ishigaki.okinawa.jp,kankou@city.ishigaki.okinawa.jp,https://www.city.ishigaki.okinawa.jp/cgi-bin/inquiry.php/9?ck=1&_pid=14f908827af193cc0646edd2a07467e734704015,both,A,satofull,https://www.city.ishigaki.okinawa.jp/index.html,,
石川県陶磁器商工業協同組合,https://kutani-shoukumi.or.jp/,kutani-shoukumi.or.jp,shoukumi@yu.incl.ne.jp,https://kutani-shoukumi.or.jp/contact/,both,A,satofull,https://kutani-shoukumi.or.jp/,,1
石川県（山崎麻織物工房）,https://notojofu.com/,notojofu.com,notojofu@p1.cnh.ne.jp,,email,A,satofull;dainipponichi,https://notojofu.com/,,1
石巻市,https://www.city.ishinomaki.lg.jp/index.html,city.ishinomaki.lg.jp,info@ishinomaki-furusato.jp,https://www.google.co.jp/search,both,A,satofull,https://www.city.ishinomaki.lg.jp/index.html,,1
社会福祉法人佑啓会 ふる里学舎和田浦,https://yukeikai-fg.jp/,yukeikai-fg.jp,,,none,none,satofull,https://yukeikai-fg.jp/,,
神山,https://www.town.kamiyama.lg.jp/,town.kamiyama.lg.jp,sangyoukanko@kamiyama.i-tokushima.jp,https://www.town.kamiyama.lg.jp/search.html,both,A,satofull,https://www.town.kamiyama.lg.jp/,,1
神田ラーメン わいず,https://kandaramen-waizu.jp/,kandaramen-waizu.jp,,https://kandaramen-waizu.jp/contact#wpcf7-f125-p60-o1,form,B,satofull,https://kandaramen-waizu.jp/,,
福ふく農園,https://huku2farm.com/?srsltid=AfmBOoq1MB8ihH3prZpCQe8WVue7bP8_NdUp9A7vPVacgKIQ5ApGH09x,huku2farm.com,info@huku2farm.com,https://huku2farm.com/search,both,A,satofull,https://huku2farm.com/?srsltid=AfmBOoq1MB8ihH3prZpCQe8WVue7bP8_NdUp9A7vPVacgKIQ5ApGH09x,,
笠岡市,https://www.city.kasaoka.okayama.jp/,city.kasaoka.okayama.jp,machizukuri@city.kasaoka.lg.jp,https://www.city.kasaoka.okayama.jp/search.html,both,A,satofull,https://www.city.kasaoka.okayama.jp/,,1
築上鶏卵株式会社,https://e-chikujo.com/,e-chikujo.com,info@e-chikujo.com,https://e-chikujo.com/toiawase/,both,A,satofull,https://e-chikujo.com/,,
米子市,https://www.city.yonago.lg.jp/,city.yonago.lg.jp,portal_m@d.css,https://www.city.yonago.lg.jp/,both,A,satofull,https://www.city.yonago.lg.jp/,,1
糀ＡＳＯＢＩ,https://www.kojiasobi.jp/,kojiasobi.jp,kojiasobi@kojiasobi.jp,https://www.kojiasobi.jp/contact,both,A,satofull,https://www.kojiasobi.jp/,,
美味しい梅干し工房せんのうめ,https://www.senpo.co.jp/,senpo.co.jp,mail@senpo.co.jp,https://www.senpo.co.jp/ssl/slogin/,both,A,satofull,https://www.senpo.co.jp/,,
羽後町,https://www.town.ugo.lg.jp/,town.ugo.lg.jp,info@ugomachi.com,https://www.town.ugo.lg.jp/search.html,both,A,satofull,https://www.town.ugo.lg.jp/,,1
藤吉通商有限会社,https://fujiyoshi-t.com/,fujiyoshi-t.com,itoyoshi@fujiyoshi-t.com,https://fujiyoshi-t.com/,both,A,satofull,https://fujiyoshi-t.com/,,
藤本産業株式会社,https://fujimotosangyo.co.jp/,fujimotosangyo.co.jp,,https://fujimotosangyo.co.jp/,form,B,satofull,https://fujimotosangyo.co.jp/,,
西山産業開発株式会社,https://www.seikatsu-j.com/company/,seikatsu-j.com,,https://www.seikatsu-j.com/estimate/step_save/,form,B,satofull,https://www.seikatsu-j.com/company/,,
西軽井沢ホテル ａｔｅｌｉｅｒ ｂｌａ（アトリエ・ブルゥ）ｂｙ ＬＯＮＧＩＮＧＨＯＵＳＥ,https://atelierbla.jp/,atelierbla.jp,,https://atelierbla.jp/contact/,form,B,satofull,https://atelierbla.jp/,,
西都市,https://www.city.saito.lg.jp/,city.saito.lg.jp,,https://search.yahoo.co.jp/search,form,B,satofull,https://www.city.saito.lg.jp/,,
豊見城市ウージ染め協同組合,https://www.u-jizome.jp/,u-jizome.jp,info@u-jizome.jp,https://www.u-jizome.jp/?page_id=16#trust-form,both,A,satofull,https://www.u-jizome.jp/,,
赤磐市,https://www.city.akaiwa.lg.jp/index.html,city.akaiwa.lg.jp,s-shien@city.akaiwa.lg.jp,https://www.city.akaiwa.lg.jp/index.html,both,A,satofull,https://www.city.akaiwa.lg.jp/index.html,,
農事組合法人信濃霧山ダッタンそば,https://www.dattan.jp/,dattan.jp,info@dattan.jp,https://www.dattan.jp/app/searchGoodsList/index,both,A,satofull,https://www.dattan.jp/,,
農産物直売所クラフト,https://craft-yachiyo.net/,craft-yachiyo.net,,,none,none,satofull,https://craft-yachiyo.net/,,
道の駅 くしがきの里（古座川町）,https://www.town.katsuragi.wakayama.jp/040/010/040/20180719171600.html,town.katsuragi.wakayama.jp,,https://www.town.katsuragi.wakayama.jp/cgi-bin/form/mail/send.cgi?type=joho,form,B,satofull,https://www.town.katsuragi.wakayama.jp/040/010/040/20180719171600.html,,
道の駅おおがた,https://katanomise.com/,katanomise.com,,https://katanomise.com/contact,form,B,satofull,https://katanomise.com/,,
郷田米店,https://nishikatsura.com/store_gota-kome/,nishikatsura.com,,https://nishikatsura.com,form,B,satofull,https://nishikatsura.com/store_gota-kome/,,
陸前高田市,https://www.city.rikuzentakata.iwate.jp/index.html,city.rikuzentakata.iwate.jp,ftp20220section@cms5th.smart-lgov.jp,,email,A,satofull,https://www.city.rikuzentakata.iwate.jp/index.html,,1
雑穀米本舗,https://shop.zakkokumaihonpo.com/?srsltid=AfmBOoo2JIAH8QxKyh8TkMke1jn2MGFwHfMhnFF76MAVue8zCMmmOKYw,shop.zakkokumaihonpo.com,zakkoku-okome@shop.rakuten.co.jp,https://shop.zakkokumaihonpo.com/localization,both,A,satofull,https://shop.zakkokumaihonpo.com/?srsltid=AfmBOoo2JIAH8QxKyh8TkMke1jn2MGFwHfMhnFF76MAVue8zCMmmOKYw,,1
青木被服株式会社,https://www.aokihifuku.co.jp/,aokihifuku.co.jp,store.aokihifuku@gmail.com,https://www.aokihifuku.co.jp/contact.html,both,A,satofull,https://www.aokihifuku.co.jp/,1,
鳳商事株式会社,https://www.ohtori.com/,ohtori.com,,https://www.google.co.jp/search,form,B,satofull,https://www.ohtori.com/,,
鳴門市,https://www.city.naruto.tokushima.jp/,city.naruto.tokushima.jp,kikikanri@city.naruto.i-tokushima.jp,,email,A,satofull,https://www.city.naruto.tokushima.jp/,,1
鹿部・食とうまいもの館（運営：シカベンチャー）＿嘉楽,https://shikabe-tara.com/,shikabe-tara.com,,https://shikabe-tara.com/contact#wpcf7-f4341-p19-o1,form,B,satofull,https://shikabe-tara.com/,,
（株）松石酒店,https://matuishi.exblog.jp/,matuishi.exblog.jp,,https://www.exblog.jp/search/,form,B,satofull,https://matuishi.exblog.jp/,,
Ｆｏｒ結,https://yui-hakama.net/?srsltid=AfmBOoob2P3Du0ndMJvHABnlURYLQaMvF-wwqP6YAtDydQIXEQE99tiz,yui-hakama.net,,https://yui-hakama.net/,form,B,satofull,https://yui-hakama.net/?srsltid=AfmBOoob2P3Du0ndMJvHABnlURYLQaMvF-wwqP6YAtDydQIXEQE99tiz,,
Ｇｒｅｅｎ Ｌｉｎｅ ＨＯＭＭＥ．,http://www.glshop.net/,glshop.net,info@glsjop.net,http://www.glshop.net/www/semi_form_action.php,both,A,satofull,http://www.glshop.net/,,1
ＪＡいすみ,https://jaisumi.or.jp/,jaisumi.or.jp,ja.isumi@triton.ocn.ne.jp,https://jaisumi.or.jp/search/,both,A,satofull,https://jaisumi.or.jp/,,1
ＪＡわかやま さわやか日高（御坊市）,https://www.ja-wakayama.or.jp/archives/store_post/%E3%81%95%E3%82%8F%E3%82%84%E3%81%8B%E6%97%A5%E9%AB%98,ja-wakayama.or.jp,,https://www.google.co.jp/search,form,B,satofull,https://www.ja-wakayama.or.jp/archives/store_post/%E3%81%95%E3%82%8F%E3%82%84%E3%81%8B%E6%97%A5%E9%AB%98,,
Ｋｈｉｍａｉｒａ,https://chimera-novel.jp/,chimera-novel.jp,info@chimera-novel.jp,https://chimera-novel.jp/login/exec,both,A,satofull,https://chimera-novel.jp/,,
Ｋｕｒａ－Ｋｕｒａ農園,https://kurakurafarm.buyshop.jp/,kurakurafarm.buyshop.jp,,https://kurakurafarm.buyshop.jp/search,form,B,satofull,https://kurakurafarm.buyshop.jp/,,
ＭＢＴリンク株式会社,https://www.mbtlink.com/,mbtlink.com,info@mtblink.com,https://www.mbtlink.com/inquiry/#wpcf7-f3003-p3004-o1,both,A,satofull,https://www.mbtlink.com/,,1
ＭＯＥＭＵＳＩＳＡＮ,https://moemusisan.jp/,moemusisan.jp,info@moemusisan.jp,https://moemusisan.jp/,both,A,satofull,https://moemusisan.jp/,,
Ｍｏｍｏ’ｓ工房,https://26p.jp/products/360210,26p.jp,,https://26p.jp/products,form,B,satofull,https://26p.jp/products/360210,,
ＯＫＡＮＯ 博多きもの制作所,https://okano1897.jp/,okano1897.jp,info_hakata@okano1897.jp,https://okano1897.jp/#benchmark-email-lite-2_sidebar,both,A,satofull,https://okano1897.jp/,,
Ｐａｓ ａ Ｐａｓ,https://pasapas-online.com/,pasapas-online.com,info@pasapas-online.com,https://pasapas-online.com/contact.html.php,both,A,satofull,https://pasapas-online.com/,,
ＲＩＢＩＡＮ,https://ribian.net/,ribian.net,ribianhairmake@yahoo.co.jp,https://ribian.net/contact/#mailform,both,A,satofull,https://ribian.net/,1,
Ｓｎｏｗｄｒｏｐ,https://snowdrop2021.com/,snowdrop2021.com,,https://snowdrop2021.com/contact/#wpcf7-f6-o1,form,B,satofull,https://snowdrop2021.com/,,
Ｙｕｆｕｉｎ Ｌｕｘｕｒｙ Ｖｉｌｌａ ｚａｋｕｒｏ,https://www.yufuin-zakuro.company/,yufuin-zakuro.company,info@yufuin-zakuro.company,https://www.yufuin-zakuro.company/,both,A,satofull,https://www.yufuin-zakuro.company/,,
ｆｕｋｕ＆ｆｕｋｕ,https://fukufukucom.base.shop/,fukufukucom.base.shop,,https://fukufukucom.base.shop/search,form,B,satofull,https://fukufukucom.base.shop/,,
(株)アズアイム,https://azim2015.com/,azim2015.com,info@azim2015.com,,email,A,fgs2025,,,
アルカリ生の天然水「リセットタイム」,https://www.resettimes.com/,resettimes.com,,,none,none,fgs2025,,,
石川特殊特急製本(株),https://www.issmain.co.jp/,issmain.co.jp,,,none,none,fgs2025,,,
蛭子屋合名会社,http://misoyanokitchen.com/,misoyanokitchen.com,,,none,none,fgs2025,,,
(株)甲斐,https://kai-ltd.co.jp/,kai-ltd.co.jp,,,none,none,fgs2025,,,
(株)キヨトク,https://www.kiyotoku.co.jp/,kiyotoku.co.jp,,,none,none,fgs2025,,,
(株)クレイブ,https://www.cleib.com/,cleib.com,,,none,none,fgs2025,,,
廣榮堂武田,https://koeidotakeda.jp/,koeidotakeda.jp,,,none,none,fgs2025,,,
Victor コスモサウンド,http://www.cosmosound.co.jp/,cosmosound.co.jp,,,none,none,fgs2025,,,
(株)栄商会,https://www.sakae-firm.co.jp/,sakae-firm.co.jp,,https://www.sakae-firm.co.jp/#wpcf7-f579-p2006-o1,none,B,fgs2025;minkougei_v3,,,
(有)松栄土肥産業,https://www.shoeidohi.com/shop/user_data/company,shoeidohi.com,,,none,none,fgs2025,,,
白川千佳,https://artistdb.artistcafe.jp/shirakawachika/,artistdb.artistcafe.jp,contact@artistcafe.jp,,email,A,fgs2025,,,1
(株)伸正,https://shinseikougyou.jp/,shinseikougyou.jp,info@shinseikougyou.jp,,email,A,fgs2025,,,
ZENiQ,https://nextfieldjp.base.shop/,nextfieldjp.base.shop,,,none,none,fgs2025,,,
(株)ダイシス（カルフコ）,https://calfko.com/,calfko.com,,,none,none,fgs2025,,,
田中製麺,http://www.tanakaseimen.com/,tanakaseimen.com,info@tanakaseimen.com,,email,A,fgs2025,,,
toy-spice!,https://www.toy-spice.jp/,toy-spice.jp,,,none,none,fgs2025,,,
DOCOREふくおか商工会ショップ（福岡県商工会連合会）,https://shokokai.ne.jp/docore/,shokokai.ne.jp,fsk@shokokai.ne.jp,,email,A,fgs2025,,,
To.Pi工房,https://ikhtiart.com/company.shtml,ikhtiart.com,,,none,none,fgs2025,,,
(株)中山吉祥園,https://www.sara-japan.jp/,sara-japan.jp,,,none,none,fgs2025,,,
NOBEL TRADE,https://rabbynet.zennichi.or.jp/agency/00093203,rabbynet.zennichi.or.jp,,,none,none,fgs2025,,,
花山温泉 薬師の湯,http://www.hanayamaonsen.com/,hanayamaonsen.com,,,none,none,fgs2025,,,
(株)Hisheri,https://www.food-expo-kyushu.jp/companies/226,food-expo-kyushu.jp,,,none,none,fgs2025,,,
(株)プラナム,https://minamino-kaze.site/company/,minamino-kaze.site,,,none,none,fgs2025,,,
Pointer &amp; AmiAmi,https://www.amiami345.shop/c/brand/pointer,amiami345.shop,,,none,none,fgs2025,,,
森博多織(株),https://hakataori.co.jp/,hakataori.co.jp,,,none,none,fgs2025,,,
Morrow珈琲,https://www.morrowcoffee.net/,morrowcoffee.net,,,none,none,fgs2025,,,
(株)やまひら,https://yamahira.mutugorou.co.jp/,yamahira.mutugorou.co.jp,,,none,none,fgs2025,,,
UTS JAPAN (株),https://uts-jp.com/,uts-jp.com,,,none,none,fgs2025,,,
unimet,https://unimet.jp/,unimet.jp,,,none,none,fgs2025,,,
(有)よかろう,https://www.kashiwameshi-yokarou.com/?srsltid=AfmBOoqfiqpnoI__b68A8mpvXl2_lJKvgVPO7qiB8xVsMa6XhKCd5Rqo,kashiwameshi-yokarou.com,,,none,none,fgs2025,,,
ローカルTシャツ,https://local-t.com/?srsltid=AfmBOorUu5F2VOvG61niheM6boQ1h5cFkCW6d2vQKnRdSk-X2nlO9a5G,local-t.com,,,none,none,fgs2025,,,
ROKKAKU（箔押しペーパーアイテムブランド）,https://rokkaku-futaba.jp/,rokkaku-futaba.jp,,https://rokkaku-futaba.jp/contact-confirm/,none,B,fgs2025;dainipponichi,,,
(株)ワールドグローブ,http://www.worldglove.com/,worldglove.com,,,none,none,fgs2025,,,
ワイエスフード,https://ys-food.jp/,ys-food.jp,,,none,none,fgs2025,,,
わかまつ農園,https://itoshima-olive.com/,itoshima-olive.com,contact@itoshima-olive.com,,email,A,fgs2025,,,
和と空,https://watosora.stores.jp/,watosora.stores.jp,,,none,none,fgs2025,,,
和ライフ,https://walife.co.jp/,walife.co.jp,,,none,none,fgs2025,,,
(株)ACTマーケティング,https://www.act-marketing.jp/index.html,act-marketing.jp,,,none,none,fgs2025,,,
朝倉染布(株),https://www.asakura-senpu.co.jp/,asakura-senpu.co.jp,,,none,none,fgs2025,,,
(株)アロー,https://www.my-arrow.co.jp/,my-arrow.co.jp,,,none,none,fgs2025,,,
インスタイルコサージュ,https://instyleco.net/,instyleco.net,,,none,none,fgs2025,,,
内海産業(株),https://utsumi-sp.co.jp/,utsumi-sp.co.jp,privacy@utsumi-sp.co.jp,,email,A,fgs2025,,,
永正染工(株),https://eishosenko.com/,eishosenko.com,,,none,none,fgs2025,,,
(株)エス・エフ・シー,https://www.sfc-tokyo.com/,sfc-tokyo.com,,,none,none,fgs2025,,,
(株)エムズカンパニー,https://msco.co.jp/,msco.co.jp,,,none,none,fgs2025,,,
(株)学協社,https://www.gakkyosha.co.jp/,gakkyosha.co.jp,,,none,none,fgs2025,,,
(株)カンベ,http://www.kanbe-y.co.jp/,kanbe-y.co.jp,,,none,none,fgs2025,,,
(株)国府印刷社,https://kokufu.co.jp/,kokufu.co.jp,,,none,none,fgs2025,,,
コムネット(株),https://www.comnet-network.co.jp/?srsltid=AfmBOoo47cv3mYGoJVjpMUpDRtlujeisWKcsVUXSgV29eU5mraptT26M,comnet-network.co.jp,,,none,none,fgs2025,,,
新日本カレンダー(株),https://www.nkcalendar.co.jp/,nkcalendar.co.jp,,,none,none,fgs2025,,,
巣守金属工業(株),https://sumori-metal.com/,sumori-metal.com,,,none,none,fgs2025,,,
辰巳電子工業(株),https://www.tatsu-mi.co.jp/,tatsu-mi.co.jp,,,none,none,fgs2025,,,
天然生活(株),https://www.tennen-seikatsu.jp/,tennen-seikatsu.jp,,,none,none,fgs2025,,,
(株)TWENTY,https://twentyinc.co.jp/,twentyinc.co.jp,,,none,none,fgs2025,,,
「東京未来素材」紙の新素材,https://tokyomiraisozai.com/,tokyomiraisozai.com,,,none,none,fgs2025,,,
(株)東具,https://www.togu.co.jp/,togu.co.jp,,,none,none,fgs2025,,,
(株)トーヨーコーポレーション,https://www.toyoc.co.jp/,toyoc.co.jp,,,none,none,fgs2025,,,
(有)ナッシュ(Entowa's),https://www.entowa-s.com/,entowa-s.com,,,none,none,fgs2025,,,
西日本高速利用協同組合,https://rengoukai.jp/w-high/,rengoukai.jp,,,none,none,fgs2025,,,
(株)ネクストインターナショナル,https://nx-inter.com/,nx-inter.com,info@nx-inter.com,,email,A,fgs2025,,,
(株)ファーストレイト,https://first-rate.co.jp/,first-rate.co.jp,,,none,none,fgs2025,,,
(株)福岡大洋工芸,https://www.fukuokataiyokogei.jp/,fukuokataiyokogei.jp,,,none,none,fgs2025,,,
藤徳紙器(株),https://www.fujitoku.co.jp/,fujitoku.co.jp,,,none,none,fgs2025,,,
プラテック(株),http://e-platec.co.jp/,e-platec.co.jp,,,none,none,fgs2025,,,
マグネット館.com,https://www.magnet-kan.com/,magnet-kan.com,,,none,none,fgs2025,,,
(有)丸英製紙,https://maruhide-paper.com/,maruhide-paper.com,info@maruhide-paper.com,,email,A,fgs2025,,,
モノココロ,https://monococoro.thebase.in/,monococoro.thebase.in,,,none,none,fgs2025,,,
(株)モノファクトリー　九州,https://www.monofactory.com/posts+wp_post_WksWacax/%E6%8C%81%E7%B6%9A%E5%8F%AF%E8%83%BD%E3%81%AA%E7%A4%BE%E4%BC%9A%E3%81%AE%E6%A7%8B%E7%AF%89%E3%81%AB%E5%90%91%E3%81%91%E3%81%9F%E6%8B%A0%E7%82%B9%EF%BD%A2%E3%82%B5%E3%83%BC%E3%82%AD%E3%83%A5%E3%83%A9,monofactory.com,,,none,none,fgs2025,,,
森永乳業クリニコ(株),https://www.clinico.co.jp/,clinico.co.jp,,,none,none,fgs2025,,,
YAMAHI,https://www.yamahi.com/,yamahi.com,finfo@yamahi.com,,email,A,fgs2025,,,
(株)OnePlanet,https://1planet.co.jp/,1planet.co.jp,,,none,none,fgs2025,,,
BrandFit Solutions B.V.,https://brandfitsolutions.com/,brandfitsolutions.com,,,none,none,fgs2025,,,
"CMA GLOBAL CO.,LTD.",http://www.cmaglobal.net/jp/,cmaglobal.net,cmaj@cmaglobal.net,,email,A,fgs2025,,,
東莞市鑫銘工藝品有限会社,http://www.singmingpvc.com/jp/about.asp?id=11,singmingpvc.com,angel@singminghk.com,,email,A,fgs2025,,,1
伸光窯-SINKOUGAMA-,https://sinkougama.com/,sinkougama.com,,,none,none,dainipponichi,https://sinkougama.co.jp/,,
ひいらぎ,https://hiiragi-tokyo.com/,hiiragi-tokyo.com,support@taito.furusato-lg.jp,https://hiiragi-tokyo.com/contact/#wpcf7-f811-p354-o1,both,A,dainipponichi;ilt_direct;ilt_v2,https://hiiragi-tokyo.com/,,1
長文堂,https://www.chobundo.jp/,chobundo.jp,,,none,none,dainipponichi,https://www.chobundo.jp/,,
giga project,https://giga.shop-pro.jp/,giga.shop-pro.jp,,https://giga.shop-pro.jp/,form,B,dainipponichi,https://giga.shop-pro.jp/,,
鬢バーム(BIN BALM),https://www.binbalm.jp/,binbalm.jp,,,none,none,dainipponichi,https://binbalm.jp/,,
生姜百景,https://usukisenbei.com/ginger100k/,usukisenbei.com,,https://usukisenbei.com/ginger100k/,form,B,dainipponichi,https://usukisenbei.com/ginger100k/,,
茶ノ吉,https://kaheehonpo.com/crafttea/,kaheehonpo.com,info@kaheehonpo.com,https://cart.ec-sites.jp/cart_step2/pc/pk00/,both,A,dainipponichi,https://kaheehonpo.com/crafttea/,,
王子窯,https://oujigama.com,oujigama.com,,,none,none,dainipponichi,https://oujigama.com/,,
荒木陶窯,https://shop.arakitoyo.com/,shop.arakitoyo.com,,https://shop.arakitoyo.com/search,form,B,dainipponichi,https://shop.arakitoyo.com/,,
OHYA,https://shop.ohya-seisakujyo.com/,shop.ohya-seisakujyo.com,info@shop.ohya-seisakujyo.com,https://shop.ohya-seisakujyo.com/localization,both,A,dainipponichi,https://shop.ohya-seisakujyo.com/,,
ちんとん,https://chinton-kikuoka.myshopify.com/,chinton-kikuoka.myshopify.com,kikuoka.shamisen@gmail.com,https://chinton-kikuoka.myshopify.com/localization,both,A,dainipponichi,https://chinton-kikuoka.myshopify.com/,1,
French Bull,https://www.french-bull.jp/,french-bull.jp,info@www.french-bull.jp,https://www.french-bull.jp/wp/wp-content/themes/frenchbull-2020/contact/mailformpro/mailformpro.cgi,both,A,dainipponichi,https://www.french-bull.jp/,,
Jacquard Works,https://shop.jacquard-works.jp/,shop.jacquard-works.jp,,https://shop.jacquard-works.jp/i18n/i18n_user_languages/change_language?back=http%3A%2F%2Fshop.jacquard-works.jp%2F,form,B,dainipponichi,https://shop.jacquard-works.jp/,,
SASAWASHI,https://sasawashi.com/,sasawashi.com,,,none,none,dainipponichi,https://sasawashi.com/,,
LOCAL FABRIC,https://localfabric.jp/,localfabric.jp,,,none,none,dainipponichi,https://localfabric.jp/,,
漆琳堂/RIN&CO,https://shitsurindo.com/,shitsurindo.com,info@shitsurindo.com,https://shitsurindo.com/,both,A,dainipponichi,https://shitsurindo.com/,,
Mustakivi,https://mustakivi.jp/,mustakivi.jp,info@mustakivi.jp,https://mustakivi.jp/search,both,A,dainipponichi,https://mustakivi.jp/,,
SETOMANEKI,https://setomaneki.jp/,setomaneki.jp,,,none,none,dainipponichi,https://setomaneki.jp/,,
増田桐箱店,https://kiribako.jp/,kiribako.jp,info@kiribako.jp,https://kiribako.jp/estimate/#wpcf7-f7-o1,both,A,dainipponichi,https://kiribako.jp/,,
"ecuvo,",https://www.ecuvo-japan.com/,ecuvo-japan.com,,https://www.ecuvo-japan.com/contact,form,B,dainipponichi,https://www.ecuvo-japan.com/,,
くらしきぬ,https://www.kurashikisilk.jp/,kurashikisilk.jp,info@kurashikisilk.jp,https://www.kurashikisilk.jp/search,both,A,dainipponichi,https://www.kurashikisilk.jp/,,
結霜月華,https://kessougekka.shopselect.net/,kessougekka.shopselect.net,,https://kessougekka.shopselect.net/search,form,B,dainipponichi,https://kessougekka.shopselect.net/,,
iwakagu 支障木プロジェクト,https://shishoboku.theshop.jp,shishoboku.theshop.jp,,https://shishoboku.theshop.jp/search,form,B,dainipponichi,https://shishoboku.theshop.jp/,,
渓山窯,https://arita-keizan.jp,arita-keizan.jp,info@arita-keizan.jp,https://arita-keizan.jp/,both,A,dainipponichi,https://arita-keizan.jp/,,
Smile Cotton/HAAG,https://i-haag.jp/,i-haag.jp,info@smile-cotton.com,https://i-haag.jp/contact/mailformpro/mailformpro.cgi,both,A,dainipponichi,https://i-haag.jp/,,1
絹屋,https://www.daigowebshop.com/c/brand/kinuya,daigowebshop.com,ecinfo@daigojapan.jp,https://www.daigowebshop.com/p/search,both,A,dainipponichi,https://www.daigowebshop.com/c/brand/kinuya,,1
MUSUBI,https://www.musubi-wazarashi.jp/,musubi-wazarashi.jp,,https://www.musubi-wazarashi.jp/,form,B,dainipponichi,https://www.musubi-wazarashi.jp/,,
新井商店,https://araishouten-shoes.stores.jp/,araishouten-shoes.stores.jp,,,none,none,dainipponichi,https://araishouten-shoes.stores.jp/,,
蜜香屋,http://mikkouya.com/,mikkouya.com,,,none,none,dainipponichi,http://mikkouya.com/,,
Bocchi,https://bocchi-peanut.jp/,bocchi-peanut.jp,info@segawa-peanuts.com,https://bocchi-peanut.jp/contact/#wpcf7-f992-p30-o1,both,A,dainipponichi,https://bocchi-peanut.jp/,,1
フクション,https://fukution.com/,fukution.com,,https://fukution.com/contact/,form,B,dainipponichi,https://fukution.com/,,
楽豆屋,https://www.rakumameya.com/,rakumameya.com,fujiya@fujiyaseika.co.jp,https://www.rakumameya.com/p/search,both,A,dainipponichi,https://www.rakumameya.com/,,1
加島茶舗,https://kashimachaho.com/,kashimachaho.com,k-ocha@e-ocha.jp,https://kashimachaho.com/contact/#wpcf7-f38-p26-o1,both,A,dainipponichi,https://kashimachaho.com/,,1
hashi-coo,https://www.hashi-coo.com,hashi-coo.com,,,none,none,dainipponichi,https://hashi-coo.com/,,
三河軍手,https://ishimeri.net/?pid=188323300,ishimeri.net,order@ishimeri.com,https://ishimeri.net/,both,A,dainipponichi,https://ishimeri.net/?pid=188323300,,1
注染手ぬぐい にじゆら,https://nijiyura.com/,nijiyura.com,nakani@jmail.plala.or.jp,,email,A,dainipponichi,https://nijiyura.com/,,1
SILKKI,https://www.silkki.jp,silkki.jp,info@silkki.jp,,email,A,dainipponichi,https://www.silkki.jp/,,
BIRDS' WORDS,https://birds-words.com/,birds-words.com,support@birds-words.com,https://birds-words.com/search,both,A,dainipponichi;ilt_direct,https://birds-words.com/,,
ASAKURA,https://asakurakagu.co.jp/,asakurakagu.co.jp,,https://asakurakagu.co.jp/contact/#wpcf7-f5-p15-o1,form,B,dainipponichi,https://asakurakagu.co.jp/,,
タビノキセキ,http://www.tabinokiseki.com/,tabinokiseki.com,,https://tabinokiseki.com/localization,form,B,dainipponichi,https://tabinokiseki.com/,,
JICON 磁今,www.jicon.jp,jicon.jp,,https://www.jicon.jp/contact,form,B,dainipponichi,https://www.jicon.jp/,,
薫玉堂,https://www.kungyokudo.co.jp/,kungyokudo.co.jp,,https://www.kungyokudo.co.jp/contact/,form,B,dainipponichi,https://www.kungyokudo.co.jp/,,
TO&FRO,https://toandfro.shop/,toandfro.shop,shop@toandfro.jp,https://toandfro.shop/cart,both,A,dainipponichi,https://toandfro.shop/,,1
Rinori(リノリ),https://www.rinori.jp/,rinori.jp,rwox@arwxar.sy,https://www.rinori.jp/ssl/slogin/,both,A,dainipponichi,https://www.rinori.jp/,,1
桐染KIRISEN,www.kirisen.theshop.jp,kirisen.theshop.jp,,,none,none,dainipponichi,www.kirisen.theshop.jp,,
Broom Craft,https://fukami1178.jp/,fukami1178.jp,,https://fukami1178.jp/contact#wpcf7-f5-p6-o1,form,B,dainipponichi,https://fukami1178.jp/,,
SUIFUTOSHA,https://oriza.jp/product_brand/suifutosha,oriza.jp,,https://oriza.jp/,form,B,dainipponichi,https://oriza.jp/product_brand/suifutosha,,
Huminaa,https://huminaa.base.shop/,huminaa.base.shop,00@cafe.ichirin,https://huminaa.base.shop/i18n/i18n_user_languages/change_language?back=http%3A%2F%2Fhuminaa.base.shop%2F,both,A,dainipponichi,https://huminaa.base.shop/,,1
ANDIZUMO,https://andizumo.jp/,andizumo.jp,info@andizumo.jp,https://andizumo.jp/search,both,A,dainipponichi,https://andizumo.jp/,,
中村園,https://nakamura-en.jp/,nakamura-en.jp,,https://nakamura-en.jp/contact#wpcf7-f5-o1,form,B,dainipponichi;ilt_direct;ilt_v2,https://nakamura-en.jp/,,
ひなたのほしものがたり,https://www.foodmark.co.jp,foodmark.co.jp,info@foodmark.co.jp,https://www.foodmark.co.jp/contactus/,both,A,dainipponichi,https://www.foodmark.co.jp/,,
紀の川市認定ブランド ISSEKI,https://kinokawa-isseki.com/,kinokawa-isseki.com,6tsuku@misosoup.co.jp,https://kinokawa-isseki.com/contact/,both,A,dainipponichi,https://kinokawa-isseki.com/,,1
Nogakel,https://www.nogakel.com/,nogakel.com,,https://www.nogakel.com/cart/add/nogakel-base-shop,form,B,dainipponichi,https://www.nogakel.com/,,
大館工芸社,https://magewappa.co.jp/,magewappa.co.jp,info@magewappa.co.jp,https://magewappa.co.jp/search,both,A,dainipponichi,https://magewappa.co.jp/,,
SAIFUKU -snow country knit-,https://shop.saifuku-knit.jp/,shop.saifuku-knit.jp,shop@saifuku-knit.jp,https://shop.saifuku-knit.jp/search,both,A,dainipponichi,https://shop.saifuku-knit.jp/,,1
CO-ON,https://co-on.jp/,co-on.jp,,,none,none,dainipponichi,https://co-on.jp/,,
itoma,https://itoma-utsuwa.jimdofree.com,itoma-utsuwa.jimdofree.com,,https://itoma-utsuwa.jimdofree.com/contact/,form,B,dainipponichi,https://itoma-utsuwa.jimdofree.com/,,
THE,https://the-web.co.jp/,the-web.co.jp,the-shop-online@the-mail.jp,https://the-web.co.jp/contact#newsletter-footer,both,A,dainipponichi,https://the-web.co.jp/,,1
OTA KNIT,https://ota-knit.jp/,ota-knit.jp,oota.knit@gmail.com,,email,A,dainipponichi,https://ota-knit.jp/,1,
CHANTIQUE,https://shop.chant.tokyo/,shop.chant.tokyo,info@chant.tokyo,https://shop.chant.tokyo/localization,both,A,dainipponichi,https://shop.chant.tokyo/,,1
marumasu,https://marumasu1901.jp/,marumasu1901.jp,marumasu.ec.info@gmail.com,https://marumasu1901.jp/search,both,A,dainipponichi,https://marumasu1901.jp/,1,
木草舎-もくそうや-,https://mokusouya.jimdosite.com/,mokusouya.jimdosite.com,uff1amino-gen@woody.ocn.ne.jp,,email,A,dainipponichi,https://mokusouya.jimdosite.com/,,1
BAGWORKS,https://www.bagworks.co.jp/,bagworks.co.jp,inquiry@yu-nakagawa.co.jp,https://www.bagworks.co.jp/contact/,both,A,dainipponichi,https://www.bagworks.co.jp/,,1
TAKUMI Collection,https://takumi-collection.jp/,takumi-collection.jp,,,none,none,dainipponichi,https://takumi-collection.jp/,,
鍋島虎仙窯,https://imari-kosengama.com/,imari-kosengama.com,,https://imari-kosengama.com/contact-us/#wpcf7-f32-o1,form,B,dainipponichi,https://imari-kosengama.com/,,
M PRODUCTS TOKYO,https://maruwa-ss.com/mpt/,maruwa-ss.com,,,none,none,dainipponichi,https://www.maruwa-ss.com/mpt/,,
tete,https://www.yoshiyasukato.com/tete,yoshiyasukato.com,yopiyasu@gmail.com,,email,A,dainipponichi,https://www.yoshiyasukato.com/tete,1,
SUNS AND COOK,https://www.sunsandcook.jp/,sunsandcook.jp,,https://www.sunsandcook.jp/contact/,form,B,dainipponichi,https://www.sunsandcook.jp/,,
山から福がおりてくる,https://shop.yamakarafuku.jp,shop.yamakarafuku.jp,info@yamakarafuku.jp,https://shop.yamakarafuku.jp/cart/proxy/basket/items/add,both,A,dainipponichi,https://shop.yamakarafuku.jp/,,1
SOUKI,https://www.souki-knit.jp/,souki-knit.jp,,https://www.souki-knit.jp/about/php/mailform.php,form,B,dainipponichi,https://www.souki-knit.jp/,,
きえ～る,https://kankyo-daizen.jp/,kankyo-daizen.jp,otoiawase@kankyo-daizen.jp,,email,A,dainipponichi,https://kankyo-daizen.jp/,,
野田琺瑯,https://www.nodahoro.com/,nodahoro.com,info08@nodahoro.com,https://www.nodahoro.com/company/contact#wpcf7-f3-p13-o1,both,A,dainipponichi,https://www.nodahoro.com/,,
Fabrico,https://fabricofabrico.jp,fabricofabrico.jp,,,none,none,dainipponichi,https://fabricofabrico.jp/,,
hounobi,https://hounobi.jp,hounobi.jp,,https://hounobi.jp/mailform/php/mailform.php,form,B,dainipponichi,https://hounobi.jp/,,
かもしか道具店,https://kamoshika-douguten.jp/,kamoshika-douguten.jp,kamoshika@kamoshika-douguten.jp,https://kamoshika-douguten.jp/search,both,A,dainipponichi,https://kamoshika-douguten.jp/,,
BAGSBAG,https://bagsbag.jp/,bagsbag.jp,,https://bagsbag.jp/contact/#wpcf7-f38-o1,form,B,dainipponichi,https://bagsbag.jp/,,
TOBE,https://tobe-ceramics.jp,tobe-ceramics.jp,info@sukoshiya.com,,email,A,dainipponichi,https://tobe-ceramics.jp/,,1
POU-KUL,https://poukul.official.ec/,poukul.official.ec,,https://poukul.official.ec/i18n/i18n_user_languages/change_language?back=http%3A%2F%2Fpoukul.official.ec%2F,form,B,dainipponichi,https://poukul.official.ec/,,
technm,https://www.mitejima-chem.co.jp/technem/,mitejima-chem.co.jp,,https://www.mitejima-chem.co.jp/jutaku/jutaku_form,form,B,dainipponichi,https://www.mitejima-chem.co.jp/technem/,,
アシゴト,https://www.econoleg.co.jp/,econoleg.co.jp,info-econoleg@nishikutu.co.jp,https://econoleg.shop-pro.jp/cart/proxy/basket/items/add,both,A,dainipponichi,https://www.econoleg.co.jp/,,1
TESORO.accessory,https://tesoro-accessory.com/,tesoro-accessory.com,,https://tesoro-accessory.com/contact/,form,B,dainipponichi,https://tesoro-accessory.com/,,
kochi,http://www.kochi-net.jp,kochi-net.jp,kochi@wonder.ocn.ne.jp,https://www.kochi-net.jp/CART/wish_member.php,both,A,dainipponichi,https://www.kochi-net.jp/,,1
kontex,https://kontex.co.jp/,kontex.co.jp,kontex-contact@kontex.co.jp,https://kontex.co.jp/contact/#shopname-2,both,A,dainipponichi,https://kontex.co.jp/,,
HAA,https://haajapan.com/,haajapan.com,support@haajapan.com,https://haajapan.com/localization,both,A,dainipponichi,https://haajapan.com/,,
大成紙器製作所,https://taisei-shiki.jp/,taisei-shiki.jp,,https://taisei-shiki.jp/contact/,form,B,dainipponichi,https://taisei-shiki.jp/,,
奈良藤枝珈琲焙煎所,https://narafujiedacoffee.jp/,narafujiedacoffee.jp,order@fujieda-coffee.co.jp,https://narafujiedacoffee.jp/search,both,A,dainipponichi,https://narafujiedacoffee.jp/,,1
CANO旅と香りの研究所,https://cano-caori.com/,cano-caori.com,info@cano-caori.com,https://cano-caori.com/,both,A,dainipponichi,https://cano-caori.com/,,
B&D minoyaki,https://www.banddminoyaki.com/,banddminoyaki.com,bandd_shop@banddminoyaki.com,https://www.banddminoyaki.com/ssl/slogin/,both,A,dainipponichi,https://www.banddminoyaki.com/,,
堀内果実園,https://horiuchi-fruit.jp,horiuchi-fruit.jp,abcd@xxxx.com,https://horiuchi-fruit.jp/contact/zpmail.php,both,A,dainipponichi,https://horiuchi-fruit.jp/,,1
モリタ株式会社,https://www.p-4-p.jp/,p-4-p.jp,info@morita-package.com,https://www.p-4-p.jp/,both,A,dainipponichi,https://www.p-4-p.jp/,,1
ダントツ撥水、KONBU、mate-mono,https://komatsumatereonlinestore.jp/,komatsumatereonlinestore.jp,,https://komatsumatereonlinestore.jp/search,both,B,dainipponichi,https://komatsumatereonlinestore.jp/,,
越前瓦器,https://www.seramika-store.com/,seramika-store.com,,https://www.seramika-store.com/search,form,B,dainipponichi,https://www.seramika-store.com/,,
亀の子束子,https://www.kamenoko-tawashi.co.jp/,kamenoko-tawashi.co.jp,,https://www.kamenoko-tawashi.co.jp/,form,B,dainipponichi,https://www.kamenoko-tawashi.co.jp/,,
marushin pottery,https://marushin-pottery.jp/,marushin-pottery.jp,info@marushin-pottery.jp,https://marushin-pottery.jp/contact/,both,A,dainipponichi,https://marushin-pottery.jp/,,
KinoKoto,https://www.kinokoto.net/,kinokoto.net,,https://www.kinokoto.net/search,form,B,dainipponichi,https://www.kinokoto.net/,,
とみおかクリーニング,https://tomioka-cleaning.com/,tomioka-cleaning.com,info@happytree.jp,https://tomioka-cleaning.com/localization,both,A,dainipponichi,https://tomioka-cleaning.com/,,1
tsUDoi,https://hoei-tsudoi.com/,hoei-tsudoi.com,,https://hoei-tsudoi.com/%E3%81%8A%E5%95%8F%E3%81%84%E5%90%88%E3%82%8F%E3%81%9B/#wpcf7-f208-p210-o2,form,B,dainipponichi,https://hoei-tsudoi.com/,,
ゑびす足袋本舗,https://www.ebisutabi.co.jp/,ebisutabi.co.jp,otoiawase@ebisutabi.co.jp,https://www.ebisutabi.co.jp/,both,A,dainipponichi,https://www.ebisutabi.co.jp/,,
山燕庵,http://sanenan.com,sanenan.com,,https://maimaishop.thebase.in/search,form,B,dainipponichi,https://maimaishop.thebase.in/,,
MARUSHIN by SHINTO TOWEL,https://shintotowel.com/marushin/top,shintotowel.com,,,none,none,dainipponichi,https://shintotowel.com/marushin/top,,
MIYUKI,https://www.miyuki-beads.co.jp/,miyuki-beads.co.jp,main_slide01_sp@3x.avif,https://www.miyuki-beads.co.jp/recruit/contact#wpcf7-f77-p79-o1,both,A,dainipponichi,https://www.miyuki-beads.co.jp/,,1
memeri,https://memeri.me/,memeri.me,,https://memeri.me/contact/,form,B,dainipponichi,https://memeri.me/,,
大門箸,https://www.designofficea4.com/daimon,designofficea4.com,info@designofficea4.com,https://www.designofficea4.com/contact,both,A,dainipponichi,https://www.designofficea4.com/daimon,,
信州経木Shiki,https://shinshukyougi.jp/shiki/,shinshukyougi.jp,yamada@shinshukyougi.jp,https://shinshukyougi.jp/contact/#wpcf7-f6-o1,both,A,dainipponichi,https://shinshukyougi.jp/shiki/,,
LP,https://lp-jpn.jp/,lp-jpn.jp,info@lp-jpn.jp,https://lp-jpn.shop-pro.jp/customer/signup,both,A,dainipponichi,https://lp-jpn.jp/,,
八千代麺業,https://tenobemen.com,tenobemen.com,info@tenobemen.com,https://tenobemen.com/shop.html,both,A,dainipponichi,https://tenobemen.com/,,
田中醤油店,http://www.moromi.jp,moromi.jp,info_web@moromi.jp,https://www.moromi.jp/shop/shopbrand.html,both,A,dainipponichi,https://www.moromi.jp/,,
きちみ製麺,https://www.tsurigane.com/,tsurigane.com,info@tsurigane.com,https://www.tsurigane.com/search,both,A,dainipponichi,https://www.tsurigane.com/,,
OGIHARA,https://ogihara-foods.co.jp/,ogihara-foods.co.jp,,https://ogihara-foods.co.jp/contact/contact.php,form,B,dainipponichi,https://ogihara-foods.co.jp/,,
大和園,https://yamatoen.nara.jp/index.php,yamatoen.nara.jp,,https://yamatoen.nara.jp/contact/contact.php,form,B,dainipponichi,https://yamatoen.nara.jp/index.php,,
FORMLADY kaico /ambai/asahineko,https://formlady.co.jp/,formlady.co.jp,,,none,none,dainipponichi,https://formlady.co.jp/,,
家事問屋,https://kajidonya.com/,kajidonya.com,website@kajidonya.com,https://kajidonya.com,both,A,dainipponichi,https://kajidonya.com/,,
me.,https://www.hapunaandco.jp/brand/me/,hapunaandco.jp,,https://sitesealinfo.pubcert.jprs.jp/SiteSealReference,form,B,dainipponichi,https://www.hapunaandco.jp/brand/me/,,
日々,https://hibi-komorihousei.com/,hibi-komorihousei.com,info@hibi-komorihousei.com,https://hibi-komorihousei.com/,both,A,dainipponichi,https://hibi-komorihousei.com/,,
ao(アオ),https://shop.ao-daikanyama.com/,shop.ao-daikanyama.com,mail@ao-daikanyama.com,https://shop.ao-daikanyama.com/cart/add,both,A,dainipponichi,https://shop.ao-daikanyama.com/,,1
HEP,https://www.hep-sandal.jp/,hep-sandal.jp,,https://www.hep-sandal.jp/contact,form,B,dainipponichi,https://www.hep-sandal.jp/,,
nin,https://www.ninninnin.jp/,ninninnin.jp,,https://www.ninninnin.jp/i18n/i18n_user_languages/change_language?back=http%3A%2F%2Fwww.ninninnin.jp%2F,form,B,dainipponichi,https://www.ninninnin.jp/,,
Riezone「SU-GU」,https://riezone.official.ec,riezone.official.ec,,https://riezone.official.ec/cart/add/riezone-official-ec,form,B,dainipponichi,https://riezone.official.ec/,,
うま藻,https://umamo.jp/,umamo.jp,info@umamo.jp,https://umamo.jp/search,both,A,dainipponichi,https://umamo.jp/,,
YATACOLA,https://yatacola.tsuruoka.city/,yatacola.tsuruoka.city,yatacola@tsuruoka.cityhttps,https://yatacola.tsuruoka.city/cart/add/yatacola-handcrafted-jp,both,A,dainipponichi,https://yatacola.tsuruoka.city/,,1
木ノ実時雨,https://float-from.com/,float-from.com,lit.sum.572@gmail.com,https://float-from.com/cart/add,both,A,dainipponichi,https://float-from.com/,1,
日々是薬膳,https://yakuzen.style/,yakuzen.style,shop@yakuzen.style,https://yakuzen.style/,both,A,dainipponichi,https://yakuzen.style/,,
玄米デカフェ,https://genmaidecaf.com/,genmaidecaf.com,info@mnhhappy.com,https://genmaidecaf.com/contact/,both,A,dainipponichi,https://genmaidecaf.com/,,1
Hey! Lucy,https://heymart.jp/heylucy/,heymart.jp,,https://heymart.jp/heylucy/contact/#wpcf7-f317-o1,form,B,dainipponichi,https://heymart.jp/heylucy/,,
moto,https://moto-toei.com/,moto-toei.com,,,none,none,dainipponichi,https://moto-toei.com/,,
Avec,https://avecissho.thebase.in,avecissho.thebase.in,,https://avecissho.thebase.in/,form,B,dainipponichi,https://avecissho.thebase.in/,,
塩石鹸,https://royce-line.com/,royce-line.com,info@royce-line.com,https://royce-line.com/contact/#wpcf7-f4-p9-o1,both,A,dainipponichi,https://royce-line.com/,,
issow,https://issow.co.jp/,issow.co.jp,,,none,none,dainipponichi,https://issow.co.jp/,,
金平堂(KONPEIDOU),http://konpeidou.jp/,konpeidou.jp,info@sasakiseika.co.jp,,email,A,dainipponichi,http://konpeidou.jp/,,1
兼上-カネジョウ-,www.kanejo.jp,kanejo.jp,info@kanejo.jp,https://www.kanejo.jp/CART/wish_member.php,both,A,dainipponichi,https://www.kanejo.jp/,,
（有）エスパリエ,https://www.espalier.co.jp/,espalier.co.jp,otoiawase@espalier.co.jp,,none,A,ilt_direct;ilt_v2,messe_frankfurt_exhibitor_api,,
gyutto design,https://www.sugi-diy.com/,sugi-diy.com,ask@sugi-diy.com,,none,A,ilt_direct;ilt_v2,messe_frankfurt_exhibitor_api,,
スーパー生木ラボ,https://supernamakilab.com/,supernamakilab.com,namakilab@gmail.com,https://supernamakilab.com/,none,A,ilt_direct;ilt_v2,messe_frankfurt_exhibitor_api,1,
テノンホーム,,,,,none,none,ilt_direct,messe_frankfurt_exhibitor_api,,
（株）デザインワークスエンシェント,https://designworksancient.com/,designworksancient.com,info@poketle.com,,email,A,ilt_direct,messe_frankfurt_exhibitor_api,,1
Tri Driven（株）,https://www.tridriven.jp/,tridriven.jp,,,none,none,ilt_direct;ilt_v2,messe_frankfurt_exhibitor_api,,
Bytedance（株）,https://www.bytedance.com/ja,bytedance.com,press@bytedance.com,,none,A,ilt_direct;ilt_v2,messe_frankfurt_exhibitor_api,,
Pluie et Lys,,,,,none,none,ilt_direct,messe_frankfurt_exhibitor_api,,
HORIZON,https://zenshade.jp,zenshade.jp,zenshade2025@outlook.jp,https://zenshade.jp/,none,A,ilt_direct;ilt_v2,messe_frankfurt_exhibitor_api,1,
（株）マウンテック,https://www.moun-tec.com/,moun-tec.com,info@moun-tec.com,https://www.moun-tec.com/contact/,none,A,ilt_direct;ilt_v2,messe_frankfurt_exhibitor_api,,
yatotto,https://yatotto.com,yatotto.com,,,none,none,ilt_direct;ilt_v2,messe_frankfurt_exhibitor_api,,
（株）貌製作所,bowks.jp,bowks.jp,,,none,none,ilt_direct;ilt_v2,messe_frankfurt_exhibitor_api,,
（株）ドゥオモ,www.kyototo.jp,kyototo.jp,takeharu@duomocoltd.com,,email,A,ilt_direct,messe_frankfurt_exhibitor_api,,1
東大阪ブランド推進機構,https://www.higashiosakabrand.jp/,higashiosakabrand.jp,taketsuna@kizuki-design.net,,email,A,ilt_direct,messe_frankfurt_exhibitor_api,,1
HiNGE Dept Accessory,www.hinge-dept.com,hinge-dept.com,hinge@sage.ocn.ne.jp,,email,A,ilt_direct,messe_frankfurt_exhibitor_api,,1
（株）石鹸百科,https://www.live-science.co.jp/,live-science.co.jp,info@live-science.co.jp,https://www.live-science.co.jp/products/list,none,A,ilt_direct;ilt_v2,messe_frankfurt_exhibitor_api,,
（株）イマイ,https://visit-imai.com/,visit-imai.com,,,none,none,ilt_direct;ilt_v2,messe_frankfurt_exhibitor_api,,
（株）生田プリーツ,,,,,none,none,ilt_direct,messe_frankfurt_exhibitor_api,,
KABUTTO,www.gotionjapan.com,gotionjapan.com,info@gotionjapan.com,https://www.gotionjapan.com/contact/form04/confirm/,none,A,ilt_direct;ilt_v2,messe_frankfurt_exhibitor_api,,
（株）エヌ・エレファント,www.n-elephant.com,n-elephant.com,,,none,none,ilt_direct;ilt_v2,messe_frankfurt_exhibitor_api,,
西村貿易（株）,https://maitland-smith.jp/,maitland-smith.jp,support@maitland-smith.jp,https://maitland-smith.jp/,none,A,ilt_direct;ilt_v2,messe_frankfurt_exhibitor_api,,
（同）PLUS,https://riehana.theshop.jp/,riehana.theshop.jp,,,none,none,ilt_direct;ilt_v2,messe_frankfurt_exhibitor_api,,
（株）スマイルズ,www.smiles.co.jp,smiles.co.jp,,,none,none,ilt_direct;ilt_v2,messe_frankfurt_exhibitor_api,,
（株）スズ木,www.kksuzuki.com,kksuzuki.com,info@kksuzuki.com,,email,A,ilt_direct,messe_frankfurt_exhibitor_api,,
（株）タカギセイコー,www.takagi-seiko.co.jp,takagi-seiko.co.jp,,https://www.takagi-seiko.co.jp/recruit/contact/confirm/,none,B,ilt_direct;ilt_v2,messe_frankfurt_exhibitor_api,,
terrier de sautillé /（株）ソティエ,http://terrier-de-sautille.com,terrier-de-sautille.com,biz_tds@terrier-de-sautille.com,,email,A,ilt_direct,messe_frankfurt_exhibitor_api,,
剣謙心（株）,https://tsurugi-kenshin.jp/,tsurugi-kenshin.jp,info@tsurugi-kenshin.jp,,email,A,ilt_direct,messe_frankfurt_exhibitor_api,,
UDS（株）,https://uds-net.co.jp/,uds-net.co.jp,,https://www.google.co.jp/search,none,B,ilt_direct;ilt_v2,messe_frankfurt_exhibitor_api,,
（株）上西工業,https://www.uenishi-kogyo.com/,uenishi-kogyo.com,uenishi-kogyo@khf.biglobe.ne.jp,https://www.uenishi-kogyo.com/,none,A,ilt_direct;ilt_v2,messe_frankfurt_exhibitor_api,,1
ヤマヤ（株）,https://yahae1921.com/,yahae1921.com,info@yamayasocks.com,https://yahae1921.com/search,none,A,ilt_direct;ilt_v2,messe_frankfurt_exhibitor_api,,1
（有）アイデアセキカワ,https://idea-sekikawa.co.jp/,idea-sekikawa.co.jp,info@idea-sekikawa.co.jp,,email,A,ilt_direct;ambiente_direct,messe_frankfurt_exhibitor_api,,
（株）青芳,http://www.aoyoshi.co.jp,aoyoshi.co.jp,otoiawase@aoyoshi.co.jp,,email,A,ilt_direct,messe_frankfurt_exhibitor_api,,
（株）アサヒ,http://www.asahi-spoon.co.jp,asahi-spoon.co.jp,info@asahi-co-spoon.com,https://www.asahi-spoon.co.jp/#wpcf7-f621-o1,none,A,ilt_direct;ilt_v2,messe_frankfurt_exhibitor_api,,1
AS IT IS,www.nakano-acl.co.jp,nakano-acl.co.jp,nacl@nakano-acl.co.jp,https://www.nakano-acl.co.jp/,none,A,ilt_direct;ilt_v2,messe_frankfurt_exhibitor_api,,
アッシュコンセプト,www.h-concept.jp,h-concept.jp,info@h-concept.jp,,email,A,ilt_direct;ambiente_direct,messe_frankfurt_exhibitor_api,,
Atteca,https://www.atteca.jp/,atteca.jp,info@atteca.jp,,none,A,ilt_direct;ilt_v2,messe_frankfurt_exhibitor_api,,
アトラス化成（株）,http://www.plus-atlas.co.jp/,plus-atlas.co.jp,info@plus-atlas.co.jp,,none,A,ilt_direct;ilt_v2,messe_frankfurt_exhibitor_api,,
アトリエ・エプロンヌ名古屋,https://atelier-apron-ne-nagoya.com,atelier-apron-ne-nagoya.com,apron.ne.shopify@gmail.com,,email,A,ilt_direct,messe_frankfurt_exhibitor_api,1,
apostrophe S,https://apostrophes.theshop.jp/,apostrophes.theshop.jp,,https://apostrophes.theshop.jp/i18n/i18n_user_languages/change_language?back=http%3A%2F%2Fapostrophes.theshop.jp%2F,none,B,ilt_direct;ilt_v2,messe_frankfurt_exhibitor_api,,
雨 ame art products,https://www.kameinorihiko.jp/,kameinorihiko.jp,norihiko.kamei@gmail.com,,email,A,ilt_direct,messe_frankfurt_exhibitor_api,1,
（株）アラジン,http://www.aragin.jp,aragin.jp,,,none,none,ilt_direct;ilt_v2,messe_frankfurt_exhibitor_api,,
（株）アワサカ,www.awasaka.com,awasaka.com,tabletalk@awasaka.com,https://www.awasaka.com/contact,none,A,ilt_direct;ilt_v2,messe_frankfurt_exhibitor_api,,
（同）アンテケッロ,www.chefsdoeuvres.com,chefsdoeuvres.com,contact@chefsdoeuvres.com,,email,A,ilt_direct,messe_frankfurt_exhibitor_api,,
&T　/　タジマ工業（株）,https://andt-art.com/,andt-art.com,info@andt-art.com,,email,A,ilt_direct,messe_frankfurt_exhibitor_api,,
アンドデザイン（株）,www.anddesign.jp,anddesign.jp,,,none,none,ilt_direct;ilt_v2,messe_frankfurt_exhibitor_api,,
andFREL/（株）サンテック,https://andfrel.com/,andfrel.com,nagayama@suntech-k.com,,email,A,ilt_direct,messe_frankfurt_exhibitor_api,,1
Archileon Design Lab（株）,https://www.archileon.net/,archileon.net,,https://www.archileon.net/contact,none,B,ilt_direct;ilt_v2,messe_frankfurt_exhibitor_api,,
Artenity Japan,https://www.artenityofficial.com/,artenityofficial.com,contact@artenityofficial.com,,email,A,ilt_direct,messe_frankfurt_exhibitor_api,,
RGC（株）,www.ryukyu-glass.co.jp,ryukyu-glass.co.jp,info@ryukyu-glass.co.jp,https://www.ryukyu-glass.co.jp/contact,none,A,ilt_direct;ilt_v2,messe_frankfurt_exhibitor_api,,
（株）オオクボエンタープライズ,http://www.oochouba.jp/index.html,oochouba.jp,,,none,none,ilt_direct;ilt_v2,messe_frankfurt_exhibitor_api,,
イタリア大使館貿易促進部,www.ice-tokyo.or.jp/,ice-tokyo.or.jp,tokyo@ice.it,,email,A,ilt_direct,messe_frankfurt_exhibitor_api,,1
ITSUKI /（株）BATON,https://project-baton.com/,project-baton.com,info@project-baton.com,,email,A,ilt_direct,messe_frankfurt_exhibitor_api,,
イデア（株）,www.ideaco-web.com,ideaco-web.com,info@ideaco-web.com,,email,A,ilt_direct,messe_frankfurt_exhibitor_api,,
（株）イデアポート,www.ideaport.co.jp,ideaport.co.jp,,https://www.ideaport.co.jp/contact,none,B,ilt_direct;ilt_v2,messe_frankfurt_exhibitor_api,,
（株）いのうえアソシエーツ,http://www.inoue-a.com,inoue-a.com,info@inoue-a.com,,none,A,ilt_direct;ilt_v2,messe_frankfurt_exhibitor_api,,
（株）イワタ,iozon.co.jp,iozon.co.jp,aiw@iozon.co.jp,,email,A,ilt_direct,messe_frankfurt_exhibitor_api,,
岩谷産業（株）,https://www.iwatani.co.jp/jpn/,iwatani.co.jp,iwatani@iwatani.co.jp,https://www.iwatani.co.jp/jpn/inquiry/company/form.html,none,A,ilt_direct;ilt_v2,messe_frankfurt_exhibitor_api,,
インターゼロ株式会社,https://www.interzero.co.jp,interzero.co.jp,info@interzero.co.jp,,email,A,ilt_direct,messe_frankfurt_exhibitor_api,,
インドネシア貿易振興センター,https://itpc.or.jp/,itpc.or.jp,adityabennyw@gmail.com,https://itpc.or.jp/,none,A,ilt_direct;ilt_v2,messe_frankfurt_exhibitor_api,1,
（株）イーストンテック,www.e-stonetech.co.jp,e-stonetech.co.jp,info@e-stonetech.co.jp,,email,A,ilt_direct,messe_frankfurt_exhibitor_api,,
ウッドクラフトコバヤシ,,,,,none,none,ilt_direct,messe_frankfurt_exhibitor_api,,
（株）ウヤマ製作所,http://denchukun.wp.xdomain.jp/,denchukun.wp.xdomain.jp,,,none,none,ilt_direct;ilt_v2,messe_frankfurt_exhibitor_api,,
Um Dimm,umdimm.stores.jp,umdimm.stores.jp,umdimm@work.odn.ne.jp,,email,A,ilt_direct,messe_frankfurt_exhibitor_api,,1
江戸前樹脂工芸／バキュームモールド工業㈱,https://edomaejushi.com/,edomaejushi.com,chiho.kitagawa@vmold.co.jp,,email,A,ilt_direct,messe_frankfurt_exhibitor_api,,1
NJ STYLE,https://www.nj-utsuwa.jp/,nj-utsuwa.jp,info@nj-style.com,,email,A,ilt_direct,messe_frankfurt_exhibitor_api,,1
EMISSION /（株）ルーセントデザイン,https://emission-art.com/,emission-art.com,info@emission-art.com,,email,A,ilt_direct,messe_frankfurt_exhibitor_api,,
enzo / 和平フレイズ（株）,http://www.wahei.co.jp/,wahei.co.jp,press@wahei.co.jp,https://www.wahei.co.jp,none,A,ilt_direct;ilt_v2,messe_frankfurt_exhibitor_api,,
エーワイ（株）,https://www.ay-corp.co.jp,ay-corp.co.jp,office@ay-corp.co.jp,,none,A,ilt_direct;ilt_v2,messe_frankfurt_exhibitor_api,,
（有）岡半,http://www7a.biglobe.ne.jp/~okahan/,www7a.biglobe.ne.jp,okahan@mub.biglobe.ne.jp,,email,A,ilt_direct,messe_frankfurt_exhibitor_api,,1
（株）オーエム,http://ohemu.com/,ohemu.com,ohemu@nifty.com,,email,A,ilt_direct,messe_frankfurt_exhibitor_api,,1
アール・シー・ピー（株）,www.erotica.co.jp,erotica.co.jp,info@erotica.co.jp,https://www.erotica.co.jp/localization,none,A,ilt_direct;ilt_v2,messe_frankfurt_exhibitor_api,,
オルク（有）,http://e-kakejikuya.com,e-kakejikuya.com,,,none,none,ilt_direct;ilt_v2,messe_frankfurt_exhibitor_api,,
架け箸,https://kakehashi-palestine.com/,kakehashi-palestine.com,kakehashi.notwall@gmail.com,,email,A,ilt_direct,messe_frankfurt_exhibitor_api,1,
（株）カトージ,https://www.katoji.co.jp/index.html,katoji.co.jp,iwasa@katoji.com,,email,A,ilt_direct,messe_frankfurt_exhibitor_api,,1
金沢卯辰山工芸工房,www.utatsu-kogei.gr.jp,utatsu-kogei.gr.jp,,https://www.utatsu-kogei.gr.jp/contact/,none,B,ilt_direct;ilt_v2,messe_frankfurt_exhibitor_api,,
（株）カネ大白木屋,https://kanedai.co.jp/,kanedai.co.jp,,https://kanedai.co.jp/contact/,none,B,ilt_direct;ilt_v2,messe_frankfurt_exhibitor_api,,
カワイ（株）,https://kawai-ohashi.co.jp/,kawai-ohashi.co.jp,,https://kawai-ohashi.co.jp/contact/#wpcf7-f132-p133-o1,none,B,ilt_direct;ilt_v2,messe_frankfurt_exhibitor_api,,
（株）川口技研,https://www.kawaguchigiken.co.jp/lp/tooloos/,kawaguchigiken.co.jp,soumu@kawaguchigiken.co.jp,https://www.kawaguchigiken.co.jp/mt/mt-search.cgi,none,A,ilt_direct;ilt_v2,messe_frankfurt_exhibitor_api,,
川本鋼材（株）,http://www.kawamoto-kozai.co.jp,kawamoto-kozai.co.jp,,,none,none,ilt_direct;ilt_v2,messe_frankfurt_exhibitor_api,,
（株）瓦粋,,,,,email,none,ilt_direct,messe_frankfurt_exhibitor_api,,
（株）我戸幹男商店,https://www.gatomikio.jp/,gatomikio.jp,,https://www.gatomikio.jp/#wpcf7-f12-o1,none,B,ilt_direct;ilt_v2,messe_frankfurt_exhibitor_api,,
（有）ガーデン,https://savilerow-acrylictailor.jp/,savilerow-acrylictailor.jp,info@garden-labo.com,,email,A,ilt_direct,messe_frankfurt_exhibitor_api,,1
キッコーマンこころダイニング（株）,https://cocoro-dining.co.jp/,cocoro-dining.co.jp,cocoro@mail.kikkoman.co.jp,,email,A,ilt_direct,messe_frankfurt_exhibitor_api,,1
（株）キッソオ,https://kissojapan.com/,kissojapan.com,kisso@kisso.co.jp,,email,A,ilt_direct,messe_frankfurt_exhibitor_api,,1
（株）木村硝子店,https://zizi.kimuraglass.jp/,zizi.kimuraglass.jp,eastacce@msn.com,https://zizi.kimuraglass.jp/search,none,A,ilt_direct;ilt_v2,messe_frankfurt_exhibitor_api,,1
Caddireat Innovation（株）,https://www.caddireat.com/,caddireat.com,,https://www.caddireat.com/contact/,none,B,ilt_direct;ilt_v2,messe_frankfurt_exhibitor_api,,
（株）ビヨンクール,https://beyondcool.net/,beyondcool.net,webmaster@beyondcool.co.jp,https://beyondcool.net/contact/watch-repair-form/warrantyCheck,none,A,ilt_direct;ilt_v2,messe_frankfurt_exhibitor_api,,1
Q+FLOW / Suenaga Design Studio,https://qplusflow.com,qplusflow.com,info@qplusflow.com,,email,A,ilt_direct,messe_frankfurt_exhibitor_api,,
ギャラックス貿易（株）,http://galax-import.co.jp,galax-import.co.jp,info@galax-import.co.jp,https://galax-import.co.jp/mailform/php/mailform.php,none,A,ilt_direct;ilt_v2,messe_frankfurt_exhibitor_api,,
GINZA SOBI FLOWERS,www.sobiflowers.com,sobiflowers.com,info@sobiflowers.com,https://sobiflowers.com/search,none,A,ilt_direct;ilt_v2,messe_frankfurt_exhibitor_api,,
空感材研究所,https://kukanzai.com,kukanzai.com,contact@kukanzai.com,,email,A,ilt_direct,messe_frankfurt_exhibitor_api,,
KUMAnoTE / クマノテ（株）,https://kuma-no-te.jp/,kuma-no-te.jp,info@kuma-no-te.jp,,email,A,ilt_direct,messe_frankfurt_exhibitor_api,,
KURUMIRAVN,https://kurumiravn.com/,kurumiravn.com,contact@kurumiravn.com,,none,A,ilt_direct;ilt_v2,messe_frankfurt_exhibitor_api,,
（株）クローネ,www.krone-kamakura.com,krone-kamakura.com,info@krone-kamakura.com,,email,A,ilt_direct,messe_frankfurt_exhibitor_api,,
（株）薫寿堂,http://wwww.kunjudo.co.jp,wwww.kunjudo.co.jp,kobe@kunjudo.co.jp,,email,A,ilt_direct,messe_frankfurt_exhibitor_api,,1
COOL BOTTLES   /（株）モーカルインターナショナル,https://morkal.co.jp/,morkal.co.jp,toiawase@morkal.co.jp,,email,A,ilt_direct,messe_frankfurt_exhibitor_api,,
Global Citizen Hub（同）,https://www.gch-studio.com/,gch-studio.com,taishi_shayne@gch-studio.com,,email,A,ilt_direct,messe_frankfurt_exhibitor_api,,
KENTO HASHIGUCHI,www.kentohashiguchi.com,kentohashiguchi.com,info@kentohashiguchi.com,,email,A,ilt_direct,messe_frankfurt_exhibitor_api,,
株式会社KEEN,,,,,none,none,ilt_direct,messe_frankfurt_exhibitor_api,,
小泉屋,super.co.jp,super.co.jp,info@super.co.jp,,email,A,ilt_direct,messe_frankfurt_exhibitor_api,,
国際化工（株）,https://www.kokusai-kako.co.jp/,kokusai-kako.co.jp,a.imoto@kokusai-kako.co.jp,,email,A,ilt_direct,messe_frankfurt_exhibitor_api,,
コクヨ（株）,https://www.KOKUYO.com/,kokuyo.com,,,none,none,ilt_direct;ilt_v2,messe_frankfurt_exhibitor_api,,
ここ（株）,https://ko-ko.co.jp/,ko-ko.co.jp,infoi@ko-ko.co.jp,,email,A,ilt_direct,messe_frankfurt_exhibitor_api,,
（株）ココロポートトレーディング,https://kokoroport-trading.com,kokoroport-trading.com,info@kokoroport-trading.com,,email,A,ilt_direct,messe_frankfurt_exhibitor_api,,
COSI TABELLINI JAPAN,www.cositabellini-jp.com,cositabellini-jp.com,info@cositabellini-jp.com,,email,A,ilt_direct,messe_frankfurt_exhibitor_api,,
KONOHI_COPACK,https://hinokinohi.jp/,hinokinohi.jp,k.kuwayama@copack.co.jp,,email,A,ilt_direct,messe_frankfurt_exhibitor_api,,1
小林金属興業（株）,https://www.kobayashi-kinzoku.co.jp/,kobayashi-kinzoku.co.jp,info@kobayashi-kinzoku.co.jp,,email,A,ilt_direct,messe_frankfurt_exhibitor_api,,
西海陶器（株）,saikaitoki.com,saikaitoki.com,ec-info@saikaitoki.com,,email,A,ilt_direct,messe_frankfurt_exhibitor_api,,
再生盆栽アート『WITHERS』,https://withers.jp/,withers.jp,info@withers.jp,https://withers.jp/,none,A,ilt_direct;ilt_v2,messe_frankfurt_exhibitor_api,,
（株）坂源,http://www.sakagen.co.jp/,sakagen.co.jp,hasami@sakagen.co.jp,,email,A,ilt_direct,messe_frankfurt_exhibitor_api,,
SAKASO,sakaso.shopinfo.jp,sakaso.shopinfo.jp,info.sakaso@gmail.com,,email,A,ilt_direct,messe_frankfurt_exhibitor_api,1,
佐渡　無名異焼,https://mumyoi.jp/,mumyoi.jp,info@mumyoi.jp,,none,A,ilt_direct;ilt_v2,messe_frankfurt_exhibitor_api,,
サナダ精工（株）,www.sanadaseiko.co.jp,sanadaseiko.co.jp,info-s2@sanadaseiko.co.jp,,email,A,ilt_direct,messe_frankfurt_exhibitor_api,,
SALIU /（株）ロロ,https://www.lolo-inc.co.jp,lolo-inc.co.jp,info@lolo-inc.co.jp,,email,A,ilt_direct,messe_frankfurt_exhibitor_api,,
（有）澤井織物工場,https://sawaiorimono.shop/,sawaiorimono.shop,,,none,none,ilt_direct;ilt_v2,messe_frankfurt_exhibitor_api,,
三愛繊維（株）,https://www.san-ai-sen-i.jp,san-ai-sen-i.jp,,https://www.san-ai-sen-i.jp/%E3%81%8A%E5%95%8F%E3%81%84%E5%90%88%E3%82%8F%E3%81%9B/#wpcf7-f437-p11-o1,none,B,ilt_direct;ilt_v2,messe_frankfurt_exhibitor_api,,
サンコロナ小田（株）,sunoda.co.jp/,sunoda.co.jp,recruit@sunoda.co.jp,https://sunoda.co.jp/contact/textileform/#wpcf7-f10-p185-o1,none,A,ilt_direct;ilt_v2,messe_frankfurt_exhibitor_api,,
（株）三陶,http://santo-bankoyaki.co.jp/,santo-bankoyaki.co.jp,shinra@cty-net.ne.jp,,none,A,ilt_direct;ilt_v2,messe_frankfurt_exhibitor_api,,1
サンローズ（株）,https://sunrose-group.co.jp/,sunrose-group.co.jp,info_a@sunrose-group.co.jp,https://sunrose-group.co.jp/contact/,none,A,ilt_direct;ilt_v2,messe_frankfurt_exhibitor_api,,
the cube of ef,https://www.thecubeofef.com/,thecubeofef.com,info@thecubeofef.com,,email,A,ilt_direct,messe_frankfurt_exhibitor_api,,
（公財）静岡産業振興協会,www.t-messe.or.jp,t-messe.or.jp,ietate_fair@kufusumai.co.jp,https://www.t-messe.or.jp/news_topics/?part=3&period=2,none,A,ilt_direct;ilt_v2,messe_frankfurt_exhibitor_api,,1
（株）自然社,https://shizen-sya.com,shizen-sya.com,tanino@shizensya.com,,email,A,ilt_direct,messe_frankfurt_exhibitor_api,,1
（株）正和,www.showa-inc.com,showa-inc.com,hasegawa@showa-inc.com,,email,A,ilt_direct,messe_frankfurt_exhibitor_api,,
（株）ONTOS,https://www.ontos-tokyo.com/,ontos-tokyo.com,,https://www.ontos-tokyo.com/,none,B,ilt_direct;ilt_v2,messe_frankfurt_exhibitor_api,,
（株）賞美堂本店,www.shobido-honten.com,shobido-honten.com,mail@shobido-honten.com,,email,A,ilt_direct,messe_frankfurt_exhibitor_api,,
シンインダ（株）,https://singingda.jp/,singingda.jp,info@singingda.jp,https://singingda.jp/,none,A,ilt_direct;ilt_v2,messe_frankfurt_exhibitor_api,,
新光金属（株）,www.copper100.com,copper100.com,,https://copper100.com/,none,B,ilt_direct;ilt_v2,messe_frankfurt_exhibitor_api,,
神鋼鋼線工業（株）,https://www.shinko-wire.co.jp,shinko-wire.co.jp,,https://www.shinko-wire.co.jp/cgi-bin/contact_check.cgi,none,B,ilt_direct;ilt_v2,messe_frankfurt_exhibitor_api,,
新中央工業（株）,http://www.shinchuo.co.jp/index.html,shinchuo.co.jp,eigyo@shinchuo.co.jp,,none,A,ilt_direct;ilt_v2,messe_frankfurt_exhibitor_api,,
JTC（株）,https://glassbacca.com/,glassbacca.com,sales_order@le-noble.com,,email,A,ilt_direct,messe_frankfurt_exhibitor_api,,1
（有）ジェイピーエス,https://jps-co.jp,jps-co.jp,info@jps-co.jp,https://jps-co.jp/inquiries-about-oem/#wpcf7-f126-p129-o1,none,A,ilt_direct;ilt_v2,messe_frankfurt_exhibitor_api,,
（同）GENETO GROUP,https://geneto.net,geneto.net,info@geneto.net,,email,A,ilt_direct,messe_frankfurt_exhibitor_api,,
ZINUS JAPAN（株）,https://zinus.jp,zinus.jp,,https://zinus.jp/search,none,B,ilt_direct;ilt_v2,messe_frankfurt_exhibitor_api,,
june -little closet-,https://june-littlecloset.shop/,june-littlecloset.shop,info@june-littlecloset.com,,email,A,ilt_direct,messe_frankfurt_exhibitor_api,,1
杉浦製陶（株）,www.sugy.jp,sugy.jp,tanabe@sugy.jp,,email,A,ilt_direct,messe_frankfurt_exhibitor_api,,
（有）スクウェア,https://aizu361.com/,aizu361.com,info@square-design.jp,,email,A,ilt_direct,messe_frankfurt_exhibitor_api,,1
STUDIO TATSURO SHOJI,https://studiotatsuroshoji.com/,studiotatsuroshoji.com,info@studiotatsuroshoji.com,,none,A,ilt_direct;ilt_v2,messe_frankfurt_exhibitor_api,,
STUDIOLAST,www.studiolast.jp,studiolast.jp,info@studiolast.jp,,email,A,ilt_direct,messe_frankfurt_exhibitor_api,,
（株）スター商事,http://www.star-corp.co.jp,star-corp.co.jp,info@star-corp.co.jp,,email,A,ilt_direct,messe_frankfurt_exhibitor_api,,
須藤石材（株）,https://www.sudo-sekizai.co.jp/,sudo-sekizai.co.jp,mail@sudo-sekizai.com,https://www.sudo-sekizai.co.jp/search-cemeteries,none,A,ilt_direct;ilt_v2,messe_frankfurt_exhibitor_api,,1
厨子屋 / ALTE STYLE,https://www.zushiya.com/,zushiya.com,zushiya@m-alte.com,,email,A,ilt_direct,messe_frankfurt_exhibitor_api,,1
（株）ズームティー,https://www.betta.co.jp/,betta.co.jp,,https://betta.jp/localization,none,B,ilt_direct;ilt_v2,messe_frankfurt_exhibitor_api,,
（有）製作工房武田,http://www.c-takeda.com/,c-takeda.com,,https://www.c-takeda.com/contact#wpcf7-f20-p21-o1,none,B,ilt_direct;ilt_v2,messe_frankfurt_exhibitor_api,,
（株）関家具,https://www.sekikagu.co.jp/,sekikagu.co.jp,lcatterton@kekstcnc.com,https://www.sekikagu.co.jp/app/wp-login.php?action=postpass,none,A,ilt_direct;ilt_v2,messe_frankfurt_exhibitor_api,,1
（株）石木花,https://www.sekibokka.jp,sekibokka.jp,,https://www.sekibokka.jp/_mfp/mailformpro/mailformpro.cgi,none,B,ilt_direct;ilt_v2,messe_frankfurt_exhibitor_api,,
THEYKNOW（ゼイノウ）,https://theyknow.jp/,theyknow.jp,info@theyknow.jp,,email,A,ilt_direct,messe_frankfurt_exhibitor_api,,
Zen Craftworks / （株）DaiLY UP,https://dailyup.co.jp/,dailyup.co.jp,hayato.miyabori@dailyup.co.jp,,email,A,ilt_direct,messe_frankfurt_exhibitor_api,,
soil（株）,www.soil-isurugi.jp,soil-isurugi.jp,soil@k-isurugi.co.jp,,email,A,ilt_direct,messe_frankfurt_exhibitor_api,,1
装飾ガラスデザイン研究所/（株）中日ステンドアート,https://lab.studio-csa.com/,lab.studio-csa.com,kurihara@studio-csa.com,,email,A,ilt_direct,messe_frankfurt_exhibitor_api,,1
TINYL（株）,www.tinyl.co.jp,tinyl.co.jp,support@tinyl.co.jp,https://www.tinyl.co.jp/contact#newsletter-sections--18818601386181__newsletter-popup,none,A,ilt_direct;ilt_v2,messe_frankfurt_exhibitor_api,,
（株）プレステージジャパン,www.timeandstyle.com,timeandstyle.com,milan@timeanstyle.com,https://www.timeandstyle.com,none,A,ilt_direct;ilt_v2,messe_frankfurt_exhibitor_api,,1
高桑金属（株）,http://www.elfin-takakuwa.co.jp/,elfin-takakuwa.co.jp,takakuwa@elfin-takakuwa.co.jp,,email,A,ilt_direct,messe_frankfurt_exhibitor_api,,
（株）タカタレムノス,www.lemnos.jp,lemnos.jp,,https://www.lemnos.jp/support/warranty-repair/contact/,none,B,ilt_direct;ilt_v2,messe_frankfurt_exhibitor_api,,
（株）高畑,https://www.chair-up.co.jp/,chair-up.co.jp,takahata@chair-up.co.jp,https://www.chair-up.co.jp/,none,A,ilt_direct;ilt_v2,messe_frankfurt_exhibitor_api,,
竹内陽子写真事務所,https://yokotakeuchi.com/,yokotakeuchi.com,info@yokotakeuchi.com,,email,A,ilt_direct,messe_frankfurt_exhibitor_api,,
（株）竹中,takenaka-foodware.jp,takenaka-foodware.jp,information@takenaka-foodware.jp,https://takenaka-foodware.jp/contact/#wpcf7-f9-p11-o1,none,A,ilt_direct;ilt_v2,messe_frankfurt_exhibitor_api,,
（株）タダホールディングス,https://tada-plastics.co.jp/,tada-plastics.co.jp,,https://tada-plastics.co.jp/contact/#wpcf7-f27-p20-o1,none,B,ilt_direct;ilt_v2,messe_frankfurt_exhibitor_api,,
龍野コルク工業（株）,https://b-ooshimaya.jp/,b-ooshimaya.jp,tsuji@tatsuno-cork.co.jp,,email,A,ilt_direct,messe_frankfurt_exhibitor_api,,1
WandP（株）/ LinenMe,www.wandp.co.jp,wandp.co.jp,otsuka@wandp.co.jp,,email,A,ilt_direct,messe_frankfurt_exhibitor_api,,
（株）HEP,http://hep-grace.com,hep-grace.com,hep@hep-grace.com,,none,A,ilt_direct;ilt_v2,messe_frankfurt_exhibitor_api,,
CHIKIRI PROJECT/G.D.inc.(株)・金井大道具(株),https://chikiri-project.com/,chikiri-project.com,info@chikiri-project.com,https://chikiri-project.com/localization,none,A,ilt_direct;ilt_v2,messe_frankfurt_exhibitor_api,,
（株）ZKI design,https://zki-design.com,zki-design.com,,https://zki-design.com/wp-admin/admin-ajax.php?nonce=&action=brizy_submit_form,none,B,ilt_direct;ilt_v2,messe_frankfurt_exhibitor_api,,
（同）ツバキラボ,https://tsubakilab.jp/,tsubakilab.jp,hello@tsubakilab.jp,,email,A,ilt_direct,messe_frankfurt_exhibitor_api,,
（公財）燕三条地場産業振興センター,http://www.tsjiba.or.jp,tsjiba.or.jp,brand@tsjiba.or.jp,,email,A,ilt_direct,messe_frankfurt_exhibitor_api,,
燕振興工業（株）,https://tsubame-shinko.co.jp/cutlery/,tsubame-shinko.co.jp,info@tsubame-shinko.co.jp,,email,A,ilt_direct,messe_frankfurt_exhibitor_api,,
（株）ツボエ,http://www.tsuboe.co.jp,tsuboe.co.jp,info@tsuboe.co.jp,,email,A,ilt_direct;ambiente_direct,messe_frankfurt_exhibitor_api,,
TOOLMARQ /（株）ASENSE,www.toolmarq.com,toolmarq.com,info@toolmarq.com,,email,A,ilt_direct,messe_frankfurt_exhibitor_api,,
tirami,https://www.tiramiwoodwork.com/,tiramiwoodwork.com,tirami.woodwork@gmail.com,,email,A,ilt_direct,messe_frankfurt_exhibitor_api,1,
"textiletells / Design House Kaze Co.,Ltd",https://dhkaze.com/textiletells.html,dhkaze.com,textiletells@dhkaze.com,,email,A,ilt_direct,messe_frankfurt_exhibitor_api,,
（有）寺内デザインオフィス,www.t-designoffice.co.jp,t-designoffice.co.jp,hayashi@t-designoffice.co.jp,,email,A,ilt_direct,messe_frankfurt_exhibitor_api,,
（株）テラモト tidy,www.teramoto.co.jp,teramoto.co.jp,info@tidy.tokyo,,email,A,ilt_direct,messe_frankfurt_exhibitor_api,,1
DW Home Candles / Top Scent（株）,https://www.dwhome-jp.com,dwhome-jp.com,info@topscent.jp,,email,A,ilt_direct,messe_frankfurt_exhibitor_api,,1
ディーパス（株）,https://dipas-globe.com,dipas-globe.com,info@dipas.jp,,none,A,ilt_direct;ilt_v2,messe_frankfurt_exhibitor_api,,1
design studio iti,https://iti-he.jp/,iti-he.jp,info@iti-he.jp,,email,A,ilt_direct,messe_frankfurt_exhibitor_api,,
（株）TwoTrees,https://www.two-trees.jp/,two-trees.jp,,https://two-trees.jp/localization,none,B,ilt_direct;ilt_v2,messe_frankfurt_exhibitor_api,,
（株）TO NINE,https://to-nine.com/,to-nine.com,info@to-nine.com,,email,A,ilt_direct,messe_frankfurt_exhibitor_api,,
東京ローソク製造（株）,www.tokyocandle.co.jp,tokyocandle.co.jp,tc-quest@tokyocandle.co.jp,,email,A,ilt_direct,messe_frankfurt_exhibitor_api,,
（株）富田染工芸,https://tomita-senkougi.com/,tomita-senkougi.com,tomisen@mtj.biglobe.ne.jp,,email,A,ilt_direct,messe_frankfurt_exhibitor_api,,1
THO,https://tho.official.ec/,tho.official.ec,thocandle@gmail.com,,email,A,ilt_direct,messe_frankfurt_exhibitor_api,1,
TOKYO/EAST,https://tokyoeast.theshop.jp/,tokyoeast.theshop.jp,info@studio-surume.com,,email,A,ilt_direct,messe_frankfurt_exhibitor_api,,1
（株）ドアン,www.doan.jp,doan.jp,,,none,none,ilt_direct;ilt_v2,messe_frankfurt_exhibitor_api,,
nainen /（株）Hana Plan,https://nainen-nainen.com/,nainen-nainen.com,,https://nainen-nainen.com/localization,none,B,ilt_direct;ilt_v2,messe_frankfurt_exhibitor_api,,
（株）中村製紙所,http://www.nakamurapaper.com/index.html,nakamurapaper.com,,,none,none,ilt_direct;ilt_v2,messe_frankfurt_exhibitor_api,,
中山家具（株）,www.iku-3.co.jp,iku-3.co.jp,nakayama@iku-3.co.jp,https://iku-3.co.jp/#wpcf7-f8-p103-o1,none,A,ilt_direct;ilt_v2,messe_frankfurt_exhibitor_api,,
decoráte／㈱ナビリティ,https://decorate-net.com,decorate-net.com,,https://decorate-net.com/,none,B,ilt_direct;ilt_v2,messe_frankfurt_exhibitor_api,,
スターティス（株）,https://stytice.com/,stytice.com,,https://stytice.com/contact-handler.php,none,B,ilt_direct;ilt_v2,messe_frankfurt_exhibitor_api,,
新潟精密鋳造（株）,http://niigata-cast.co.jp/,niigata-cast.co.jp,info@hirondelle.co.jp,,email,A,ilt_direct,messe_frankfurt_exhibitor_api,,1
（株）日曜社,www.nichiyosha.com,nichiyosha.com,,https://www.nichiyosha.com/index.php/contact-us/#wpcf7-f21649-p18918-o2,none,B,ilt_direct;ilt_v2,messe_frankfurt_exhibitor_api,,
（株）二ノ宮クリスタル,www.ninomiyacrystal.com,ninomiyacrystal.com,,,none,none,ilt_direct;ilt_v2,messe_frankfurt_exhibitor_api,,
（株）日本トリム,https://www.nihon-trim.co.jp/,nihon-trim.co.jp,info@nihon-trim.co.jp,,email,A,ilt_direct,messe_frankfurt_exhibitor_api,,
（株）日本ハイパイル,www.nipha.co.jp,nipha.co.jp,,,none,none,ilt_direct;ilt_v2,messe_frankfurt_exhibitor_api,,
（株）ニーディック,www.needk.com,needk.com,,,none,none,ilt_direct;ilt_v2,messe_frankfurt_exhibitor_api,,
（株）224,https://www.224porcelain.com/,224porcelain.com,,https://www.224porcelain.com/contact/#wpcf7-f449-p447-o1,none,B,ilt_direct;ilt_v2,messe_frankfurt_exhibitor_api,,
ヌシヤ（株）,https://www.nushiya.co.jp/,nushiya.co.jp,,,none,none,ilt_direct,messe_frankfurt_exhibitor_api,,
（株）ノア,https://noah-ffe.co.jp/,noah-ffe.co.jp,,,none,none,ilt_direct;ilt_v2,messe_frankfurt_exhibitor_api,,
（株）noen,https://noen.co.jp,noen.co.jp,,,none,none,ilt_direct;ilt_v2,messe_frankfurt_exhibitor_api,,
（株）ハイマウント,https://opinel.jp/,opinel.jp,contact@opinel.jp,,email,A,ilt_direct,messe_frankfurt_exhibitor_api,,
HOUSE MARTIN™,https://housemartin.base.shop,housemartin.base.shop,housemartin.japan@gmail.com,,email,A,ilt_direct,messe_frankfurt_exhibitor_api,1,
箸蔵まつかん /（株）マツ勘,https://matsukan.com,matsukan.com,info@matsukan.com,,email,A,ilt_direct,messe_frankfurt_exhibitor_api,,
Hasnicca,http://hasnicca.com,hasnicca.com,info@hasnicca.com,,email,A,ilt_direct,messe_frankfurt_exhibitor_api,,
長谷川工業（株）,https://www.hasegawa-kogyo.co.jp/,hasegawa-kogyo.co.jp,info@hasegawa-kogyo.co.jp,https://www.hasegawa-kogyo.co.jp/product/category,none,A,ilt_direct;ilt_v2,messe_frankfurt_exhibitor_api,,
八幡化成（株）,www.hachimankasei.co.jp,hachimankasei.co.jp,info@hachimankasei.co.jp,,email,A,ilt_direct;ambiente_direct,messe_frankfurt_exhibitor_api,,
HARIOランプワークファクトリー（株）,www.hario-lwf.com,hario-lwf.com,lwf-info@hario.com,https://www.hario-lwf.com/ssl/slogin/,none,A,ilt_direct;ilt_v2,messe_frankfurt_exhibitor_api,,1
Burleigh / タスマンインターナショナル（株）,www.tasman-international.com,tasman-international.com,info@tasman-inter.jp,,email,A,ilt_direct,messe_frankfurt_exhibitor_api,,1
（株）パイロットコーポレーション,https://www.pilabot.jp/,pilabot.jp,pilabot@pilot.co.jp,,email,A,ilt_direct,messe_frankfurt_exhibitor_api,,1
PARAGON,https://paragon-cf.com/,paragon-cf.com,info@paragon-cf.com,https://paragon-cf.com/localization,none,A,ilt_direct;ilt_v2,messe_frankfurt_exhibitor_api,,
HITTITE,http://hittite.jp/,hittite.jp,studiohittite03@gmail.com,,email,A,ilt_direct,messe_frankfurt_exhibitor_api,1,
日の本寝具（株）,http://www.senba-futon.com,senba-futon.com,,https://www.senba-futon.com/#wpcf7-f15-o1,none,B,ilt_direct;ilt_v2,messe_frankfurt_exhibitor_api,,
百年物語 /（公財）にいがた産業創造機構,www.nico.or.jp/hyaku/,nico.or.jp,hyaku@nico.or.jp,,email,A,ilt_direct,messe_frankfurt_exhibitor_api,,
（株）100percent,www.100per.com,100per.com,info@100per.com,,none,A,ilt_direct;ilt_v2;ambiente_direct,messe_frankfurt_exhibitor_api,,
（株）HILLOCK,https://www.landscapers.jp/,landscapers.jp,masaki_hanawa@hillock.jp,,email,A,ilt_direct,messe_frankfurt_exhibitor_api,,1
UMENODESIGN,www.umenodesign.com,umenodesign.com,umeno@umenodesign.com,,email,A,ilt_direct,messe_frankfurt_exhibitor_api,,
ビオジュエリー / コロリーダス（株）,http://coloridas.jp/,coloridas.jp,bio@coloridas.jp,,email,A,ilt_direct,messe_frankfurt_exhibitor_api,,
BijouFi / （株）ディアモン,https://bijoufi.com/,bijoufi.com,info@bijoufi.com,,email,A,ilt_direct,messe_frankfurt_exhibitor_api,,
Between black & white / fujietextile,https://www.fujie-textile.co.jp/product/index.php/search?cell003=%E3%83%86%E3%82%AD%E3%82%B9%E3%82%BF%E3%82%A4%E3%83%AB%E3%82%A2%E3%83%BC%E3%83%88&cell004=Between+black+%26+white&cell029=&price=cell039&price_from=&price_to=&cell030=&cell037=&cell036=&cell007=&cell008=,fujie-textile.co.jp,,https://www.fujie-textile.co.jp/product/index.php/search,none,B,ilt_direct;ilt_v2,messe_frankfurt_exhibitor_api,,
（株）ビー・インターナショナルグループ,https://vie-group.co.jp,vie-group.co.jp,info@vie-group.co.jp,https://vie-group.co.jp/contact/mailform/php/mailform.php,none,A,ilt_direct;ilt_v2,messe_frankfurt_exhibitor_api,,
FindIf,https://findif-shop.com/,findif-shop.com,info@evisya.co.jp,,email,A,ilt_direct,messe_frankfurt_exhibitor_api,,1
FACTORY / ファクトリー（有）,https://factstory.jp/,factstory.jp,rui_nomura@ybb.ne.jp,,email,A,ilt_direct,messe_frankfurt_exhibitor_api,,1
PHAPHIC / studio Phaphic,https://phaphic.jp/,phaphic.jp,info@phaphic.jp,,email,A,ilt_direct,messe_frankfurt_exhibitor_api,,
フィーカ（同）,https://siki-jp.net/,siki-jp.net,fika.llc.dental@gmail.com,,email,A,ilt_direct,messe_frankfurt_exhibitor_api,1,
（株）富士産業,https://www.fujisanngyo.co.jp/,fujisanngyo.co.jp,sugimoto@fujisanngyo.co.jp,,email,A,ilt_direct,messe_frankfurt_exhibitor_api,,
（株）藤山,https://fitrack.jp/,fitrack.jp,eff@fujiyama21.co.jp,https://fitrack.jp/,none,A,ilt_direct;ilt_v2,messe_frankfurt_exhibitor_api,,1
（有）藤原木工,www.f-fujiwara.co.jp/,f-fujiwara.co.jp,,https://www.f-fujiwara.co.jp/support/contact/#wpcf7-f96-p76-o1,none,B,ilt_direct;ilt_v2,messe_frankfurt_exhibitor_api,,
Flexispot Japan（株）,https://www.flexispot.jp/,flexispot.jp,business@flexispot.jp,https://www.flexispot.jp/buyer/profile/edit-profile,none,A,ilt_direct;ilt_v2,messe_frankfurt_exhibitor_api,,
（株）フロンティア,www.frontier-inc-web.com,frontier-inc-web.com,info@frontier-inc-web.com,,email,A,ilt_direct,messe_frankfurt_exhibitor_api,,
（株）フーズクリエート,https://foodscreate.jp/,foodscreate.jp,,https://docs.google.com/forms/u/0/d/e/1FAIpQLSdoRurcVmoIFQANrJvnfYfwCrqPnQ1j5rM3zNphsmHi3_5P5A/formResponse,none,B,ilt_direct;ilt_v2,messe_frankfurt_exhibitor_api,,
（同）buoy,https://www.buoy.yokohama/,buoy.yokohama,buoy@techno-labo.com,,email,A,ilt_direct;ambiente_direct,messe_frankfurt_exhibitor_api,,1
breezyblue,breezyblue.com,breezyblue.com,k-bamboo@breezyblue.com,,email,A,ilt_direct,messe_frankfurt_exhibitor_api,,
（株）ブルーム,http://www.bloom-plus.co.jp/index.html,bloom-plus.co.jp,watanabe@bloom-jp.com,,email,A,ilt_direct,messe_frankfurt_exhibitor_api,,1
PLAYWORKS（株）,https://playworks-inclusivedesign.com/,playworks-inclusivedesign.com,,https://playworks-inclusivedesign.com,none,B,ilt_direct;ilt_v2,messe_frankfurt_exhibitor_api,,
PETARI,https://petari.jp/,petari.jp,info@gmp-inc.jp,,email,A,ilt_direct,messe_frankfurt_exhibitor_api,,1
堀田カーペット（株）,www.hdc.co.jp,hdc.co.jp,info@hdc.co.jp,https://www.hdc.co.jp/contact/,none,A,ilt_direct;ilt_v2,messe_frankfurt_exhibitor_api,,
（株）ほぼ日,https://www.hobonichi.co.jp/,hobonichi.co.jp,ir@1101.com,,none,A,ilt_direct;ilt_v2,messe_frankfurt_exhibitor_api,,1
（株）ポトペリー,www.potpurri.co.jp,potpurri.co.jp,,,email,none,ilt_direct,messe_frankfurt_exhibitor_api,,
POLYFONIA STUDIO /（株）グラスルーツ,https://ciqi.co.jp/,ciqi.co.jp,sales@ciqi.co.jp,,email,A,ilt_direct,messe_frankfurt_exhibitor_api,,
PORT /（株）エフキャスト,http://portofports.net/,portofports.net,info@critiba.com,,email,A,ilt_direct,messe_frankfurt_exhibitor_api,,1
（株）マウンテック × SAKU,https://pb-sv.com/,pb-sv.com,shinji@saku-kyoto.com,,email,A,ilt_direct,messe_frankfurt_exhibitor_api,,1
MARINA & MITSUKO / （同）いちがつ,https://marina-mitsuko.com/,marina-mitsuko.com,info@ichigatsu.jp,,email,A,ilt_direct,messe_frankfurt_exhibitor_api,,1
マルニ商事（株）,http://www.art-maruni.com,art-maruni.com,info@art-maruni.com,,email,A,ilt_direct,messe_frankfurt_exhibitor_api,,
（有）丸又平野陶器店,https://m-hirano.com/,m-hirano.com,info@m-hirano.com,https://m-hirano.com/contact#wpcf7-f4-p18918-o1,none,A,ilt_direct;ilt_v2,messe_frankfurt_exhibitor_api,,
Atelier Mallet,http://atelier-mallet.com/,atelier-mallet.com,mallet-6730@kxa.biglobe.ne.jp,,email,A,ilt_direct,messe_frankfurt_exhibitor_api,,1
（有）マーズ,http://mars-inc.co.jp,mars-inc.co.jp,info@mars-inc.co.jp,,none,A,ilt_direct;ilt_v2,messe_frankfurt_exhibitor_api,,
南貿易（株）,www.minami-xmas.com,minami-xmas.com,,,none,none,ilt_direct;ilt_v2,messe_frankfurt_exhibitor_api,,
minigara,https://minigara.studio.site/,minigara.studio.site,440ka45@gmail.com,,email,A,ilt_direct,messe_frankfurt_exhibitor_api,1,
（有）宮川刷毛ブラシ製作所,https://edo-hake-brush.com/,edo-hake-brush.com,edo-hake@extra.ocn.ne.jp,,email,A,ilt_direct,messe_frankfurt_exhibitor_api,,1
（有）ミヤマ全織,miyamazensyoku.co.jp,miyamazensyoku.co.jp,info@miyamazensyoku.co.jp,https://miyamazensyoku.co.jp/contact/#wpcf7-f33-p29-o1,none,A,ilt_direct;ilt_v2,messe_frankfurt_exhibitor_api,,
"MIYAMA PLANNING CO., LTD.",www.miyama-web.co.jp,miyama-web.co.jp,info-p@miyama-web.co.jp,,email,A,ilt_direct,messe_frankfurt_exhibitor_api,,
（株）美山理研工業,https://miyamariken.co.jp,miyamariken.co.jp,info@miyamariken.co.jp,,email,A,ilt_direct,messe_frankfurt_exhibitor_api,,
（株）ミューファン,http://www.mju-func.com,mju-func.com,h.misumi@mju-func.com,,email,A,ilt_direct,messe_frankfurt_exhibitor_api,,
ミーディーオフィス（SMILER）,https://www.smilerbrand.com/,smilerbrand.com,pei@smilerbrand.com,,email,A,ilt_direct,messe_frankfurt_exhibitor_api,,
（有）武笠表具店,https://mukasa-hyouguten.jp/,mukasa-hyouguten.jp,mukasa.hyouguten@gmail.com,,email,A,ilt_direct,messe_frankfurt_exhibitor_api,1,
（株）MUSICA,www.musicahp.com,musicahp.com,sales@musicahp.com,https://www.musicahp.com/,none,A,ilt_direct;ilt_v2,messe_frankfurt_exhibitor_api,,
村田刺繍所,https://embland.com/,embland.com,embland@murata-emb.com,,email,A,ilt_direct,messe_frankfurt_exhibitor_api,,1
ムラタトモコ,https://www.tomokomurata.com,tomokomurata.com,tomokomurata51@gmail.com,,email,A,ilt_direct,messe_frankfurt_exhibitor_api,1,
"MOUSENA / miidesign Co., Ltd.",https://miidesign.jp,miidesign.jp,info@miidesign.jp,,email,A,ilt_direct,messe_frankfurt_exhibitor_api,,
MUUTS / Studio Murmur,https://muuts.theshop.jp/,muuts.theshop.jp,muuts@muuts.tokyo,,email,A,ilt_direct,messe_frankfurt_exhibitor_api,,1
モザンビーク（株）,https://mozambique.co.jp/,mozambique.co.jp,info@mozambique.co.jp,,email,A,ilt_direct,messe_frankfurt_exhibitor_api,,
（株）モンブラン,https://www.montblanc-y.co.jp/index.html,montblanc-y.co.jp,,https://www.montblanc-y.co.jp/contact/postmail,none,B,ilt_direct;ilt_v2,messe_frankfurt_exhibitor_api,,
モーダ・エン・カーサ（株）,www.modaencasa.jp,modaencasa.jp,owroom@modaencasa.co,https://www.modaencasa.jp/contact-form,none,A,ilt_direct;ilt_v2,messe_frankfurt_exhibitor_api,,1
（株）ヤマノ企画,https://yamanokikaku.jp/,yamanokikaku.jp,info@yamanokikaku.jp,,email,A,ilt_direct,messe_frankfurt_exhibitor_api,,
（株）山元眼鏡商会,https://yamamotooptical.com/,yamamotooptical.com,info@yamamotooptical.com,,email,A,ilt_direct,messe_frankfurt_exhibitor_api,,
yuha./yuha. jewelry works,https://yuha.jewelry,yuha.jewelry,yuka_takemura@yuha.jewelry,,email,A,ilt_direct,messe_frankfurt_exhibitor_api,,
夢企覚（株）,https://yumekikaku-inc.com/,yumekikaku-inc.com,y.t-yumekikaku@outlook.jp,,email,A,ilt_direct,messe_frankfurt_exhibitor_api,1,
吉川金属（株）,https://www.stainless-steel.jp/,stainless-steel.jp,,https://www.stainless-steel.jp/productinformation/stock/#wpcf7-f74-p33-o2,none,B,ilt_direct;ilt_v2,messe_frankfurt_exhibitor_api,,
ヨシダ工業（株）,www.yoshida-i.co.jp,yoshida-i.co.jp,,https://www.yoshida-i.co.jp/contact/contact.php,none,B,ilt_direct;ilt_v2,messe_frankfurt_exhibitor_api,,
吉田テクノワークス（株）,https://www.yoshida-tw.co.jp/,yoshida-tw.co.jp,,https://www.yoshida-tw.co.jp/contact/confirm/,none,B,ilt_direct;ilt_v2,messe_frankfurt_exhibitor_api,,
（株）米澤物産,http://www.yonezawa-bussan.jp/,yonezawa-bussan.jp,h-nishijima@yonezawa-bussan.jp,,email,A,ilt_direct,messe_frankfurt_exhibitor_api,,
よはくを,www.t-horikoshi.com,t-horikoshi.com,info@t-horikoshi.com,,email,A,ilt_direct,messe_frankfurt_exhibitor_api,,
洛中高岡屋,http://www.takaoka-kyoto.jp,takaoka-kyoto.jp,head-office@takaoka-kyoto.jp,,email,A,ilt_direct,messe_frankfurt_exhibitor_api,,
下山 はるな,https://marblingartist.com/,marblingartist.com,,,none,none,ilt_direct;ilt_v2,messe_frankfurt_exhibitor_api,,
（株）ラフィナート,https://raffinart.jp/,raffinart.jp,,https://raffinart.jp/contact-us/#wpcf7-f287-p568-o1,none,B,ilt_direct;ilt_v2,messe_frankfurt_exhibitor_api,,
la broderie AWANO Ryoko,http://awanoryoko.weebly.com/,awanoryoko.weebly.com,info@labroderie.net,,email,A,ilt_direct,messe_frankfurt_exhibitor_api,,1
（株）リアクセント,ceramika-art.jp,ceramika-art.jp,ceramika1950@reaccent.com,https://ceramika-art.jp/,none,A,ilt_direct;ilt_v2,messe_frankfurt_exhibitor_api,,1
ritual,,,,,none,none,ilt_direct,messe_frankfurt_exhibitor_api,,
Littlebyul,http://littlebyul.com,littlebyul.com,,,none,none,ilt_direct;ilt_v2,messe_frankfurt_exhibitor_api,,
リプラグ/（株）テイ･デイ･エス,https://www.replug.jp/,replug.jp,replug_online@tds-g.co.jp,https://www.replug.jp/p/search,none,A,ilt_direct;ilt_v2,messe_frankfurt_exhibitor_api,,1
Reela  -yamato-,https://shop.yamato-jp.com/,shop.yamato-jp.com,support@yamato-jp.com,https://shop.yamato-jp.com/ssl/slogin/,none,A,ilt_direct;ilt_v2,messe_frankfurt_exhibitor_api,,1
（株）LeSENT,https://lesent.theshop.jp/,lesent.theshop.jp,,https://lesent.theshop.jp/search,none,B,ilt_direct;ilt_v2,messe_frankfurt_exhibitor_api,,
LOOM&SPOOL/Lesbutte/cometrue,https://loomandspool.com,loomandspool.com,info@loomandspool.com,https://loomandspool.com/search,none,A,ilt_direct;ilt_v2,messe_frankfurt_exhibitor_api,,
LES TOILES DU SOLEIL/（株）LTDS Japon,https://lestoilesdusoleil.jp/,lestoilesdusoleil.jp,info.tokyo@ltds.jp,,email,A,ilt_direct,messe_frankfurt_exhibitor_api,,1
（株）レビュート,https://lesbutte.com/,lesbutte.com,info@lesbutte.com,,email,A,ilt_direct,messe_frankfurt_exhibitor_api,,
reminiscence,https://reminiscence-trunk.com,reminiscence-trunk.com,reminiscence@trunk-co.jp,,email,A,ilt_direct,messe_frankfurt_exhibitor_api,,1
（株）ワイヤードビーンズ,https://www.wiredbeans.co.jp/index.html,wiredbeans.co.jp,info@wiredbeans.jp,,email,A,ilt_direct,messe_frankfurt_exhibitor_api,,1
（株）和田挽物,https://wada-hikimono.com/,wada-hikimono.com,wada@cd.wakwak.com,https://wada-hikimono.com/,none,A,ilt_direct;ilt_v2,messe_frankfurt_exhibitor_api,,1
（株）WA plus,https://wa-plus.com,wa-plus.com,,,none,none,ilt_direct;ilt_v2,messe_frankfurt_exhibitor_api,,
VITAL MATERIAL /（株）KINGS ROAD,https://vitalmaterial.shop-pro.jp/,vitalmaterial.shop-pro.jp,info@vitalmaterial.com,,email,A,ilt_direct,messe_frankfurt_exhibitor_api,,1
VERCE,https://vercestudio.com/,vercestudio.com,info@vercestudio.com,,email,A,ilt_direct,messe_frankfurt_exhibitor_api,,
（同）ヴィエナスノーグローブ,https://snowdome.jp/,snowdome.jp,snowdomenet@gmail.com,https://snowdome.jp/,none,A,ilt_direct;ilt_v2,messe_frankfurt_exhibitor_api,1,
"Aichi Techno Metal Fukaumi Co., Ltd.",,,,,none,none,ambiente_direct,messe_frankfurt_exhibitor_api,,
BAR JAPAN STYLE,www.jp.messefrankfurt.com/tokyo/en.html,jp.messefrankfurt.com,info@japan.messefrankfurt.com,,email,A,ambiente_direct,messe_frankfurt_exhibitor_api,,1
"B.H.P Industries Co., Ltd.",http://www.bhasin.co.jp,bhasin.co.jp,bhasin@siren.ocn.ne.jp,,email,A,ambiente_direct,messe_frankfurt_exhibitor_api,,1
"Bruno, Inc.",https://bruno-inc.com,bruno-inc.com,info@bruno-inc.com,,email,A,ambiente_direct,messe_frankfurt_exhibitor_api,,
"Daiwa Gravure Co., Ltd.",http://www.daiwagravure.co.jp/,daiwagravure.co.jp,moshacolle@daiwagr.com,,email,A,ambiente_direct,messe_frankfurt_exhibitor_api,,1
"DiGRAFT Co., Ltd.",https://digraft.com/,digraft.com,info@digraft.com,,email,A,ambiente_direct,messe_frankfurt_exhibitor_api,,
"EITAI Co., Ltd",,,,,none,none,ambiente_direct,messe_frankfurt_exhibitor_api,,
Fujiei Corporation,https://www.fujiei.co.jp,fujiei.co.jp,info@fujiei-hfs.jp,https://www.fujiei.co.jp/contact/,none,A,ambiente_direct;ambiente_v2,messe_frankfurt_exhibitor_api,,1
"Fukui Asahido Co., Ltd.",www.fukuiasahido.co.jp,fukuiasahido.co.jp,info@fukuiasahido.co.jp,,email,A,ambiente_direct,messe_frankfurt_exhibitor_api,,
Hasegawa Corporation,https://hasegawakagaku.com/,hasegawakagaku.com,thasegawa@hasegawakagaku.co.jp,,email,A,ambiente_direct,messe_frankfurt_exhibitor_api,,1
"Hokiyama Cutlery Co., Ltd.",www.hokiyama.com,hokiyama.com,info@hokiyama.com,,email,A,ambiente_direct,messe_frankfurt_exhibitor_api,,
"Interhof Co., Ltd.",tosca28.com,tosca28.com,tosca28@online.de,,email,A,ambiente_direct,messe_frankfurt_exhibitor_api,,1
"IWAKO Co., Ltd.",http://www.iwako.com/,iwako.com,k.arakawa@iwako.com,,email,A,ambiente_direct,messe_frankfurt_exhibitor_api,,
"JC Bridge Co., Ltd.",http://www.jc-bridge.co.jp/,jc-bridge.co.jp,,https://www.jc-bridge.co.jp/contact,none,B,ambiente_direct;ambiente_v2,messe_frankfurt_exhibitor_api,,
"JEJ ASTAGE Co., Ltd.",https://www.jej-astage.co.jp/,jej-astage.co.jp,,,none,none,ambiente_direct;ambiente_v2,messe_frankfurt_exhibitor_api,,
"Jewel Trading Co., Ltd.",www.jewel-japan.com,jewel-japan.com,hkowa@jewel-japan.com,,email,A,ambiente_direct,messe_frankfurt_exhibitor_api,,
"Jinsui, K.K.",https://jinsui-tokoname.com/,jinsui-tokoname.com,info@jinsui-tokoname.com,,email,A,ambiente_direct,messe_frankfurt_exhibitor_api,,
"KASHIWAYA Co., Ltd",https://kashiwaya-nagoya.com/,kashiwaya-nagoya.com,contact@kashiwaya-kamiten.com,,email,A,ambiente_direct,messe_frankfurt_exhibitor_api,,1
"KATAOKA & Co., Ltd.",,,info@kitchenkataoka.co.jp,,email,A,ambiente_direct,messe_frankfurt_exhibitor_api,,
"Kodai Co., Ltd.",https://www.kodaimokuty.co.jp/en/,kodaimokuty.co.jp,kodai-world@kodaimokuty.co.jp,,email,A,ambiente_direct,messe_frankfurt_exhibitor_api,,
"Kyowa Manufacturing Co., Ltd",www.kyowa-mfg.com,kyowa-mfg.com,yukik-ha@kyowa-mfg.com,,email,A,ambiente_direct,messe_frankfurt_exhibitor_api,,
"Like-it Co., Ltd.",https://likestore.like-it.jp/,likestore.like-it.jp,likeit_oversea@yoshikawakuni.co.jp,,email,A,ambiente_direct,messe_frankfurt_exhibitor_api,,1
"Livewell Co., Ltd.",http://www.livewell-dreamworks.com/index_en.html,livewell-dreamworks.com,oversea.livewell.spg@blue.ocn.ne.jp,,email,A,ambiente_direct,messe_frankfurt_exhibitor_api,,1
LUSCIOUZ,https://lusciouz.jp/,lusciouz.jp,lusciouz.japan@gmail.com,,email,A,ambiente_direct,messe_frankfurt_exhibitor_api,1,
"Marushin Co., Ltd",,,marushin_teameushiire@marushinkk.co.jp,,email,A,ambiente_direct,messe_frankfurt_exhibitor_api,,
Master Cutlery Corporation,https://www.global-knife.com,global-knife.com,,,none,none,ambiente_direct;ambiente_v2,messe_frankfurt_exhibitor_api,,
"Miyazaki Co., Ltd.",www.mtsco.co.jp,mtsco.co.jp,m-style@mtsco.co.jp,,email,A,ambiente_direct,messe_frankfurt_exhibitor_api,,
MUSUBI KILN,https://musubikiln.com/,musubikiln.com,h.nishigori@musubilab.com,,email,A,ambiente_direct,messe_frankfurt_exhibitor_api,,1
"Nakagawa Precision Machinery Works Co., Ltd.",https://www.shitatari.jp/en/,shitatari.jp,sales@shitatari.jp,,email,A,ambiente_direct,messe_frankfurt_exhibitor_api,,
"Naniwa Abrasive Mfg. Co., Ltd.",https://www.naniwa-abrasive.com,naniwa-abrasive.com,n.sadakane@naniwa-kenma.co.jp,,email,A,ambiente_direct,messe_frankfurt_exhibitor_api,,1
"Newsign Co., ltd",,,,,none,none,ambiente_direct,messe_frankfurt_exhibitor_api,,
"Nippon IDT Co., Ltd.",www.nidt.co.jp/en/,nidt.co.jp,info@nidt.co.jp,,email,A,ambiente_direct,messe_frankfurt_exhibitor_api,,
"NIPPON SEAL Co., Ltd.",https://nipponseal.co.jp/en,nipponseal.co.jp,trade-2024@nipponseal.co.jp,,email,A,ambiente_direct,messe_frankfurt_exhibitor_api,,
"Nonoji Co., Ltd.",https://www.nonoji.jp/,nonoji.jp,mana@yokohama-city.co.jp,,email,A,ambiente_direct,messe_frankfurt_exhibitor_api,,1
"Noritake Co., Limited",https://tablewarebrand.noritake.co.jp/en/,tablewarebrand.noritake.co.jp,ttomd1@noritake.com,,email,A,ambiente_direct,messe_frankfurt_exhibitor_api,,1
"Nozaworks Co., Ltd.",https://www.nozaworks.com,nozaworks.com,info@nozaworks.com,,email,A,ambiente_direct,messe_frankfurt_exhibitor_api,,
"Ohzawa Swords Co., Ltd.",http://www.sekiryu.co.jp,sekiryu.co.jp,ohzawa@sekiryu.co.jp,,email,A,ambiente_direct,messe_frankfurt_exhibitor_api,,
Old & New Corporation,,,s-kato@old-new.jp,,email,A,ambiente_direct,messe_frankfurt_exhibitor_api,,
"Platinum Pen Co., Ltd.",https://www.platinum-pen.co.jp/en/,platinum-pen.co.jp,operatios@platinum-pen.co.jp,,email,A,ambiente_direct,messe_frankfurt_exhibitor_api,,
Sakai City Industrial Promotion Center,,,,,none,none,ambiente_direct,messe_frankfurt_exhibitor_api,,
SEKI JAPAN,www.city.seki.lg.jp,city.seki.lg.jp,shoko@city.seki.lg.jp,,email,A,ambiente_direct,messe_frankfurt_exhibitor_api,,
"Shimoyama Co., Ltd.",https://www.shimoyamacorp.co.jp/,shimoyamacorp.co.jp,k.yamada@shimoyamacorp.co.jp,,email,A,ambiente_direct,messe_frankfurt_exhibitor_api,,
"Shinetsu Works Co., Ltd.",http://www.shin-works.co.jp/,shin-works.co.jp,info@shinetsu-works.jp,https://www.shin-works.co.jp/recruit/entry/#wpcf7-f96-p97-o1,none,A,ambiente_direct;ambiente_v2,messe_frankfurt_exhibitor_api,,1
Shoyeido Incense Co.,www.shoyeido.co.jp/english/,shoyeido.co.jp,overseas@shoyeido.co.jp,,email,A,ambiente_direct,messe_frankfurt_exhibitor_api,,
Shupatto / Marna Inc.,https://www.shupatto.com/en/,shupatto.com,manami@marna.jp,,email,A,ambiente_direct,messe_frankfurt_exhibitor_api,,1
STANDAGE INC.,https://standage.co.jp/,standage.co.jp,kariem-e@standage.co.jp,,email,A,ambiente_direct,messe_frankfurt_exhibitor_api,,
Suncraft Company Limited,www.suncraft.co.jp,suncraft.co.jp,scraft01@ruby.ocn.ne.jp,,email,A,ambiente_direct,messe_frankfurt_exhibitor_api,,1
Tajimi (Japan) Ltd.,http://nrb.life,nrb.life,tn@taj-intl.jp,,email,A,ambiente_direct,messe_frankfurt_exhibitor_api,,1
TD,www.td1945.com,td1945.com,kentaroh-tada@td1945.com,,email,A,ambiente_direct,messe_frankfurt_exhibitor_api,,
Tenma Corporation,https://www.tenmacorp.co.jp/,tenmacorp.co.jp,info@tenmagroup.jp,https://www.tenmacorp.co.jp/,none,A,ambiente_direct;ambiente_v2,messe_frankfurt_exhibitor_api,,1
"TOJIRO Co., Ltd.",https://tojiro.net/,tojiro.net,kida@tojiro-japan.co.jp,,email,A,ambiente_direct,messe_frankfurt_exhibitor_api,,1
"Tomoyasu Works Co., Ltd.",https://tomoyasu.co.jp/en,tomoyasu.co.jp,export@tomoyasu.co.jp,,email,A,ambiente_direct,messe_frankfurt_exhibitor_api,,
"Tono Toki Co., Ltd.",http://tono-toki.com/,tono-toki.com,tonotoki593131@outlook.jp,,email,A,ambiente_direct,messe_frankfurt_exhibitor_api,1,
"Toyo-Sasaki Glass Co., Ltd.",http://www.toyo.sasaki.co.jp/e/,toyo.sasaki.co.jp,ayumi_murata@toyo.sasaki.co.jp,,email,A,ambiente_direct,messe_frankfurt_exhibitor_api,,
Tsubamesanjo Regional Industries Promotion Center,https://www.tsubamesanjo-trade.com/,tsubamesanjo-trade.com,global@tsjiba.or.jp,,email,A,ambiente_direct,messe_frankfurt_exhibitor_api,,1
Vermicular,https://www.vermicular.us/,vermicular.us,support@vermicular.us,https://vermicular.activehosted.com/proc.php,none,A,ambiente_direct;ambiente_v2,messe_frankfurt_exhibitor_api,,
Yaxell Corporation,http://www.yaxell.co.jp/,yaxell.co.jp,export@yaxell.co.jp,,email,A,ambiente_direct,messe_frankfurt_exhibitor_api,,
"Yokoyama Kogyo Co., Ltd.",birdytex.com,birdytex.com,info@birdytex.com,,email,A,ambiente_direct,messe_frankfurt_exhibitor_api,,
Yoshikawa Corporation,www.yoshikawa-group.co.jp,yoshikawa-group.co.jp,ishida@yoshikawa-group.co.jp,,email,A,ambiente_direct,messe_frankfurt_exhibitor_api,,
Yotsukawa Seisakusho Ltd.,https://www.kuon-life.com,kuon-life.com,,,email,none,ambiente_direct,messe_frankfurt_exhibitor_api,,
"ZASA Co., Ltd.",,,,,none,none,ambiente_direct,messe_frankfurt_exhibitor_api,,
Zero Japan Inc.,www.zerojapan.info,zerojapan.info,zero@zerojapan.info,,email,A,ambiente_direct,messe_frankfurt_exhibitor_api,,
舘 タテグ工芸,https://innovation-net-aomori.ina.pref.aomori.lg.jp/portal/company/%E8%88%98%E3%82%BF%E3%83%86%E3%82%B0%E5%B7%A5%E8%8A%B8/,innovation-net-aomori.ina.pref.aomori.lg.jp,tategu@hyper.ocn.ne.jp,https://innovation-net-aomori.ina.pref.aomori.lg.jp/portal/sitesearch.php,both,A,minkougei_v3,https://innovation-net-aomori.ina.pref.aomori.lg.jp/portal/company/%E8%88%98%E3%82%BF%E3%83%86%E3%82%B0%E5%B7%A5%E8%8A%B8/,,1
広瀬創作工芸,https://www.kyoto-kankou.or.jp/info_search/7945,kyoto-kankou.or.jp,kyoto.education.trip@kyoto-kankou.or.jp,https://www.kyoto-kankou.or.jp/myplan/favorite_spots,both,A,minkougei_v3,https://www.kyoto-kankou.or.jp/info_search/7945,,
㈲スタッフ・㈱POTATO,https://employment.en-japan.com/desc_1428194/,employment.en-japan.com,info@employment.en-japan.com,https://employment.en-japan.com/desc_1428194/,both,A,minkougei_v3,https://employment.en-japan.com/desc_1428194/,,
㈱柳瀬,https://yanase-saving.com/,yanase-saving.com,,https://yanase-saving.com/contact-sample/,form,B,minkougei_v3,https://yanase-saving.com/,,
安藤畳店,https://www.andotatami.jp/,andotatami.jp,,https://www.andotatami.jp/contact/mailformpro/mailformpro.cgi,form,B,minkougei_v3,https://www.andotatami.jp/,,
㈲つきや工房,https://sayakobo.com/?srsltid=AfmBOoqUD8yK_js5KX1903mKkWjjdrIgAvYI3ipoNPGuneT6ETgaPkjY,sayakobo.com,,https://sayakobo.com/,form,B,minkougei_v3,https://sayakobo.com/?srsltid=AfmBOoqUD8yK_js5KX1903mKkWjjdrIgAvYI3ipoNPGuneT6ETgaPkjY,,
㈱沖縄ゴールデンファーム,https://www.e-uchina.net/fudosan_kaisha/7508,e-uchina.net,,https://www.e-uchina.net/login,form,B,minkougei_v3,https://www.e-uchina.net/fudosan_kaisha/7508,,
タイヨウネクタイ㈱,https://taiyo-kyoto.com/,taiyo-kyoto.com,taiyo-tie@clock.ocn.ne.jp,https://taiyo-kyoto.com/CART/wish_member.php,both,A,minkougei_v3,https://taiyo-kyoto.com/,,1
㈱和泉利器製作所,https://brand.sakai-tohji.co.jp/,brand.sakai-tohji.co.jp,,https://brand.sakai-tohji.co.jp/contact/#contact,form,B,minkougei_v3,https://brand.sakai-tohji.co.jp/,,
散歩の途中,https://www.ntv.co.jp/burari/,ntv.co.jp,,,none,none,minkougei_v3,https://www.ntv.co.jp/burari/,,
福知山市 やくの木と漆の館,https://www.city.fukuchiyama.lg.jp/soshiki/64/13903.html,city.fukuchiyama.lg.jp,,https://www.city.fukuchiyama.lg.jp/search.html,form,B,minkougei_v3,https://www.city.fukuchiyama.lg.jp/soshiki/64/13903.html,,
橋本修治商店,https://kinuasobi.net/,kinuasobi.net,postmaster@kinuasobi.net,https://kinuasobi.net/,both,A,minkougei_v3,https://kinuasobi.net/,,
越前焼工業協同組合,https://www.echizenyaki.com/,echizenyaki.com,welcome@echizenyaki.com,https://www.echizenyaki.com/news/detail.php,both,A,minkougei_v3,https://www.echizenyaki.com/,,
吉岡ロゴテック,https://www.logotec.jp/,logotec.jp,,https://www.logotec.jp/contactform/#wpcf7-f26-o1,form,B,minkougei_v3,https://www.logotec.jp/,,
㈱やまひで,https://www.menya-yamahide-honten.com/,menya-yamahide-honten.com,,https://www.menya-yamahide-honten.com/,form,B,minkougei_v3,https://www.menya-yamahide-honten.com/,,
㈲木阪賞文堂,https://sirakabe.com/about/,sirakabe.com,info@sirakabe.com,https://sirakabe.com/contact/#wpcf7-f20-p210-o1,both,A,minkougei_v3,https://sirakabe.com/about/,,
花森商店,https://hanamorishoten.com/,hanamorishoten.com,,https://hanamorishoten.com/contact/#wpcf7-f22-p8-o1,form,B,minkougei_v3,https://hanamorishoten.com/,,
